Name,Teams Played In,Number of Maps Played,Number of Rounds Played,Kill Death Difference,K/D Ratio,HLTV Rating
ZywOo,"'Vitality', 'aAa'",985,25890,+5999,1.38,1.27
s1mple,'Natus Vincere',1544,40788,+8916,1.34,1.25
sh1ro,"'Gambit Youngsters', 'Gambit'",853,22639,+5372,1.45,1.22
deko,'1WIN',382,10313,+2270,1.38,1.22
saffee,"'FURIA', 'paiN'",374,9873,+1936,1.32,1.21
Kaze,"'ViCi', 'Flash', 'MVP.karnal'",835,21806,+4143,1.32,1.19
degster,"'Spirit', 'Espada'",675,17974,+3316,1.31,1.19
smooya,"'BIG', 'Movistar Riders', 'Epsilon'",861,22775,+3775,1.27,1.18
sterling,"'Looking For Org', 'AVANT', 'Dire Wolves'",845,21645,+3960,1.31,1.17
XANTARES,"'Eternal Fire', 'Space Soldiers', 'BIG'",1734,45617,+6183,1.20,1.17
torzsi,"'MOUZ', 'Budapest Five', 'MOUZ NXT', 'Salamander'",428,11450,+1822,1.26,1.17
DANK1NG,"'TYLOO', 'EHOME'",374,9935,+1597,1.25,1.16
device,"'Astralis', 'TSM'",1793,46666,+7208,1.25,1.16
SENSEi,"'Run or Die', 'CR4ZY', 'Project X', 'Akuma'",427,11298,+2090,1.33,1.16
NiKo,"'G2', 'FaZe', 'MOUZ'",1610,42813,+5475,1.19,1.16
BnTeT,"'TYLOO', 'Gen.G', 'EXTREMUM'",1016,26493,+3841,1.23,1.15
coldzera,"'SK', 'FaZe', 'Luminosity', 'MIBR'",1410,36822,+5672,1.25,1.15
XigN,"'NKT', 'MVP PK', 'MVP Project'",705,18249,+2434,1.20,1.15
blameF,"'Astralis', 'Complexity', 'Heroic', 'Epsilon'",841,22506,+3488,1.26,1.15
Sico,"'Renegades', 'Grayhound', 'ORDER', 'Kings'",892,22621,+3761,1.28,1.15
KSCERATO,'FURIA',900,23380,+3732,1.28,1.15
Benkai,"'BOOT-d[S]', 'BOOT', 'dream[S]cape'",603,15560,+2046,1.20,1.14
XELLOW,'Nexus',1061,27848,+3273,1.18,1.14
Jame,"'AVANGAR', 'Virtus.pro'",1166,30922,+5208,1.31,1.13
Texta,"'Chiefs', 'Athletico', 'Dark Sided'",625,15713,+1750,1.16,1.13
mhL,"'MOUZ NXT', 'AGO'",458,12268,+1592,1.20,1.13
El1an,"'Entropiq', 'Winstrike', 'EPG'",1264,33705,+4695,1.23,1.13
oskar,"'MOUZ', 'SINNERS', 'HellRaisers'",1458,38450,+4848,1.20,1.13
kennyS,"'G2', 'Envy', 'Titan'",1852,48898,+6331,1.21,1.13
frozen,"'MOUZ', 'eXtatus'",1168,30540,+3450,1.17,1.13
mantuu,"'OG', 'ALTERNATE aTTaX', 'PANTHERS'",682,18286,+2345,1.21,1.12
huNter-,"'G2', 'Valiance', 'Binary Dragons'",1447,38234,+4170,1.16,1.12
yuurih,'FURIA',992,25849,+3125,1.19,1.12
Freeman,"'ViCi', 'TYLOO'",754,19211,+2195,1.18,1.12
erkaSt,"'Grayhound', 'TIGER', 'Immunity'",859,22286,+2504,1.17,1.12
chelleos,"'Paradox', 'Rooster', 'madlikewizards'",559,14429,+1455,1.15,1.12
vsm,"'00NATION', 'DETONA'",533,14130,+1485,1.16,1.12
woxic,"'Eternal Fire', 'HellRaisers', 'MOUZ', 'DarkPassage'",1140,29863,+3729,1.20,1.12
INS,"'Renegades', 'Chiefs', 'ORDER', 'Tainted Minds'",936,23751,+2625,1.17,1.12
liTTle,"'forZe', 'RuSh3D', 'Spartak', 'Enso'",458,12159,+1550,1.20,1.12
ropz,'MOUZ',1103,29169,+3689,1.21,1.12
dream3r,"'SKADE', 'E-frag.net', 'Fiend'",1241,32478,+4209,1.21,1.12
kNgV-,"'MIBR', 'INTZ'",827,21606,+2406,1.17,1.12
Jamppi,"'SJ', 'ENCE'",503,13449,+1408,1.16,1.12
wrath,"'New Identity', 'Secret Club', 'BlackOut'",525,13568,+1239,1.13,1.12
xsepower,"'K23', 'forZe'",1223,32796,+4578,1.24,1.12
PTC,"'Lucid Dream', '5POWER'",476,12393,+1408,1.18,1.11
GuardiaN,"'Natus Vincere', 'FaZe'",1568,41069,+4811,1.19,1.11
splashske,"'BOOT-d[S]', 'HZ', 'BOOT', 'dream[S]cape'",722,18651,+1811,1.15,1.11
Twistzz,"'FaZe', 'Liquid'",1349,35423,+3891,1.18,1.11
oSee,"'Extra Salt', 'Singularity', 'Cloud9'",1079,27999,+3355,1.19,1.11
NEOFRAG,'SINNERS',648,17364,+1550,1.13,1.11
dgt,'9z',407,10750,+1321,1.20,1.11
ottoNd,"'HAVU', 'Valiance', 'CR4ZY', 'c0ntact'",855,22591,+2642,1.19,1.11
zorte,"'forZe', 'Unique'",694,18479,+2228,1.20,1.11
FREDDyFROG,"'Chaos', 'Red Reserve', 'Apeks', 'Japaleno', 'Galaxy Racer'",1207,32156,+3616,1.18,1.11
Brehze,"'Evil Geniuses', 'NRG'",1164,30296,+2781,1.14,1.10
TenZ,"'Bad News Bears', 'ATK'",401,10399,+839,1.12,1.10
f0rest,"'Dignitas', 'NIP'",2083,54162,+5669,1.16,1.10
CeRq,"'Evil Geniuses', 'NRG', 'Outlaws'",1199,31114,+3425,1.18,1.10
Infinite,'Party Astronauts',812,21189,+1971,1.14,1.10
Olivia,"'Beyond', 'Alpha Red', 'Signature'",634,16189,+1565,1.15,1.10
poizon,"'Complexity', 'Windigo', 'Bpro'",1101,29160,+2855,1.15,1.10
mertz,"'North Academy', 'Heroic', 'North', 'Nordavind', 'Singularity'",955,25333,+2594,1.16,1.10
ekul,"'Paradox', 'SYF'",449,11608,+1003,1.13,1.10
WARDELL,"'Ghost', ""Bee's Money Crew"", 'Orgless'",609,15901,+1648,1.17,1.10
dumau,"'GODSENT', 'Yeah'",439,11641,+1322,1.18,1.10
nawwk,"'Apeks', 'GamerLegion', 'NIP', 'x6tence Galaxy'",857,22861,+2645,1.19,1.10
swag,"'Swole Patrol', 'Torqued', 'iBUYPOWER', 'Lazarus'",556,14447,+1629,1.18,1.10
HEN1,"'Immortals', 'FURIA', 'Luminosity'",1083,28128,+3490,1.21,1.10
mir,"'Spirit', 'Vega Squadron', 'Gambit'",980,25665,+2534,1.15,1.10
h4rn,"'FATE', 'Fiend'",511,13616,+1525,1.18,1.10
aliStair,"'Renegades', 'ORDER', 'Chiefs'",1047,26607,+2823,1.17,1.10
Ax1Le,"'Gambit Youngsters', 'Gambit'",926,24557,+2461,1.16,1.10
Spinx,"'ENCE', 'c0ntact'",423,11206,+1031,1.14,1.10
moose,"'eUnited', 'Rise Nation'",752,19559,+1975,1.16,1.10
nython,"'paiN', 'RED Canids', 'Paquetá'",490,13082,+1308,1.15,1.10
Calyx,"'Eternal Fire', 'Space Soldiers', 'DarkPassage'",1075,28035,+2864,1.16,1.10
xccurate,"'TYLOO', 'Recca', 'BTRG', 'NKT'",698,18113,+1724,1.15,1.09
mixwell,"'OpTic', 'Movistar Riders'",840,21804,+1911,1.13,1.09
PwnAlone,"'Party Astronauts', 'New England Whalers', 'High Coast'",901,23484,+2283,1.15,1.09
hades,"'ENCE', 'Wisla Krakow'",572,15337,+1701,1.18,1.09
allu,"'ENCE', 'NIP', 'FaZe'",1610,42162,+4305,1.16,1.09
electroNic,"'Natus Vincere', 'FlipSid3'",1291,34076,+3033,1.14,1.09
lollipop21k,"'Nemiga', 'GoodJob'",1156,30907,+2500,1.12,1.09
syrsoN,"'BIG', 'ALTERNATE aTTaX', 'Sprout'",1694,44968,+4514,1.16,1.09
GeT_RiGhT,'NIP',1745,45030,+4298,1.15,1.09
floppy,"'Cloud9', 'Singularity'",796,20906,+1729,1.13,1.09
JUGi,"'Heroic', 'OpTic', 'Tricked', 'North'",940,24427,+2676,1.18,1.09
dexter,"'MOUZ', 'Grayhound', 'Renegades'",956,24578,+2061,1.13,1.09
Farlig,"'Copenhagen Flames', 'FunPlus Phoenix', 'GODSENT'",688,18382,+1797,1.16,1.09
cynic,"'Gaimin Gladiators', 'Party Astronauts', 'Triumph'",639,16567,+1604,1.15,1.09
Cooper,"'Swole Patrol', 'eUnited', 'Triumph'",754,19536,+1965,1.16,1.09
gas,"'Wings Up', 'LGD', 'EDG', 'Aster'",446,11650,+718,1.09,1.09
Sonic,"'Bravado', 'Extra Salt', 'Cloud9'",940,24238,+2217,1.14,1.09
zehN,"'GODSENT', 'HAVU', 'PENTA', 'FunPlus Phoenix'",1073,28305,+2384,1.13,1.09
JOTA,"'MIBR', 'Bravos', 'Keyd', 'Santos'",395,10285,+952,1.14,1.09
ZOREE,"'HAVU', 'iGame.com', 'SJ'",1656,43985,+4449,1.16,1.09
NAF,"'Liquid', 'OpTic'",1555,40791,+3988,1.16,1.09
ryx,"'Echo Fox', 'Splyce', 'Ghost', 'Dignitas', 'Tempo Storm', 'Conquest'",491,12856,+1181,1.14,1.09
mezii,"'fnatic', 'Endpoint', 'GamerLegion', 'Cloud9', 'Vexed'",500,13551,+1240,1.14,1.09
BL1TZ,"'Chiefs', 'Legacy', 'AVANT', 'Funky Monkeys'",732,18819,+1628,1.13,1.09
biguzera,'paiN',588,15659,+1495,1.15,1.09
ScreaM,"'Envy', 'G2', 'Titan', 'VeryGames'",1430,37087,+3105,1.13,1.09
dennyslaw,'SKADE',1129,30375,+2805,1.14,1.09
EliGE,'Liquid',1594,41743,+2992,1.10,1.09
HaZR,"'Looking For Org', 'AVANT', 'Breakaway', 'Dire Wolves'",768,19641,+1318,1.10,1.09
faveN,"'Sprout', 'EURONICS'",1321,35296,+3092,1.13,1.09
nex,"'BIG', 'MOUZ'",1074,28389,+2435,1.13,1.09
fer,"'SK', 'MIBR', 'Luminosity'",1411,36818,+2811,1.11,1.09
valde,"'North', 'OG', 'Heroic'",1230,32676,+2826,1.13,1.09
k0nfig,"'Dignitas', 'OpTic', 'Complexity', 'North'",1519,40207,+2491,1.09,1.08
nukkye,"'Imperial', 'HellRaisers', 'NoChance'",592,15492,+1330,1.13,1.08
Attacker,"'TYLOO', 'Flash'",1244,32013,+2709,1.13,1.08
dupreeh,"'Astralis', 'TSM'",1918,49949,+4350,1.13,1.08
Magisk,"'Astralis', 'SK', 'Dignitas'",1376,36221,+3232,1.14,1.08
exit,"'MIBR', 'Sharks'",704,18107,+1857,1.17,1.08
Savage,"'VG.CyberZen', 'ViCi', 'CyberZen', '5POWER'",836,21434,+1926,1.14,1.08
Machinegun,"'TheMongolz', 'Mazaalai', 'Splyce'",421,10714,+671,1.09,1.08
DJOXiC,"'Binary Dragons', 'iNation', 'Valiance'",489,12531,+1204,1.15,1.08
Detrony,'Bravado',412,10449,+862,1.13,1.08
Summer,"'TYLOO', 'Flash'",1251,32235,+2836,1.14,1.08
junior,"'Complexity', 'Triumph', 'Bad News Bears', 'FURIA'",468,12247,+1307,1.18,1.08
keev,"'ALTERNATE aTTaX', 'BIG', 'KILLERFISH'",594,15524,+1217,1.12,1.08
felps,"'SK', 'GODSENT', 'Immortals', 'Tempo Storm'",998,25554,+1601,1.09,1.08
draken,"'Epsilon', 'NIP', 'Red Reserve'",1093,28857,+2660,1.15,1.08
sergej,"'GORILLAZ', 'ENCE', 'HAVU'",776,20425,+1816,1.14,1.08
Hatz,"'Renegades', 'ORDER', 'Kings'",937,23862,+2023,1.13,1.08
pz,"'VERTEX', 'TRUCKERS WITH ATTITUDE', 'Airborne'",426,11132,+949,1.14,1.08
ShahZaM,"'Complexity', 'Misfits', 'Echo Fox', 'Conquest', 'OpTic'",966,25252,+2058,1.13,1.08
jayzaR,"'Valiance', 'Enyoy'",525,13870,+953,1.10,1.08
MICHU,"'Virtus.pro', 'Kinguin', 'CSGL'",1732,45397,+3065,1.10,1.08
Ryxxo,"'Tricked', 'Singularity'",835,21960,+1885,1.14,1.08
FL1T,'forZe',1226,33074,+2748,1.13,1.08
hAdji,"'LDLC', 'EnVyUs Academy', '3DMAX'",1130,29823,+2256,1.11,1.08
Rickeh,"'ORDER', 'CLG', 'Rogue', 'Renegades'",948,24829,+2351,1.15,1.07
slaxz-,"'Sprout', 'ALTERNATE aTTaX'",861,23253,+2021,1.14,1.07
ptr,"'Bad News Bears', 'NRG', 'Complexity'",1132,29624,+2697,1.15,1.07
Impulse,"'Valiance', 'ONYX', 'lvlUP', 'RESISTANCE'",766,20371,+1598,1.12,1.07
nicoodoz,'Copenhagen Flames',708,19019,+1761,1.15,1.07
dapr,'eUnited',594,15426,+1002,1.10,1.07
YEKINDAR,"'pro100', 'Virtus.pro', 'EPG'",1091,28988,+1460,1.07,1.07
NaToSaphiX,"'Sprout', 'Nordavind'",948,25338,+2439,1.16,1.07
meyern,"'Furious', 'MIBR', 'Isurus', 'Sharks'",429,11185,+715,1.10,1.07
Liazz,"'Renegades', 'ORDER', '100 Thieves', 'Kings', 'Athletico', 'EXTREMUM'",968,24980,+2089,1.14,1.07
iDISBALANCE,"'Nemiga', 'Spirit'",858,22715,+2041,1.14,1.07
autimatic,"'Cloud9', 'Gen.G'",1166,30439,+2245,1.11,1.07
shox,"'G2', 'Vitality', 'Envy'",2011,52739,+3791,1.11,1.07
trk,"'TeamOne', 'MIBR'",798,20906,+1520,1.11,1.07
fejtZ,"'SMASH', 'ArchAngels'",737,19556,+1351,1.10,1.07
jks,"'Renegades', 'Complexity', '100 Thieves'",1183,30912,+2347,1.12,1.07
dycha,"'ENCE', 'Sprout', 'Aristocracy'",783,20961,+1286,1.09,1.07
smike,"""spray'n'pray"", 'pro100', 'ACG', 'eXplosive', 'k1ck'",480,12461,+655,1.08,1.07
NikoM,"'TeamOne', 'Isurus', 'DETONA'",475,12189,+864,1.11,1.07
hallzerk,"'Dignitas', 'Nordavind'",746,20275,+1405,1.11,1.07
xand,"'INTZ', 'Yeah'",515,13210,+875,1.10,1.07
paz,"'Space Soldiers', 'Sangal'",1068,27990,+1998,1.11,1.07
CRUC1AL,"'Endpoint', 'Epsilon'",1461,38299,+2796,1.11,1.07
InfrequeNt,"'Athletico', 'Tainted Minds', 'Chiefs'",479,12350,+920,1.11,1.07
EspiranTo,"'Imperial', 'Valiance', 'CR4ZY', 'c0ntact'",871,22800,+1316,1.08,1.07
boltz,"'Immortals', 'Luminosity', 'SK', 'MIBR'",1279,33305,+2631,1.12,1.07
HObbit,"'Gambit', 'Winstrike'",1153,30411,+2217,1.11,1.07
WorldEdit,"'FlipSid3', 'pro100', 'Winstrike'",1328,34716,+2476,1.11,1.07
QKA,"'5POWER', 'UYA', 'BOOT'",402,10409,+702,1.10,1.07
hardzao,"'paiN', 'DETONA'",668,17570,+1493,1.14,1.07
fame,"'K23', 'SG.pro'",495,13219,+870,1.10,1.07
somebody,'TYLOO',1253,32437,+2141,1.10,1.07
broky,"'FaZe', 'Epsilon'",669,17849,+1546,1.14,1.07
FalleN,"'SK', 'MIBR', 'Luminosity'",1558,40764,+3694,1.15,1.07
Brollan,"'fnatic', 'GODSENT'",977,25955,+1514,1.09,1.07
anarkez,"'Finest', 'Secret'",670,17956,+1244,1.11,1.07
shroud,'Cloud9',676,17460,+1311,1.12,1.07
Pimp,"'Dignitas', 'SK', 'Liquid', 'CPH Wolves'",976,25052,+2016,1.13,1.07
shz,"'Luminosity', 'Imperial', 'MIBR', 'INTZ', 'BOOM'",794,20588,+1444,1.11,1.07
DD,"'TYLOO', 'OneThree'",913,23620,+1521,1.10,1.07
NikkeZ,"'Ground Zero', 'Athletico', 'Legacy'",399,10276,+556,1.08,1.06
chelo,"'MIBR', 'INTZ', 'Luminosity'",880,22771,+1409,1.09,1.06
snatchie,"'AGO', 'Virtus.pro', 'Sprout'",1557,41766,+2469,1.09,1.06
zhokiNg,"'ViCi', 'VG.CyberZen'",1209,30839,+1481,1.07,1.06
b1t,"'Natus Vincere', 'NAVI Junior'",432,11477,+861,1.12,1.06
roeJ,"'Copenhagen Flames', 'MAD Lions', 'Tricked'",877,23164,+1371,1.09,1.06
ofnu,"'Tainted Minds', 'Chiefs', 'AVANT', 'Winterfox'",852,21778,+1380,1.10,1.06
AnJ,"'NRG', 'Singularity', 'Tricked'",403,10503,+763,1.11,1.06
Ethan,"'NRG', 'CLG', 'Evil Geniuses'",986,25998,+1488,1.09,1.06
Happy,"'Envy', 'LDLC'",1464,37933,+2745,1.11,1.06
acoR,"'Tricked', 'North Academy', 'MAD Lions', 'MOUZ'",1057,27637,+1982,1.11,1.06
flying,'Invictus',402,10750,+555,1.08,1.06
SHiPZ,"'SKADE', 'Windigo'",1653,44052,+2145,1.07,1.06
COLDYY1,'Spirit',947,24917,+1718,1.11,1.06
SLOWLY,"'TYLOO', 'EHOME'",523,13867,+679,1.07,1.06
Valiance,"'ORDER', 'Paradox'",646,16727,+1090,1.10,1.06
b4rtiN,"'GODSENT', 'TeamOne'",519,13592,+889,1.10,1.06
Skadoodle,'Cloud9',1047,27129,+2458,1.15,1.06
pancc,"'W7M', 'Sharks'",581,15327,+787,1.08,1.06
Maka,"'Heretics', 'LDLC', '3DMAX'",1177,31287,+2089,1.10,1.06
koosta,"'CLG', 'Ghost', 'Gen.G', 'Enemy'",977,25766,+1341,1.08,1.06
suNny,"'ENCE', 'MOUZ', 'PENTA'",1311,34560,+1609,1.07,1.06
tucks,'Chiefs',718,18208,+1227,1.10,1.06
TOR,"'Signature', 'Beyond'",452,11472,+657,1.09,1.06
olofmeister,"'fnatic', 'FaZe'",1560,40776,+2696,1.10,1.06
malbsMd,"'TeamOne', 'Infinity'",525,13434,+369,1.04,1.06
nexa,"'G2', 'Valiance', 'Imperial'",1231,32586,+2160,1.10,1.05
Gratisfaction,"'Grayhound', 'Renegades', '100 Thieves', 'Immunity', 'EXTREMUM'",897,23347,+1689,1.12,1.05
KEi,"'AVEZ', 'Anonymo', 'Sprout'",633,17036,+650,1.05,1.05
REDSTAR,"'Fiend', 'Bpro'",618,16408,+1150,1.11,1.05
Rainwaker,'SKADE',1085,29262,+1894,1.10,1.05
rallen,"'Kinguin', 'AGO'",1749,46699,+2997,1.10,1.05
bottle,"'Born Of Fire', 'Eclipse', 'Invictus', '5POWER', 'CyberZen'",768,19801,+871,1.06,1.05
ISSAA,"'HellRaisers', 'OG'",870,22834,+1402,1.09,1.05
tabseN,"'BIG', 'PENTA', 'MOUZ'",1912,50478,+1552,1.04,1.05
zeph,"'ORDER', 'Chiefs', 'Ground Zero'",555,14146,+585,1.06,1.05
Sobol,"'Wisla Krakow', 'PACT'",784,21196,+1115,1.08,1.05
iM,"'GamerLegion', 'Nexus'",766,20549,+833,1.06,1.05
JW,'fnatic',1932,50772,+2519,1.07,1.05
Ramz1kBO$$,"'Tengri', 'Syman'",425,11070,+553,1.07,1.05
HZ,"'TYLOO', 'CyberZen', 'AllGamers'",500,12856,+691,1.08,1.05
cajunb,"'North', 'TSM', 'OpTic', 'Dignitas'",1745,45680,+2884,1.10,1.05
mou,"'Gambit', 'K23', 'HellRaisers', 'Syman'",1489,39475,+2484,1.10,1.05
sdy,'Spirit',1054,27638,+1872,1.11,1.05
KRIMZ,'fnatic',1772,46627,+3043,1.10,1.05
Marcelious,"'Apeks', '777', 'NOREG'",464,12520,+627,1.08,1.05
TeSeS,"'Heroic', 'Copenhagen Flames'",812,21706,+1011,1.07,1.05
yay,"'Complexity', 'Orgless'",653,17182,+604,1.05,1.05
Grim,"'Liquid', 'Triumph', 'Dignitas', 'Spacestation'",875,23028,+746,1.05,1.05
Qikert,"'AVANGAR', 'Virtus.pro'",1246,32938,+1993,1.09,1.05
stavn,"'Heroic', 'Fragsters'",1100,29323,+1412,1.07,1.05
juanflatroo,"'BLINK', 'Secret'",544,14533,+402,1.04,1.05
SicK,"'Rogue', 'Misfits', 'TSM'",795,20701,+1040,1.07,1.05
NEEX,"'Izako Boars', 'ESC'",429,11195,+574,1.08,1.05
Aerial,"'HAVU', 'ENCE'",943,25018,+1217,1.07,1.05
loWel,"'Movistar Riders', 'PENTA', 'MOUZ'",1008,26413,+1739,1.10,1.05
Flarich,"'HellRaisers', 'pro100'",1058,28161,+1801,1.10,1.05
raafa,"'W7M', 'Keyd'",640,16832,+1092,1.10,1.05
Zellsis,"'Swole Patrol', 'Lazarus'",626,16210,+803,1.07,1.05
WolfY,"'ECSTATIC', 'Lyngby Vikings', 'Secret Club'",527,14037,+993,1.11,1.05
flusha,'fnatic',1870,49072,+2703,1.08,1.05
rommi,"'Spirit Academy', 'HOLLYWOOD', 'PLINK', '1337'",516,13467,+604,1.06,1.05
cadiaN,"'Heroic', 'Rogue', 'SK'",1455,38459,+2513,1.10,1.05
malta,"'Grayhound', 'Chiefs', 'Renegades'",989,25205,+1445,1.09,1.04
refrezh,"'Heroic', 'Fragsters', 'Copenhagen Flames', 'Tricked', 'OpTic'",966,25737,+1336,1.08,1.04
MarKE,"'Extra Salt', 'eUnited', 'Swole Patrol'",926,23830,+1348,1.09,1.04
Swahn,"'Bad News Bears', 'iNTACT', 'Detonate', 'Bushido Boyz'",374,9836,+558,1.09,1.04
Kjaerbye,"'North', 'Dignitas', 'Astralis'",1519,39947,+2110,1.08,1.04
FASHR,"'ECSTATIC', 'Lyngby Vikings', 'Defusekids'",696,18433,+658,1.05,1.04
kabal,"'5POWER', 'TheMongolz', 'TIGER'",778,20398,+1098,1.08,1.04
afro,"'HEET', 'DBL PONEY', 'LDLC'",547,14615,+806,1.09,1.04
n0rb3r7,"'K23', 'Winstrike', 'Syman'",1053,28151,+845,1.04,1.04
DavCost,"'INDE IRAE', 'Spirit', '1WIN'",1256,33101,+1861,1.09,1.04
Bwills,"'Triumph', 'Infamous'",761,19695,+920,1.07,1.04
zewsy,"'Tainted Minds', 'Chiefs', 'Winterfox'",618,15666,+667,1.06,1.04
STOMP,"'x-kom', 'Izako Boars', 'Illuminar', 'HONORIS'",809,21729,+1329,1.10,1.04
aumaN,'ViCi',874,22423,+1183,1.08,1.04
jkaem,"'Apeks', 'Renegades', 'FaZe', '100 Thieves'",1282,33822,+1102,1.05,1.04
Snakes,"'Spacestation', 'The Quest', 'SoaR'",403,10328,+461,1.07,1.04
Hiko,"'Liquid', 'Rogue'",937,24398,+1532,1.10,1.04
Geniuss,"'Signature', 'Beyond', 'Lucid Dream'",398,10155,+309,1.04,1.04
Snax,"'Virtus.pro', 'Anonymo'",2103,55469,+2796,1.08,1.04
KHTEX,"'Paquetá', 'Wild', 'Virtue'",607,15652,+890,1.09,1.04
motm,"'ATK', 'Cloud9'",920,24275,+890,1.05,1.04
Lucky,"'Tricked', 'Astralis'",434,11721,+670,1.09,1.04
HSK,"'MVP PK', 'MVP Project', 'GOSU'",540,13851,+845,1.10,1.04
Bubzkji,"'Tricked', 'Fragsters', 'MAD Lions', 'Astralis'",817,21619,+963,1.07,1.04
eraa,'GamerLegion',559,15156,+701,1.07,1.04
twist,"'GODSENT', 'fnatic', 'NIP'",1687,44685,+1754,1.06,1.04
ANDROID,"'Complexity', 'Envy'",835,21741,+1036,1.07,1.04
imoRR,"'Eternal Fire', 'Sangal', 'Royal Bandits'",612,16308,+275,1.02,1.04
LOVEYY,"'Flash', 'VG.CyberZen', 'VG.Flash'",708,17977,+699,1.06,1.04
buster,"'AVANGAR', 'Virtus.pro'",1252,33082,+1966,1.10,1.04
Lucky,"'Heretics', 'DBL PONEY', 'G2', '3DMAX'",1180,31516,+1508,1.07,1.03
Davidp,"'3DMAX', 'Heretics'",774,20539,+1009,1.08,1.03
tb,"'VG.CyberZen', 'CyberZen', 'ViCi'",619,15737,+708,1.07,1.03
TRAVIS,'1WIN',486,12942,+437,1.05,1.03
dobu,"'5POWER', 'TIGER', 'TheMongolz'",779,20403,+664,1.05,1.03
dEE,"'lvlUP', '4glory', 'Juggernauts', 'BLUEJAYS'",439,11583,+551,1.07,1.03
tarik,"'CLG', 'Evil Geniuses', 'Cloud9', 'OpTic'",1438,37326,+1316,1.05,1.03
Kntz,"'Alpha Red', 'Beyond', 'NSPR'",509,13117,+627,1.07,1.03
rAge,"'Hard Legion', 'Windigo Academy'",382,10184,+684,1.11,1.03
REZ,"'NIP', 'Epsilon'",1333,35066,+1297,1.06,1.03
JUST,"'SAW', 'OFFSET'",860,22642,+838,1.06,1.03
Maden,"'ENCE', 'GODSENT', 'FunPlus Phoenix', 'SMASH'",669,17803,+408,1.03,1.03
NK4Y,"'Outlaws', 'Bpro', 'ex-Epsilon'",480,12325,+429,1.05,1.03
USTILO,"'Renegades', 'ORDER'",1144,29584,+928,1.05,1.03
land1n,"'paiN', 'Wild', 'Case', 'BigGods'",760,19874,+1158,1.10,1.03
Subroza,"'Ghost', 'FRENCH CANADIANS', 'CLG', 'Lazarus', 'Orgless'",623,16275,+375,1.03,1.03
F1KU,'AGO',583,15876,+399,1.04,1.03
sjuush,"'Heroic', 'Tricked', 'MAD Lions'",805,21293,+929,1.07,1.03
max,"'9z', 'Isurus', 'Furious'",542,14337,+600,1.06,1.03
Lucaozy,"'Sharks', 'DETONA', 'Reapers'",390,10576,+462,1.07,1.03
DannyG,"'Rooster', 'Paradox'",377,9748,+294,1.04,1.03
yam,"'Renegades', 'Tainted Minds'",547,14003,+650,1.07,1.03
fnx,"'Imperial', 'Luminosity', 'SK', 'Immortals', 'RED Canids', 'Não Tem Como'",664,17045,+773,1.07,1.03
juho,"'ENCE', 'iGame.com'",756,19886,+248,1.02,1.03
KENSI,"'forZe', 'ex-ETHEREAL'",486,13041,+668,1.08,1.03
JonY BoY,"'Gale Force', 'Miami Flamingos', 'Furious', 'Isurus'",421,10813,+368,1.05,1.03
alex,'Movistar Riders',1265,33492,+1417,1.06,1.03
Relaxa,"'Chaos', 'Red Reserve', 'Japaleno', 'Apeks', 'Galaxy Racer'",1203,32043,+1945,1.10,1.03
fleav,"'Budapest Five', 'GameAgents'",551,14495,+343,1.03,1.03
znajder,"'GODSENT', 'fnatic', 'EURONICS'",1050,27577,+1070,1.06,1.03
DEV7L,'eXtatus',549,14256,+582,1.06,1.03
AiyvaN,"'pro100', ""spray'n'pray""",694,18045,+592,1.05,1.03
rain,'FaZe',1582,41854,+891,1.03,1.03
DiMKE,"'4glory', 'lvlUP', 'RESISTANCE', 'ONYX'",635,16721,+506,1.04,1.03
captainMo,"'TYLOO', 'OneThree'",814,20980,+617,1.04,1.03
phzy,"'Young Ninjas', 'NIP'",447,12013,+620,1.08,1.03
Thomas,'Endpoint',922,24498,+860,1.05,1.03
glowiing,"'1WIN', 'Trident', 'Cyber Legacy'",481,12795,+225,1.03,1.03
stfN,'ALTERNATE aTTaX',1349,35834,+1458,1.06,1.03
Patsi,"'Spirit', 'Espada', 'Spirit Academy'",502,13466,+290,1.03,1.03
Spargo,"'KOVA', 'hREDS'",433,11725,+380,1.05,1.03
RCF,"'Sharks', 'Yeah', 'High Coast'",644,16879,+549,1.05,1.03
kressy,"'ALTERNATE aTTaX', 'Sprout', 'EURONICS'",1102,29508,+1165,1.06,1.03
Patitek,"'Izako Boars', 'x-kom', 'VenatoreS'",377,9918,+178,1.03,1.03
shuadapai,"'5POWER', 'Eclipse'",549,14214,+492,1.05,1.03
aizy,"'North', 'Dignitas', 'FaZe'",1564,41206,+1170,1.04,1.03
FrostMisty,"'Recca', 'nxl'",376,9498,+411,1.07,1.03
Forester,"'Entropiq', 'DreamEaters', 'Hard Legion'",1171,31096,+1067,1.05,1.03
fl0m,'Mythic',657,17320,+639,1.06,1.03
RIKO,"'Monstars', 'Denial'",406,10568,+155,1.02,1.03
dennis,"'Apeks', 'fnatic', 'NIP', 'GamerLegion'",1575,41834,+1140,1.04,1.03
food,"'eUnited', 'Singularity', 'Freedom 35'",456,11711,+380,1.05,1.03
flamie,'Natus Vincere',1605,42377,+1400,1.05,1.03
cxzi,"'Triumph', 'Strife'",425,11022,+102,1.01,1.02
pashaBiceps,"'Virtus.pro', 'ESC'",1592,41228,+1019,1.04,1.02
Krad,"'Entropiq', 'DreamEaters', 'Hard Legion'",1139,30276,+722,1.04,1.02
hoody,'HAVU',575,15453,+402,1.04,1.02
FaNg,'Extra Salt',634,16523,+536,1.05,1.02
Maluk3,'TeamOne',1032,26770,+1161,1.07,1.02
CyberFocus,"'Nemiga', 'K29', 'Rebels', 'Empire'",491,12779,+320,1.04,1.02
kai,"'Bravos', 'C4', 'RED Canids'",483,12692,+415,1.05,1.02
sLowi,'HAVU',1121,30114,+834,1.04,1.02
smiley,"'Unique', '100PG', 'Se7en'",478,12883,+631,1.08,1.02
HexT,"'Carpe Diem', 'RBG'",471,12509,+322,1.04,1.02
niko,"'OG', 'Heroic', 'OpTic'",1211,32024,+1078,1.05,1.02
AMANEK,"'G2', 'LDLC', 'Misfits'",1030,27668,+1199,1.07,1.02
dragonfly,'Fragsters',507,13234,+502,1.06,1.02
szejn,"'MOUZ NXT', 'Izako Boars'",505,13478,+275,1.03,1.02
kolor,"'GameAgents', 'Budapest Five', 'EURONICS'",552,14434,+304,1.03,1.02
JDC,"'MOUZ NXT', 'expert', 'Unicorns of Love', 'PANTHERS'",471,12350,+324,1.04,1.02
HS,"'Nordavind', 'PENTA'",1062,28402,+427,1.02,1.02
NBK-,"'Envy', 'G2', 'Vitality', 'OG', 'VeryGames'",2050,53613,+1331,1.04,1.02
jdm64,"'Liquid', 'CLG', 'Envy'",823,21321,+825,1.06,1.02
Tuurtle,"'MIBR', 'DETONA', 'Bravos', 'C4'",715,18803,+478,1.04,1.02
DeStiNy,"'Luminosity', 'Paquetá', 'INTZ', 'Wild'",1051,27310,+464,1.02,1.02
bondik,"'HellRaisers', 'FlipSid3', 'Winstrike'",1454,38215,+1456,1.06,1.02
MonttY,"'eXtatus', 'eSuba'",522,13451,+338,1.04,1.02
FANAT ROCKA,"'Unique', 'Quantum Bellator Fire', 'Space Jam'",465,12150,+453,1.06,1.02
disco doplan,"'GODSENT', 'Epsilon', 'Galaxy Racer', 'Red Reserve'",1207,32000,+1094,1.05,1.02
Nico,"'Dignitas', 'CPH Wolves', 'Western Wolves'",399,10074,+547,1.09,1.02
mouz,"'Kinguin', 'Illuminar'",1698,45118,+1739,1.06,1.02
qqGOD,"'Signature', 'Beyond', 'Lucid Dream'",584,15180,+280,1.03,1.02
MoeycQ,"'Immunity', 'Chiefs', 'Ground Zero', 'AVANT'",639,16594,+410,1.04,1.02
Spongey,"'Bad News Bears', 'Triumph', 'The Quest'",782,20344,+1000,1.08,1.02
v1c7oR,"'Windigo', 'E-frag.net', 'Fiend'",1859,48493,+1212,1.04,1.02
NENO,"'Binary Dragons', 'Valiance'",651,16863,+632,1.06,1.02
Xyp9x,"'Astralis', 'TSM'",1941,50562,+2323,1.07,1.02
b0denmaster,"'ATK', 'Lilmix'",503,13448,+423,1.05,1.02
spaze,"'PiTER', 'Gambit', 'EPG'",538,14117,+89,1.01,1.02
apEX,"'Vitality', 'Envy', 'G2', 'Titan'",1968,51619,+693,1.02,1.02
Plopski,"'NIP', 'x6tence Galaxy', 'Singularity'",1004,26595,+849,1.05,1.02
mar,"'FATE', 'Finest'",724,19174,+441,1.03,1.02
Ace,"'Rise Nation', 'eUnited'",456,11866,+570,1.08,1.02
Markoś,"'AVEZ', 'Wisla Krakow'",666,17918,+799,1.07,1.02
dimasick,"'AVANGAR', 'pro100'",585,15322,+447,1.04,1.02
yel,"'Luminosity', 'INTZ', 'MIBR'",927,23986,+1043,1.07,1.02
iDk,"'TeamOne', 'Paquetá', 'Yeah'",840,21908,+539,1.04,1.02
Goofy,"'Wisla Krakow', 'PACT', 'x-kom'",1110,30021,+333,1.02,1.02
queztone,'eXtatus',709,18569,+235,1.02,1.02
ROBO,'Nemiga',667,17746,+628,1.05,1.02
steel,"'Chaos', 'Ghost', 'Torqued'",617,16290,+261,1.02,1.02
TENZKI,"'Nordavind', 'Dignitas'",1494,39305,+1336,1.05,1.02
fr0slev,"'AGF', 'Fragsters'",611,15973,+470,1.04,1.02
LETN1,"'Valiance', 'Binary Dragons', 'iNation', 'CR4ZY'",1111,28880,+1164,1.06,1.02
fox,"'Giants', 'k1ck', 'Kinguin', 'OFFSET'",1057,27606,+523,1.03,1.02
n0thing,"'Cloud9', 'Complexity'",813,21021,+484,1.03,1.02
SKYTTEN,"'Orbit', 'LGB'",382,10157,+328,1.05,1.02
roseau,"'Recca', 'nxl'",412,10376,+119,1.02,1.02
roca,"'Splyce', 'Echo Fox', 'Complexity', 'ELEVATE'",660,17324,+195,1.02,1.02
flickz,"'Chiefs', 'Athletico', 'Dark Sided'",461,11606,+357,1.05,1.02
es3tag,"'Heroic', 'Tricked'",1302,34110,+807,1.04,1.01
xCeeD,"'The Quest', 'Triumph', 'SoaR'",438,11341,+167,1.02,1.01
chrisJ,'MOUZ',1727,45400,+1085,1.04,1.01
aproto,"'CLG Academy', 'Vision', 'BlackOut'",383,10053,+85,1.01,1.01
Nodios,"'Copenhagen Flames', 'x6tence'",718,19257,+529,1.04,1.01
Jyo,'Nemiga',1165,31131,+985,1.05,1.01
bedonka,"'Paradox', 'SYF'",379,9815,+123,1.02,1.01
Zyphon,'Copenhagen Flames',415,10947,+300,1.04,1.01
Voltage,"'The Quest', 'Triumph', 'SoaR', 'Dignitas'",420,10848,+509,1.08,1.01
delboNi,"'Imperial', 'Case', 'Yeah'",519,13450,+318,1.04,1.01
Kylar,"'AVEZ', 'Anonymo'",577,15557,+315,1.03,1.01
byali,"'Virtus.pro', 'AVEZ'",1841,48359,+1333,1.04,1.01
tatazin,"'paiN', 'Wild', 'Yeah', 'BigGods'",762,19976,+995,1.08,1.01
GruBy,"'AGO', 'AGG'",1644,43738,+753,1.03,1.01
desi,"'Winterfox', 'Complexity', 'SKDC'",430,10986,+99,1.01,1.01
shokz,"'Finest', 'Movistar Riders'",610,16254,+339,1.03,1.01
b0RUP,"'Tricked', 'Heroic', 'MAD Lions'",1405,37152,+465,1.02,1.01
HUGHMUNGUS,"'Chiefs', 'Legacy', 'Genuine', 'Funky Monkeys'",743,19269,+474,1.04,1.01
PlesseN,"'Galaxy Racer', 'Chaos', 'Japaleno', 'Red Reserve', 'fnatic Academy'",1263,33840,+211,1.01,1.01
kreaz,"'Finest', 'Apeks', 'Epsilon'",700,18596,+559,1.05,1.01
Maikelele,"'NoChance', 'GODSENT'",1067,28134,+945,1.05,1.01
Lekr0,"'Dignitas', 'NIP', 'fnatic', 'GODSENT'",1302,34804,+774,1.03,1.01
mitch,"'Selfless', 'Bad News Bears', 'Dignitas', 'Riot Squad'",807,20719,+632,1.05,1.01
SHOCK,'SINNERS',675,18121,+421,1.04,1.01
hampus,"'NIP', 'GamerLegion', 'Red Reserve', 'GODSENT'",1357,36082,+243,1.01,1.01
jedqr,"'Wisla Krakow', 'x-kom'",819,22194,+590,1.04,1.01
Noobster,"'Ground Zero', 'Paradox', 'SYF'",496,12790,+203,1.02,1.01
Viva,"'Invictus', '5POWER', 'CyberZen'",597,15834,+480,1.05,1.01
Swisher,"'Bad News Bears', 'Yeah'",580,15133,+182,1.02,1.01
obj,"'OFFSET', 'eXploit', 'Giants', 'AlienTech'",418,10936,+423,1.06,1.01
1962,"'Isurus', 'Leviatan'",572,14881,-12,1.00,1.01
spyleadeR,"'E-frag.net', 'MK', 'GPlay'",899,23232,+93,1.01,1.01
ap0c,"'Looking For Org', 'AVANT', 'Tainted Minds', 'Chiefs'",915,23424,+265,1.02,1.01
EasTor,"'Movistar Riders', 'OFFSET'",493,13123,+345,1.04,1.01
stadodo,"'SAW', 'OFFSET'",761,20009,+598,1.05,1.01
arT,'FURIA',978,25368,+129,1.01,1.01
mirbit,"'ALTERNATE aTTaX', 'EURONICS', 'Sprout', 'Nordavind'",866,23162,+926,1.06,1.01
Friis,"'SK', 'fnatic', 'Heroic', 'Tricked'",938,24254,+747,1.05,1.01
grux,"'Savage', 'Red Reserve', 'SMASH'",490,13084,+238,1.03,1.01
dazzLe,"'eUnited', 'Rise Nation', 'New Identity'",690,17971,-8,1.00,1.01
ayaya,"'Eclipse', 'Born Of Fire', 'Flash', 'AllGamers'",462,11695,+102,1.01,1.01
reatz,"'PRIDE', 'Illuminar', 'Kinguin'",1510,40591,+733,1.03,1.01
Stewie2K,"'Cloud9', 'Liquid'",1525,39802,+376,1.01,1.01
kalinka,"'HellRaisers', 'Playing Ducks'",855,22891,+157,1.01,1.01
Jinxx,"'Genuine', 'Taboo', 'Chiefs'",400,10511,+283,1.04,1.01
siuhy,"'MOUZ NXT', 'Izako Boars'",478,12807,+43,1.00,1.01
to1nou,"'LDLC', 'LDLC White'",850,22377,+520,1.04,1.01
DickStacy,"'Grayhound', 'Dark Sided'",624,15708,+346,1.03,1.01
jR,"'Vega Squadron', 'HellRaisers'",892,23804,+554,1.04,1.01
zqkS,"'Imperial', 'Yeah', 'Keyd'",755,19530,+722,1.06,1.01
DESPE,'Space Soldiers',468,12127,+320,1.04,1.01
kioShiMa,"'Envy', 'Heretics', 'FaZe'",1495,39250,+1292,1.05,1.01
speed4k,"'DreamEaters', 'Nemiga'",767,20579,+568,1.04,1.01
FugLy,"'NRG', 'Liquid', 'Envy'",1083,28153,+621,1.03,1.01
emagine,"'ORDER', 'Kings', 'Winterfox', 'Immunity'",751,18931,+487,1.04,1.01
Polt,"'1WIN', 'Unique'",510,13490,+417,1.05,1.01
Nifty,"'Renegades', 'Envy', 'Selfless'",865,22686,+310,1.02,1.01
Tsogoo,"'TheMongolz', 'Mazaalai'",472,12038,+137,1.02,1.00
MINISE,"'PACT', 'PRIDE', 'Kinguin'",1871,49905,+605,1.02,1.00
waterfaLLZ,"'Quantum Bellator Fire', 'PiTER', 'AVE', 'EPG'",899,23842,+341,1.02,1.00
pounh,"'Playing Ducks', 'Imperial', '1337HUANIA'",401,10552,+91,1.01,1.00
Zero,"'GamerLegion', 'HellRaisers'",1070,28470,+765,1.04,1.00
innocent,"'Anonymo', 'Illuminar', 'CSGL'",1755,46195,+542,1.02,1.00
Relyks,"'eUnited', 'Enemy', 'Selfless', 'New Identity'",832,21258,+161,1.01,1.00
fenvicious,"'Unique', 'Spirit Academy', 'EPG'",729,19059,+141,1.01,1.00
glace,"'North Academy', 'Tricked', 'Rogue', 'No Problem!'",589,15307,+366,1.04,1.00
Oderus,"'Spacestation', 'BlackOut', 'The Pioneers'",473,12356,-52,0.99,1.00
1uke,"'Spirit Academy', 'HOLLYWOOD', 'PLINK'",623,16179,+223,1.02,1.00
Edward,'Natus Vincere',1473,38787,+689,1.03,1.00
leo_drk,"'Sharks', '00NATION'",597,15378,+31,1.00,1.00
R0b3n,"'Unique', 'Space Jam', 'ex-ETHEREAL'",526,13849,+235,1.03,1.00
Lack1,"'Entropiq', 'Winstrike'",881,23558,+103,1.01,1.00
SIXER,"'LDLC', 'Envy'",1084,28593,+963,1.05,1.00
hazed,"'CLG', 'Mythic'",736,19138,-81,0.99,1.00
xiaosaGe,"'5POWER', 'Invictus', 'UYA'",847,22333,+35,1.00,1.00
ALLE,"'Isurus', 'Liberty', 'Redemption POA', 'C4'",409,10862,+122,1.02,1.00
nitr0,'Liquid',1381,35984,+561,1.02,1.00
kenzor,'pro100',598,15627,+57,1.01,1.00
Djoko,"'HEET', 'DBL PONEY'",459,12166,+5,1.00,1.00
almazer,'forZe',1307,35123,+576,1.03,1.00
cbbk,"'Lucid Dream', 'Beyond'",404,10342,+163,1.02,1.00
dzt,"'Imperial', 'Case', 'BigGods'",676,17504,+148,1.01,1.00
KILLDREAM,"'AlienTech', 'k1ck', 'Giants'",429,11159,-16,1.00,1.00
Basso,'Copenhagen Flames',582,15218,+265,1.03,1.00
RoLEX,"'Signature', 'ZIGMA', 'Beyond', 'MiTH'",492,12610,+33,1.00,1.00
zeff,'MVP PK',482,12229,+54,1.01,1.00
cromen,'Nordavind',653,17335,+67,1.01,1.00
SZPERO,"'Wisla Krakow', 'Kinguin', 'AGO'",2058,54420,+850,1.02,1.00
adreN,"'Liquid', 'Mythic'",697,18241,+380,1.03,1.00
supra,"'Gambit Youngsters', 'Nordavind'",531,14249,+65,1.01,1.00
xseveN,"'HAVU', 'ENCE', 'iGame.com', 'RCTIC'",1275,33704,+360,1.02,1.00
mopoz,'Movistar Riders',1108,29419,-46,1.00,1.00
void,"'Ground Zero', 'Dark Sided'",437,11368,+127,1.02,1.00
pyth,"'NIP', 'Vexed'",756,19801,-5,1.00,1.00
mds,'Nemiga',1087,29074,+459,1.02,1.00
MODDII,"'Heroic', 'SK'",1170,30550,+401,1.02,1.00
ImpressioN,"'NKT', 'BOOT-d[S]', 'BTRG', 'dream[S]cape'",674,17451,+106,1.01,1.00
cam,"'Singularity', 'Gorilla Gang', 'Chaos'",544,13974,+169,1.02,1.00
freakazoid,"'Swole Patrol', 'Cloud9', 'Echo Fox'",886,22716,+43,1.00,1.00
peet,"'AGG', 'Vexed', 'SEAL', 'eBettle'",379,9993,+97,1.01,1.00
STYKO,"'HellRaisers', 'MOUZ', 'GODSENT'",1532,40373,+448,1.02,1.00
pecks,'Chiefs',389,9930,+162,1.03,1.00
Cabbi,"'MASONIC', 'Lyngby Vikings', 'AGF'",438,11688,-122,0.99,1.00
Noktse,'Isurus',775,20277,+241,1.02,1.00
Liki,"'Looking For Org', 'Dire Wolves', 'Bizarre', 'Skyfire'",388,9830,+210,1.03,1.00
magixx,'Spirit',624,16486,+314,1.03,1.00
truth,"'Apeks', 'ATK', 'Vexed'",479,12857,+49,1.01,1.00
vice,"'Rogue', 'Cloud9'",493,12707,+128,1.01,1.00
Bååten,"'x6tence Galaxy', 'Red Reserve', 'fnatic Academy', 'Chaos'",738,19661,+39,1.00,1.00
Jerry,'forZe',1538,41337,+350,1.01,1.00
xelos,"'Lemondogs', 'Epsilon', 'AliGon'",433,11435,+28,1.00,1.00
uli,'KOVA',560,15011,+198,1.02,1.00
reversive,"'Leviatan', 'Isurus'",612,16009,+150,1.01,0.99
freddieb,"'Epsilon', 'GODSENT', 'Red Reserve'",1135,30119,+180,1.01,0.99
SEMPHIS,"'Splyce', 'TSM', 'Complexity'",848,21936,-33,1.00,0.99
dephh,'Complexity',768,20106,-232,0.98,0.99
MUTiRiS,"'SAW', 'k1ck', 'Giants'",1206,31501,+162,1.01,0.99
DeathZz,'Movistar Riders',483,12896,+133,1.02,0.99
Vegi,"'Virtus.pro', 'PACT', 'Illuminar'",775,21174,-131,0.99,0.99
robiin,"'Endpoint', 'DenDD'",1502,40013,-52,1.00,0.99
YDNA,"'Breakaway', 'Funky Monkeys', 'Dark Sided'",435,11265,+103,1.01,0.99
gMd,"'Rogue', 'FRENCH CANADIANS', 'LiViD', 'Spacestation'",464,12098,-47,0.99,0.99
ALEX,"'LDLC', 'Vitality', 'fnatic'",1162,30750,-372,0.98,0.99
notaN,"'MASONIC', 'Singularity', 'OPAA', 'Alpha'",424,11256,+46,1.01,0.99
markeloff,"'FlipSid3', 'HellRaisers'",1143,29624,+488,1.03,0.99
VINI,'FURIA',975,25398,+33,1.00,0.99
Puls3,"'Endpoint', 'FMESPORTS'",436,11572,+74,1.01,0.99
neptune,"'Ghost', ""Bee's Money Crew"", 'Recon 5'",498,13218,-23,1.00,0.99
rbz,"'Paradox', 'Corvidae'",647,16903,+138,1.01,0.99
BENDJI,"'Singularity', 'DenDD'",878,23318,+137,1.01,0.99
dukefissura,"'Unique', '100PG'",381,10223,-117,0.98,0.99
jaxi,'Nexus',472,12125,+183,1.02,0.99
BARBARR,"'Epsilon', 'x6tence Galaxy', 'Singularity'",876,23180,-20,1.00,0.99
realz1n,"'W7M', 'Sharks', 'FURIA Academy'",555,14699,+103,1.01,0.99
kory,"'Sangal', 'Budapest Five', 'Salamander'",462,12291,-78,0.99,0.99
Dima,"'Spirit', 'Espada'",1310,34466,-527,0.98,0.99
JIaYm,"'HellRaisers', 'bankaPEPSI'",523,14183,-291,0.97,0.99
ANGE1,'HellRaisers',1728,45027,-685,0.98,0.99
kaboose,"'Selfless', 'Vision'",549,14235,-305,0.97,0.99
bubble,"'Windigo', 'E-frag.net', 'Fiend'",2177,57121,+704,1.02,0.99
morelz,"'PRIDE', 'Virtus.pro'",1066,28354,-217,0.99,0.99
facecrack,"'forZe', 'PiTER'",1686,45000,-727,0.98,0.99
Drone,"'Splyce', 'Envy'",454,11841,-168,0.98,0.99
krii,"'EPG', 'Wolsung'",398,10522,+5,1.00,0.99
djay,"'Party Astronauts', 'New England Whalers'",827,21378,-33,1.00,0.99
k1to,"'BIG', 'ALTERNATE aTTaX', 'Sprout'",1215,32305,-378,0.98,0.99
sXe,"'Nexus', 'XPC'",567,14684,-56,0.99,0.99
Dosia,"'Gambit', 'HellRaisers'",1431,37517,+293,1.01,0.99
vanity,"'Chaos', 'eUnited', 'Gorilla Gang'",609,15688,+80,1.01,0.99
JACKZ,"'G2', 'EnVyUs Academy', '3DMAX'",1068,28401,-118,0.99,0.99
fitch,"'AVANGAR', 'Tengri', 'Gambit'",574,15207,-210,0.98,0.99
gade,"'North', 'North Academy', 'OpTic'",964,25326,-128,0.99,0.99
SAGGERTON,"'iGame.com', 'RCTIC', 'LGR'",540,14097,-231,0.98,0.99
larsen,"'Tricked', 'Movistar Riders'",607,16049,+141,1.01,0.99
jabbi,"'Copenhagen Flames', 'Singularity'",767,20580,+75,1.01,0.99
Lukki,"'Tricked', 'AGF', 'Singularity'",893,23437,-9,1.00,0.99
rmn,"'SAW', 'k1ck', 'Giants'",1100,28738,-64,1.00,0.99
pesadelo,"'TeamOne', 'RED Canids'",584,15257,-245,0.98,0.99
AZR,"'Renegades', '100 Thieves', 'EXTREMUM'",1093,28528,-175,0.99,0.99
ryotzz,'W7M',447,11613,-154,0.98,0.99
J1rah,"'ORDER', 'Breakaway'",782,20288,-14,1.00,0.99
gla1ve,"'Astralis', 'CPH Wolves'",1649,43332,+187,1.01,0.99
DAVEY,"'Splyce', 'Mythic', 'Spacestation'",800,20694,-283,0.98,0.99
Jonji,"'Bad News Bears', 'Rise Nation', 'Chaos'",1061,27190,-453,0.98,0.98
Furlan,'AGO',2078,55329,-615,0.98,0.98
bodyy,"'G2', 'DBL PONEY', 'LDLC'",1297,34380,-255,0.99,0.98
stellar,"'Party Astronauts', 'Vireo.pro', 'Divine', 'AA'",427,10968,+26,1.00,0.98
Xizt,"'NIP', 'fnatic'",1665,42830,+507,1.02,0.98
Daffu,"'ECSTATIC', 'Lyngby Vikings', 'Copenhagen Flames'",681,18217,+126,1.01,0.98
RUBINO,"'Dignitas', 'Nordavind', 'LGB'",998,26140,-170,0.99,0.98
AdreN,"'Gambit', 'HellRaisers', 'K23'",1767,46454,-217,0.99,0.98
apocdud,"'VERTEX', 'Chiefs', 'Genuine'",726,18826,-62,1.00,0.98
bew,"'New England Whalers', 'High Coast', 'Yeah'",376,10079,-57,0.99,0.98
Perfecto,"'Natus Vincere', 'Syman'",695,18375,+418,1.04,0.98
ryann,"'Singularity', 'Swole Patrol', 'Envy', 'Gorilla Gang'",697,17857,-269,0.98,0.98
Zix,'Bpro',400,10329,-166,0.98,0.98
chop,"'Carpe Diem', 'RBG', 'Kinship'",429,11442,-57,0.99,0.98
NEKIZ,"'paiN', 'Luminosity'",959,25204,-212,0.99,0.98
DeadFox,'HellRaisers',807,21060,-54,1.00,0.98
NickelBack,"'Entropiq', 'pro100', 'Winstrike'",1355,36025,-33,1.00,0.98
isak,"'GamerLegion', 'Lilmix'",580,15698,-30,1.00,0.98
zende,"'DenDD', 'Property'",397,10444,-1,1.00,0.98
bq,'Lilmix',395,10650,-196,0.97,0.98
Spiidi,"'Sprout', 'MOUZ'",2029,53839,+181,1.01,0.98
anger,"'Mythic', 'Winterfox', 'Denial', 'Luminosity'",682,17700,-229,0.98,0.98
WOOD7,"'Bravos', 'MIBR', 'RED Canids'",547,14292,+274,1.03,0.98
Llamas,"'Ground Zero', 'Breakaway', 'SYF'",451,11530,-25,1.00,0.98
doto,"'HAVU', 'ENCE'",648,17287,-184,0.98,0.98
raalz,"'Sprout', 'Lyngby Vikings', 'Ambush'",883,23816,-228,0.99,0.98
tifa,"'Imperial', 'BigGods', 'Keyd'",407,10476,-109,0.98,0.98
kwezz,'Tricked',599,16062,-109,0.99,0.98
wiz,"'Carpe Diem', 'RBG'",471,12523,+56,1.01,0.98
BIT,"'TeamOne', '9z', 'Não Tem Como'",727,18792,+64,1.01,0.98
SHOOWTiME,"'Luminosity', 'Imperial', 'Tempo Storm'",972,25140,-280,0.98,0.98
syken,"'expert', 'EURONICS'",413,10832,-248,0.97,0.98
sinnopsyy,"'BLINK', 'Secret'",619,16633,-479,0.96,0.98
Radifaction,"'Secret', 'Nordavind', 'NoChance', 'Apeks'",506,13559,-157,0.98,0.98
jnt,'Sharks',628,16249,+137,1.01,0.98
prt,"'TeamOne', 'DETONA'",732,18994,-110,0.99,0.98
niki1,"'FATE', 'Bpro', 'Outlaws'",1020,26614,-320,0.98,0.98
BURNRUOk,"'Ground Zero', 'Grayhound', 'Immunity'",860,22168,-518,0.97,0.98
Boombl4,"'Natus Vincere', 'Winstrike', 'Quantum Bellator Fire'",1085,28745,-420,0.98,0.98
Sergiz,"'CR4ZY', 'Project X', 'Akuma', 'Windigo Academy'",456,12110,+86,1.01,0.98
PERCY,"'Secret', 'Sprout', 'Tricked'",1030,27376,-400,0.98,0.98
blocker,"'Windigo', 'FATE', 'Bpro'",864,22973,-511,0.97,0.97
RUSH,"'Cloud9', 'Complexity', 'OpTic'",1413,36954,-371,0.99,0.97
Fadey,"'ATK', 'Bravado'",673,17326,-549,0.96,0.97
SPELLAN,"'SKADE', 'Outlaws', 'Windigo', 'Epsilon'",1432,37492,-231,0.99,0.97
DeStRoYeR,"'Invictus', 'EHOME', 'BOOT'",592,15658,-188,0.98,0.97
RpK,"'Vitality', 'Envy', 'Titan', 'G2'",1499,39100,-617,0.98,0.97
mono,"'x-kom', 'Illuminar', 'Izako Boars'",662,17680,-17,1.00,0.97
ZEDKO,"'SINNERS', 'eXtatus'",1097,29065,-252,0.99,0.97
FinigaN,'Espada',496,13338,+84,1.01,0.97
leman,'AGO',486,13115,-135,0.98,0.97
propleh,"'1WIN', 'Monolith', 'Spartak'",392,10418,-98,0.99,0.97
jmqa,"'Quantum Bellator Fire', 'PiTER', 'EPG'",922,24189,-273,0.98,0.97
Keoz,"'Syman', 'LDLC', 'K23'",810,21571,-584,0.96,0.97
seb,"'Ghost', 'New Identity', ""Bee's Money Crew""",603,15586,-224,0.98,0.97
RuStY,"'GamerLegion', 'Singularity', 'Red Reserve'",1287,34770,-374,0.98,0.97
oskarish,"'x-kom', 'Illuminar', 'AGO'",1028,27383,-303,0.98,0.97
Queenix,"'MASONIC', 'x6tence', 'Copenhagen Flames', 'Singularity'",442,11868,-80,0.99,0.97
kUcheR,"'HellRaisers', 'Virtus.pro'",852,22314,-145,0.99,0.97
Marek,"'EHOME', 'After'",415,10887,-140,0.98,0.97
stk,"'Beyond', 'Signature', 'Alpha Red'",591,15136,-223,0.98,0.97
ELUSIVE,'Bravado',397,10059,+56,1.01,0.97
ice,"'Unique', '100PG'",430,11515,-241,0.97,0.97
SOKER,"'Movistar Riders', 'x6tence', 'k1ck'",642,16858,-424,0.96,0.97
Drea3er,"'New4', 'FIVE', 'BTRG'",406,10435,-307,0.96,0.97
PKL,"'paiN', 'Luminosity', 'Wild'",1124,29388,-394,0.98,0.97
DEVIL,"'LDLC', 'Envy', 'LDLC White', '3DMAX'",636,16582,-291,0.97,0.97
seized,'Natus Vincere',1507,39658,-592,0.98,0.97
MAIROLLS,"'Alpha Red', 'Beyond', 'NSPR'",495,12791,-213,0.98,0.97
gabesson,"'GameAgents', 'volgare'",441,11654,-264,0.97,0.97
Sapec,'Young Ninjas',428,11466,-362,0.96,0.97
Mayker,"'Genuine', 'Chiefs', 'Surge'",433,11216,-220,0.97,0.97
TMB,"'MAD Lions', 'AGF', 'Copenhagen Flames'",685,18224,-407,0.97,0.97
The eLiVe,"'Enterprise', 'Universe'",470,12703,-181,0.98,0.97
KHRN,"'SJ', 'HAVU'",935,24443,-245,0.98,0.97
Leaf,"'Lucid Dream', 'Maple', 'Signature'",398,10120,-71,0.99,0.97
starix,"'Natus Vincere', 'Spirit'",625,16451,-241,0.98,0.97
chopper,"'Spirit', 'Vega Squadron'",1089,28848,-394,0.98,0.97
reltuC,'CLG',865,22664,-74,1.00,0.97
Surreal,"'Endpoint', 'Epsilon', 'Complexity'",1507,39489,-721,0.97,0.97
phr,"'Illuminar', 'AGO', 'Virtus.pro'",1291,34592,-403,0.98,0.96
Hyper,"'AGG', 'Vexed', 'Kinguin', 'Izako Boars'",646,16949,-167,0.99,0.96
LUCAS1,"'Immortals', 'Luminosity', 'MIBR', 'Tempo Storm'",943,24480,-481,0.97,0.96
Maniac,"'LDLC', 'Titan'",837,22049,-388,0.97,0.96
SmithZz,"'G2', 'Titan', 'VeryGames', 'Envy', 'LDLC'",1161,30130,-543,0.97,0.96
nafany,"'Gambit Youngsters', 'Gambit'",854,22679,-670,0.96,0.96
ProbLeM,"'HellRaisers', 'bankaPEPSI'",547,14838,-268,0.97,0.96
kaper,"'AGO', 'Kinguin', 'Wisla Krakow', 'adwokacik'",536,14240,-168,0.98,0.96
Walco,"'Carpe Diem', 'RBG'",474,12594,-411,0.95,0.96
SEMINTE,"'Nexus', 'XPC'",663,17364,-441,0.96,0.96
SADDYX,'SJ',647,17350,-363,0.97,0.96
maeVe,"'Tricked', 'Escape', 'Reason'",487,12606,-131,0.98,0.96
Kairi,"'x6tence', 'PENTA'",404,10297,-204,0.97,0.96
Tommy,'BOOT-d[S]',387,9900,-323,0.95,0.96
HOLMES,"'Squared', 'BLUEJAYS'",430,11258,-314,0.96,0.96
stanislaw,"'Evil Geniuses', 'OpTic', 'Complexity', 'Liquid'",1314,33991,-487,0.98,0.96
w1nt3r,"'Unique', '100PG', 'Se7en', 'BOOT-d[S]'",552,14753,-167,0.98,0.96
Aleksib,"'OG', 'ENCE', 'HAVU'",1010,26800,-328,0.98,0.96
bodito,"'Budapest Five', 'Salamander', 'Pixel', 'Sensei'",427,11471,-404,0.95,0.96
nosraC,"'Gaimin Gladiators', 'Rebirth', 'ChocoCheck', 'Recon 5'",461,12164,-372,0.96,0.96
xms,"'Envy', 'Heretics', 'LDLC'",712,18783,-624,0.95,0.96
0i,"'Invictus', 'New4', 'FIVE', 'After'",484,12676,-383,0.96,0.96
JazzPimp,"'Gaimin Gladiators', 'Recon 5', 'ChocoCheck'",407,10648,-315,0.96,0.96
Uber,"'Enemy', 'Complexity', 'Selfless'",398,10027,-299,0.96,0.96
tiziaN,"'BIG', 'ALTERNATE aTTaX'",1729,45729,-797,0.97,0.96
misutaaa,'Vitality',423,11199,-336,0.95,0.96
glow,'MVP PK',395,10045,-99,0.98,0.96
Kvik,"'Quantum Bellator Fire', 'Winstrike'",780,20389,-667,0.95,0.96
Kristou,"'AGF', 'North'",390,10304,-326,0.95,0.96
Snappi,"'ENCE', 'Heroic', 'OpTic'",1561,41172,-845,0.97,0.96
expro,"'Lynn Vision', 'Invictus', 'EHOME'",424,11240,-286,0.96,0.96
MAJ3R,"'Space Soldiers', 'Sangal'",1050,27515,-524,0.97,0.96
nbl,'Isurus',588,15168,-503,0.95,0.96
LOGAN,"'LDLC', 'Heretics'",590,15692,-300,0.97,0.96
smF,"'CPH Wolves', 'Secret', 'LPSP'",817,21404,-376,0.97,0.96
YJ,'W7M',514,13425,-71,0.99,0.96
kinqie,"'DreamEaters', 'Hard Legion'",631,16775,-597,0.95,0.96
tahsiN,"'Berzerk', 'PENTA', 'KILLERFISH'",591,15363,-630,0.94,0.96
maNkz,"'ECSTATIC', 'Lyngby Vikings', 'Copenhagen Flames', 'x6tence'",656,17640,-489,0.96,0.96
NEO,"'HONORIS', 'Virtus.pro'",2026,52885,-1524,0.96,0.96
ponczek,'Wisla Krakow',499,13450,-245,0.97,0.95
denis,"'Sprout', 'MOUZ'",1830,48692,-1848,0.95,0.95
alexRr,"'expert', 'Planetkey', 'DIVIZON'",433,11346,-554,0.93,0.95
dezon,"'Savage', 'Galaxy Racer', 'Japaleno'",547,14700,-248,0.97,0.95
dumz,"'DenDD', 'Singularity', 'Manatee'",455,12074,-320,0.96,0.95
RZU,"'Triumph', 'Bad News Bears', 'Rugratz'",443,11610,-499,0.94,0.95
friberg,"'Dignitas', 'NIP', 'Heroic'",1957,50987,-1696,0.95,0.95
caike,"'g3x', 'Yeah', 'Isurus', 'TeamOne'",501,13104,-374,0.96,0.95
H4RR3,"'777', 'Nordavind'",640,17259,-709,0.94,0.95
JT,"'Extra Salt', 'Bravado', 'ATK', 'Cloud9'",1044,27089,-833,0.95,0.95
TaZ,"'HONORIS', 'Virtus.pro', 'Kinguin'",2157,56623,-1492,0.96,0.95
steel,"'Movistar Riders', 'Luminosity', 'Immortals'",1447,37826,-869,0.97,0.95
devoduvek,"'LDLC', 'Misfits', 'Heretics'",643,17057,-588,0.95,0.95
Console,"'Tricked', 'ALTERNATE aTTaX', 'Copenhagen Flames', 'Singularity'",708,18612,-582,0.95,0.95
CONNOR93,"'Ghost', ""Bee's Money Crew"", 'BlackOut', 'The Pioneers'",449,11544,-457,0.94,0.95
soju_j,"'Legacy', 'AVANT', 'Chiefs', 'Dire Wolves'",554,14231,-410,0.96,0.95
PR1mE,'Tricked',396,10694,-396,0.95,0.95
dERZKIY,"'K29', 'ANOX'",414,10809,-400,0.95,0.95
darko,'PACT',799,21686,-801,0.95,0.95
KrizzeN,"'AVANGAR', 'Winstrike'",763,20020,-368,0.97,0.95
Grusarn,"'777', 'Apeks'",543,14836,-779,0.93,0.95
AcilioN,"'Apeks', 'Copenhagen Flames', 'SK'",1728,45574,-1467,0.95,0.95
RAiLWAY,"'INDE IRAE', 'Espada'",445,11946,-653,0.93,0.95
beastik,'SINNERS',665,17860,-649,0.95,0.95
flashie,"'GameAgents', 'Orgless'",585,15493,-522,0.95,0.95
strux1,"'PENTA', '3DMAX', 'Planetkey'",403,10276,-246,0.96,0.95
ecfN,'ALTERNATE aTTaX',426,11214,-471,0.94,0.95
oxygeN,'SKADE',507,13623,-446,0.95,0.95
Karsa,"'Flash', 'OneThree', 'EHOME'",457,11674,-290,0.96,0.95
arvid,'SJ',892,23926,-1030,0.94,0.95
Inzta,"'Tricked', 'Singularity'",754,19798,-849,0.94,0.94
Rock1nG,"'SKADE', 'Outlaws', 'Bpro'",883,23271,-1025,0.94,0.94
uNdo,"'Unique', 'Quantum Bellator Fire', 'Space Jam'",432,11267,-371,0.95,0.94
vSa,"'Rise Nation', 'Vision', 'Ghost'",385,10066,-322,0.95,0.94
Fifflaren,'NIP',538,13220,-40,0.99,0.94
boX,"'Nemiga', 'GoodJob'",1248,33224,-1306,0.94,0.94
kzy,"'EURONICS', 'ALTERNATE aTTaX', 'Unicorns of Love'",986,25705,-845,0.95,0.94
TOAO,"'AGO', 'Izako Boars'",1106,29520,-1061,0.95,0.94
SileNt,"'Swole Patrol', 'Method', 'NRG'",624,16235,-788,0.93,0.94
Twixie,"'KOVA', 'HAVU'",745,20248,-747,0.95,0.94
tonyblack,'Spirit',826,21699,-725,0.95,0.94
BRACE,'VERTEX',393,10219,-437,0.94,0.94
rafftu,"'SKADE', 'Bpro', 'FATE'",491,13172,-517,0.94,0.94
arch,"'Preparation', 'Spirit', 'Worst Players'",593,15530,-658,0.94,0.94
Sidney,"'UNGENTIUM', 'AGO', 'PACT', 'Illuminar'",443,11990,-395,0.95,0.94
interz,"'Gambit Youngsters', 'Gambit'",836,22227,-175,0.99,0.94
EXUS,"'PRIDE', 'Izako Boars'",882,23538,-1079,0.93,0.94
RIZZZ,"'OFFSET', 'Giants'",422,11051,-552,0.93,0.94
LOMME,"'North Academy', 'Tricked', 'No Problem!'",623,16172,-532,0.95,0.94
Polly,"'LGB', 'London Conspiracy', 'Apeks'",451,11723,-545,0.93,0.94
Ex6TenZ,"'Titan', 'LDLC', 'VeryGames', 'G2'",1393,36352,-1064,0.96,0.94
ub1que,"'EPG', 'PiTER', 'Preparation'",491,12691,-496,0.94,0.94
Noisia,"'AVANT', 'Breakaway', 'Dark Sided'",579,15033,-616,0.94,0.94
tutehen,"'VELOX', 'Isurus', 'Gale Force', 'Miami Flamingos'",447,11563,-394,0.95,0.94
ngiN,"'Space Soldiers', 'Sangal'",1025,26895,-748,0.96,0.94
forget,"'5POWER', 'UYA'",442,11512,-734,0.91,0.94
Shakezullah,"'Bad News Bears', 'Triumph', 'Singularity', 'iNTACT'",797,20767,-500,0.96,0.94
neaLaN,"'K23', 'Syman'",1047,27900,-1277,0.93,0.94
repo,"'PRIDE', 'ESC', 'AGG', 'Vexed'",505,13254,-657,0.93,0.94
DANZ,"'Kanga', 'Corvidae', 'AVANT'",391,10173,-620,0.92,0.93
emi,"'Valiance', 'Binary Dragons', 'iNation'",1067,27762,-1223,0.94,0.93
Duplicate,"'SKADE', 'FATE'",804,21453,-1029,0.93,0.93
hutji,'Vega Squadron',453,12010,-664,0.92,0.93
crisby,"'ALTERNATE aTTaX', 'EURONICS', 'Unicorns of Love'",1209,31542,-1813,0.92,0.93
matty,"'EC Brugge', 'Izako Boars'",536,14203,-696,0.93,0.93
mynio,"'Wisla Krakow', 'Anonymo'",768,20598,-1225,0.92,0.93
SkulL,"'Genuine', 'Taboo', 'Masterminds', 'Chiefs'",596,15590,-1057,0.91,0.93
quix,"'Lilmix', 'Vexed', 'Publiclir.se'",930,24640,-1792,0.90,0.93
ztr,"'Young Ninjas', 'NIP'",381,10224,-571,0.92,0.93
kiR,'Tricked',558,15039,-957,0.91,0.93
TACO,"'GODSENT', 'SK', 'MIBR', 'Liquid', 'Luminosity'",1384,35965,-1346,0.94,0.93
aVN,"'4glory', 'lvlUP', 'BLUEJAYS', 'Juggernauts'",550,14647,-696,0.93,0.92
S0tF1k,"'Spirit', 'Espada'",1289,33952,-1903,0.92,0.92
hitMouse,"'Nemiga', 'K29'",538,14028,-625,0.93,0.92
arki,'SAW',865,22719,-1188,0.92,0.92
Xp3,"'Winterfox', 'Denial', 'ELEVATE'",502,13113,-792,0.91,0.92
sorrow,"'Unique', '100PG'",382,10245,-659,0.91,0.92
pNshr,"'Windigo', 'ex-Outlaws'",595,15532,-809,0.92,0.92
MSL,"'Dignitas', 'North'",1716,44836,-3251,0.90,0.92
SANJI,"'Virtus.pro', 'AVANGAR', 'Syman'",743,19879,-998,0.92,0.92
akez,"'777', 'Apeks'",471,12758,-882,0.90,0.92
ncl,"'TheMongolz', 'TIGER', 'Mazaalai'",516,13234,-617,0.93,0.92
Luz,"'PRIDE', 'Izako Boars'",650,17062,-971,0.92,0.92
Zeus,'Natus Vincere',1405,37152,-1990,0.92,0.92
nak,"'Sharks', 'RED Canids'",514,13305,-671,0.92,0.92
arya,"'Splyce', '3sUP'",440,11291,-868,0.89,0.92
Dav,"'Squared', 'ONYX'",439,11340,-752,0.90,0.92
karrigan,"'FaZe', 'MOUZ', 'TSM'",1985,52027,-3477,0.90,0.91
pietola,'KOVA',383,10178,-592,0.91,0.91
svyat,"'Hard Legion', 'DreamEaters', 'AVE'",734,19717,-1060,0.92,0.91
BTN,'Nexus',1053,27584,-2026,0.90,0.91
xartE,"'SJ', 'HAVU', 'ENCE', 'hREDS'",1151,30254,-1635,0.92,0.91
tecek,"'Izako Boars', 'x-kom', 'VenatoreS'",376,9987,-838,0.88,0.91
LEGIJA,"'BIG', 'MOUZ', 'NRG'",869,22614,-1671,0.90,0.91
roman,"'Nemiga', 'K29'",414,10880,-664,0.91,0.91
Shara,"""spray'n'pray"", 'FlipSid3'",383,9929,-742,0.90,0.91
wayLander,"'FlipSid3', 'pro100', 'Winstrike'",794,20857,-1715,0.89,0.91
BONA,"'SJ', 'VITALIS', 'hREDS'",476,12674,-943,0.89,0.91
sAw,"'HAVU', 'iGame.com', 'RCTIC'",1267,33681,-2108,0.91,0.90
kRYSTAL,"'PENTA', 'ALTERNATE aTTaX', 'GODSENT'",1858,48588,-3407,0.90,0.90
MiGHTYMAX,'Endpoint',1163,30802,-2009,0.90,0.90
ben1337,"'Party Astronauts', 'New England Whalers', 'High Coast'",923,24088,-1761,0.89,0.90
crush,"'pro100', 'Vega Squadron', 'HellRaisers'",729,19205,-1467,0.89,0.90
balblna,"'Quantum Bellator Fire', 'Winstrike'",611,16017,-1233,0.89,0.90
sycrone,"'Sprout', 'North Academy', 'Tricked', 'Team123'",553,14608,-978,0.90,0.90
nkl,"'E-frag.net', 'GPlay', 'MK', 'Orbit'",642,16554,-1046,0.91,0.90
hooch,"'EPG', 'Gambit'",894,23450,-1802,0.89,0.90
Golden,"'fnatic', 'fnatic Academy', 'Cloud9'",872,23212,-2006,0.88,0.90
lunAtic,'PACT',884,24035,-1729,0.89,0.90
Adam9130,"'Into the Breach', 'GamerLegion', 'Vexed'",436,11743,-1077,0.87,0.90
FNS,"'CLG', 'TSM'",953,25080,-1794,0.89,0.89
spiker,"'Monolith', 'PiTER', 'Empire', 'Rebels'",415,10974,-974,0.88,0.89
JiNKZ,"'3DMAX', 'Heretics'",542,14411,-1193,0.88,0.89
MAiNLiNE,"'Enemy', 'Selfless', 'eUnited', 'Method'",437,11092,-1064,0.87,0.89
Psycho,"'Run or Die', 'Project X', 'CR4ZY', 'Akuma', 'Windigo Academy'",500,13349,-1069,0.88,0.89
pronax,"'fnatic', 'GODSENT'",1199,31403,-2267,0.89,0.89
Polen,'Mythic',435,11470,-978,0.88,0.89
ScrunK,"'ALTERNATE aTTaX', 'expert', 'EURONICS'",905,24046,-2454,0.86,0.88
Lambert,"'LDLC', 'EnVyUs Academy'",775,20411,-1581,0.88,0.88
LeX,"'Mythic', 'Winterfox', 'Luminosity'",463,11937,-1263,0.85,0.88
torben,'Fragsters',532,13939,-1196,0.87,0.88
JD,"'madlikewizards', 'Athletico', 'TRUCKERS WITH ATTITUDE', 'Airborne', 'Noxide'",374,9620,-1105,0.85,0.88
seang@res,"'Cloud9', 'Misfits', 'Echo Fox'",713,18391,-1629,0.87,0.88
daps,"'NRG', 'OpTic', 'Gen.G'",1075,28101,-2364,0.87,0.88
advent,"'ViCi', 'VG.CyberZen'",1072,27530,-2044,0.88,0.87
flowsicK,"'Denial', 'Winterfox', 'Liquid'",395,10074,-1047,0.86,0.87
BERRY,"'Ambush', 'OPAA'",801,20959,-2342,0.85,0.87
birdfromsky,"'ECSTATIC', 'Lyngby Vikings'",774,20813,-2024,0.86,0.87
nawrot,"'AVEZ', 'Izako Boars'",603,16182,-1737,0.85,0.87
HooXi,'Copenhagen Flames',798,21225,-2206,0.85,0.87
def,"'pro100', 'ACG'",605,15797,-1593,0.85,0.86
djL,"'Chaos', 'Japaleno', 'Red Reserve'",688,18180,-1735,0.86,0.86
Devilwalk,"'fnatic', 'Epsilon'",400,10494,-1101,0.85,0.86
Twista,"'RCTIC', 'iGame.com', 'LGR'",380,9970,-1149,0.84,0.85
gob b,"'BIG', 'MOUZ', 'NRG'",975,25707,-2811,0.84,0.85
Slemmy,"'Complexity', 'Cloud9', 'Selfless'",445,11663,-1313,0.83,0.85
SolEk,"'ALTERNATE aTTaX', 'Berzerk'",377,9498,-1285,0.81,0.84
PASHANOJ,"'Unique', 'ex-ETHEREAL'",599,15675,-2251,0.80,0.84
B1ad3,'FlipSid3',899,23232,-3408,0.80,0.83
netrick,"'AGF', 'unknown', 'LPSP', 'Forcebuy'",455,11976,-1736,0.80,0.82
HUNDEN,"'Tricked', 'ALTERNATE aTTaX'",1578,41153,-6238,0.78,0.81
RuFire,"'SG.pro', '5balls', 'VP.Prodigy'",384,10185,-1927,0.74,0.78
OCEAN,"'subtLe', 'SKDC', 'Splyce'",410,10602,-1962,0.74,0.77
