,Name,Teams,Maps,Rounds,K-D Diff,K/D,Rating (1.0),Age,Total kills,Headshot %,Total deaths,K/D Ratio,Damage / Round,Grenade dmg / Round,Maps played,Rounds played,Kills / round,Assists / round,Deaths / round,Saved by teammate / round,Saved teammates / round,DPR,KAST,Impact,ADR,KPR,Rating
0,ZywOo,"['Vitality', 'aAa']",1108,29209,+6778,1.38,1.27,"<div class=""summaryPlayerAge"">22 years</div>",24631,41.1%,17853,1.38,87.8,3.7,1108,29209,0.84,0.12,0.61,0.09,0.12,0.61,75.1%,1.44,87.8,0.84,1.32
1,s1mple,['Natus Vincere'],1649,43626,+9404,1.34,1.24,"<div class=""summaryPlayerAge"">25 years</div>",37131,41.2%,27727,1.34,85.9,2.4,1649,43626,0.85,0.10,0.64,0.08,0.11,0.64,74.1%,1.35,85.9,0.85,1.24
2,sh1ro,"['Gambit Youngsters', 'Gambit']",933,24798,+5922,1.45,1.23,"<div class=""summaryPlayerAge"">21 years</div>",19146,27.9%,13224,1.45,78.7,3.9,933,24798,0.77,0.11,0.53,0.08,0.11,0.53,76.3%,1.21,78.7,0.77,1.26
3,deko,['1WIN'],497,13510,+2890,1.37,1.21,"<div class=""summaryPlayerAge"">21 years</div>",10801,36.7%,7911,1.37,80.5,3.8,497,13510,0.80,0.10,0.59,0.08,0.11,0.59,74.3%,1.21,80.5,0.80,1.23
4,Kaze,"['Rare Atom', 'ViCi', 'Flash', 'MVP.karnal']",913,23865,+4427,1.31,1.19,"<div class=""summaryPlayerAge"">28 years</div>",18529,30.4%,14102,1.31,79.5,2.9,913,23865,0.78,0.11,0.59,0.08,0.10,0.59,73.7%,1.22,79.5,0.78,1.19
5,saffee,"['FURIA', 'paiN']",446,11796,+2060,1.29,1.18,"<div class=""summaryPlayerAge"">28 years</div>",9240,30.6%,7180,1.29,79.2,3.0,446,11796,0.78,0.10,0.61,0.08,0.09,0.61,73.2%,1.22,79.2,0.78,1.20
6,degster,"['OG', 'Espada', 'Spirit']",778,20777,+3717,1.30,1.18,"<div class=""summaryPlayerAge"">21 years</div>",16181,34.8%,12464,1.30,78.5,2.9,778,20777,0.78,0.09,0.60,0.07,0.10,0.60,72.7%,1.23,78.5,0.78,1.20
7,smooya,"['BIG', 'Movistar Riders', 'Epsilon']",921,24424,+4049,1.27,1.18,"<div class=""summaryPlayerAge"">23 years</div>",19253,27.9%,15204,1.27,79.7,2.6,921,24424,0.79,0.10,0.62,0.08,0.10,0.62,71.7%,1.27,79.7,0.79,1.20
8,XANTARES,"['Eternal Fire', 'Space Soldiers', 'BIG']",1906,50376,+6820,1.20,1.17,"<div class=""summaryPlayerAge"">27 years</div>",40861,53.2%,34041,1.20,89.3,4.9,1906,50376,0.81,0.15,0.68,0.10,0.10,0.68,72.3%,1.35,89.3,0.81,1.17
9,sterling,"['AVANT', 'Looking For Org', 'Dire Wolves']",908,23267,+4109,1.30,1.17,"<div class=""summaryPlayerAge"">24 years</div>",17982,31.7%,13873,1.30,77.9,4.0,908,23267,0.77,0.10,0.60,0.08,0.10,0.60,73.2%,1.18,77.9,0.77,1.19
10,DANK1NG,"['TYLOO', 'EHOME']",439,11613,+1850,1.25,1.16,"<div class=""summaryPlayerAge"">23 years</div>",9167,39.2%,7317,1.25,80.1,2.3,439,11613,0.79,0.10,0.63,0.09,0.10,0.63,73.3%,1.25,80.1,0.79,1.21
11,SENSEi,"['IKLA', 'CR4ZY', 'Project X', 'Akuma', 'Iron Branch']",617,16502,+3165,1.35,1.16,"<div class=""summaryPlayerAge"">24 years</div>",12254,31.0%,9089,1.35,75.9,3.1,617,16502,0.74,0.09,0.55,0.07,0.09,0.55,73.8%,1.17,75.9,0.74,1.20
12,device,"['Astralis', 'TSM']",1835,47799,+7433,1.25,1.16,"<div class=""summaryPlayerAge"">27 years</div>",37204,35.0%,29771,1.25,80.4,4.3,1835,47799,0.78,0.13,0.62,0.07,0.08,0.62,71.3%,1.28,80.4,0.78,1.16
13,blameF,"['Astralis', 'Complexity', 'Heroic', 'Epsilon']",979,26288,+4204,1.26,1.16,"<div class=""summaryPlayerAge"">25 years</div>",20182,39.2%,15978,1.26,85.8,7.1,979,26288,0.77,0.14,0.61,0.07,0.09,0.61,74.0%,1.23,85.8,0.77,1.23
14,NiKo,"['G2', 'FaZe', 'MOUZ']",1709,45395,+5826,1.19,1.15,"<div class=""summaryPlayerAge"">26 years</div>",36082,50.5%,30256,1.19,86.0,4.5,1709,45395,0.79,0.13,0.67,0.08,0.10,0.67,71.2%,1.31,86.0,0.79,1.15
15,KSCERATO,['FURIA'],972,25303,+4045,1.28,1.15,"<div class=""summaryPlayerAge"">23 years</div>",18704,49.2%,14659,1.28,79.5,5.4,972,25303,0.74,0.13,0.58,0.08,0.10,0.58,75.0%,1.10,79.5,0.74,1.19
16,torzsi,"['MOUZ', 'Budapest Five', 'MOUZ NXT', 'Salamander']",542,14454,+2092,1.24,1.15,"<div class=""summaryPlayerAge"">20 years</div>",10967,29.1%,8875,1.24,76.6,2.5,542,14454,0.76,0.09,0.61,0.08,0.10,0.61,71.1%,1.18,76.6,0.76,1.16
17,BnTeT,"['TYLOO', 'Gen.G', 'EXTREMUM']",1079,28098,+3839,1.22,1.14,"<div class=""summaryPlayerAge"">27 years</div>",21403,39.7%,17564,1.22,82.7,5.1,1079,28098,0.76,0.14,0.63,0.10,0.12,0.63,74.4%,1.14,82.7,0.76,1.14
18,Woro2k,"['Monte', 'MAD Lions', 'ex-MAD Lions']",459,12398,+1733,1.22,1.14,"<div class=""summaryPlayerAge"">21 years</div>",9598,34.0%,7865,1.22,79.1,3.1,459,12398,0.77,0.10,0.63,0.08,0.10,0.63,70.7%,1.21,79.1,0.77,1.17
19,Benkai,"['BOOT-d[S]', 'BOOT', 'dream[S]cape']",603,15560,+2046,1.20,1.14,"<div class=""summaryPlayerAge"">26 years</div>",12164,46.7%,10118,1.20,85.4,4.2,603,15560,0.78,0.14,0.65,0.07,0.10,0.65,71.7%,1.25,85.4,0.78,1.14
20,coldzera,"['SK', 'FaZe', 'Luminosity', 'MIBR']",1495,39107,+5655,1.23,1.14,"<div class=""summaryPlayerAge"">28 years</div>",29783,49.4%,24128,1.23,78.8,2.5,1495,39107,0.76,0.11,0.62,0.08,0.10,0.62,73.2%,1.08,78.8,0.76,1.14
21,Sico,"['Grayhound', 'Renegades', 'ORDER', 'Kings']",964,24408,+3768,1.26,1.13,"<div class=""summaryPlayerAge"">28 years</div>",18189,35.9%,14421,1.26,78.6,6.8,964,24408,0.75,0.14,0.59,0.09,0.10,0.59,73.9%,1.16,78.6,0.75,1.13
22,Texta,"['Chiefs', 'Athletico', 'Dark Sided']",626,15749,+1748,1.16,1.13,"<div class=""summaryPlayerAge"">21 years</div>",12537,40.3%,10789,1.16,87.1,3.6,626,15749,0.80,0.18,0.69,0.11,0.13,0.69,73.3%,1.29,87.1,0.80,1.21
23,Jame,"['AVANGAR', 'Virtus.pro']",1258,33337,+5623,1.31,1.13,"<div class=""summaryPlayerAge"">24 years</div>",23826,25.1%,18203,1.31,72.7,4.0,1258,33337,0.71,0.09,0.55,0.07,0.09,0.55,73.9%,1.11,72.7,0.71,1.17
24,XigN,"['NKT', 'MVP PK', 'MVP Project']",787,20441,+2463,1.18,1.13,"<div class=""summaryPlayerAge"">25 years</div>",15794,52.5%,13331,1.18,81.6,2.8,787,20441,0.77,0.12,0.65,0.09,0.10,0.65,73.0%,1.20,81.6,0.77,1.13
25,XELLOW,['Nexus'],1188,31370,+3648,1.18,1.13,"<div class=""summaryPlayerAge"">22 years</div>",24300,39.8%,20652,1.18,79.7,1.8,1188,31370,0.77,0.10,0.66,0.09,0.10,0.66,70.7%,1.25,79.7,0.77,1.13
26,mhL,"['Endpoint', 'AGO', 'MOUZ NXT']",600,16112,+2108,1.21,1.13,"<div class=""summaryPlayerAge"">20 years</div>",12315,28.7%,10207,1.21,80.1,3.7,600,16112,0.76,0.12,0.63,0.09,0.11,0.63,71.0%,1.22,80.1,0.76,1.17
27,oskar,"['SINNERS', 'MOUZ', 'HellRaisers']",1538,40608,+5096,1.20,1.13,"<div class=""summaryPlayerAge"">31 years</div>",30949,30.5%,25853,1.20,78.2,3.4,1538,40608,0.76,0.10,0.64,0.07,0.08,0.64,70.4%,1.21,78.2,0.76,1.13
28,forsyy,"['SINNERS', 'Enterprise']",461,12453,+1740,1.23,1.13,"<div class=""summaryPlayerAge"">21 years</div>",9197,29.3%,7457,1.23,76.7,4.2,461,12453,0.74,0.10,0.60,0.08,0.09,0.60,72.5%,1.14,76.7,0.74,1.16
29,El1an,"['Winstrike', 'Entropiq', 'EPG']",1340,35763,+4874,1.22,1.13,"<div class=""summaryPlayerAge"">23 years</div>",26798,27.0%,21924,1.22,78.0,2.8,1340,35763,0.75,0.11,0.61,0.07,0.08,0.61,70.5%,1.21,78.0,0.75,1.17
30,frozen,"['MOUZ', 'eXtatus']",1285,33626,+3868,1.18,1.12,"<div class=""summaryPlayerAge"">20 years</div>",25436,54.2%,21568,1.18,82.8,5.2,1285,33626,0.76,0.13,0.64,0.09,0.11,0.64,73.0%,1.18,82.8,0.76,1.12
31,sk0R,"['IHC', 'D13', 'NKT']",426,11495,+1245,1.16,1.12,"<div class=""summaryPlayerAge"">20 years</div>",8964,48.6%,7719,1.16,82.4,4.7,426,11495,0.78,0.12,0.67,0.09,0.10,0.67,71.2%,1.20,82.4,0.78,1.16
32,mantuu,"['OG', 'ALTERNATE aTTaX', 'PANTHERS']",696,18646,+2374,1.21,1.12,"<div class=""summaryPlayerAge"">25 years</div>",13904,35.7%,11530,1.21,76.7,3.4,696,18646,0.75,0.11,0.62,0.09,0.12,0.62,72.8%,1.16,76.7,0.75,1.16
33,Freeman,"['TYLOO', 'ViCi']",807,20646,+2361,1.18,1.12,"<div class=""summaryPlayerAge"">23 years</div>",15666,48.8%,13305,1.18,80.5,3.0,807,20646,0.76,0.13,0.64,0.09,0.11,0.64,72.8%,1.15,80.5,0.76,1.16
34,huNter-,"['G2', 'Valiance', 'Binary Dragons']",1546,40816,+4404,1.16,1.12,"<div class=""summaryPlayerAge"">27 years</div>",31502,49.3%,27098,1.16,84.5,5.5,1546,40816,0.77,0.14,0.66,0.10,0.11,0.66,72.1%,1.23,84.5,0.77,1.12
35,kennyS,"['G2', 'Envy', 'Titan']",1939,51363,+6490,1.20,1.12,"<div class=""summaryPlayerAge"">27 years</div>",38738,31.2%,32248,1.20,74.4,3.4,1939,51363,0.75,0.11,0.63,0.09,0.11,0.63,70.7%,1.11,74.4,0.75,1.12
36,liTTle,"['forZe', 'RuSh3D', 'Spartak', 'Enso']",458,12159,+1550,1.20,1.12,"<div class=""summaryPlayerAge"">34 years</div>",9317,27.7%,7766,1.20,78.5,2.6,457,12154,0.77,0.10,0.64,0.07,0.09,0.64,71.4%,1.22,78.5,0.77,1.12
37,INS,"['Grayhound', 'Renegades', 'Chiefs', 'ORDER', 'Tainted Minds']",1013,25672,+2821,1.17,1.12,"<div class=""summaryPlayerAge"">24 years</div>",19482,42.6%,16661,1.17,85.7,8.6,1013,25672,0.76,0.17,0.65,0.10,0.09,0.65,72.2%,1.25,85.7,0.76,1.19
38,yuurih,['FURIA'],1064,27772,+3260,1.18,1.12,"<div class=""summaryPlayerAge"">23 years</div>",20918,44.2%,17658,1.18,84.1,5.0,1064,27772,0.75,0.15,0.64,0.09,0.11,0.64,73.2%,1.15,84.1,0.75,1.18
39,woxic,"['HellRaisers', 'Eternal Fire', 'MOUZ']",1257,33092,+4139,1.20,1.12,"<div class=""summaryPlayerAge"">24 years</div>",24364,32.1%,20225,1.20,76.4,2.5,1257,33092,0.74,0.11,0.61,0.08,0.10,0.61,71.5%,1.16,76.4,0.74,1.12
40,kNgV-,"['O PLANO', 'MIBR', 'INTZ']",897,23513,+2612,1.17,1.12,"<div class=""summaryPlayerAge"">30 years</div>",17946,32.3%,15334,1.17,78.3,2.1,897,23513,0.76,0.10,0.65,0.08,0.09,0.65,70.3%,1.22,78.3,0.76,1.12
41,Jamppi,"['SJ', 'ENCE']",503,13449,+1408,1.16,1.12,"<div class=""summaryPlayerAge"">21 years</div>",10302,31.8%,8894,1.16,78.2,2.8,503,13449,0.77,0.10,0.66,0.08,0.09,0.66,69.8%,1.28,78.2,0.77,1.15
42,ropz,"['FaZe', 'MOUZ']",1220,32318,+4027,1.20,1.12,"<div class=""summaryPlayerAge"">23 years</div>",23861,51.7%,19834,1.20,78.4,2.5,1220,32318,0.74,0.11,0.61,0.07,0.09,0.61,72.5%,1.09,78.4,0.74,1.14
43,wrath,"['New Identity', 'Secret Club', 'BlackOut']",525,13568,+1239,1.13,1.12,"<div class=""summaryPlayerAge"">21 years</div>",10634,50.1%,9395,1.13,83.9,3.5,525,13568,0.78,0.14,0.69,0.11,0.14,0.69,72.2%,1.21,83.9,0.78,1.12
44,dgt,['9z'],504,13344,+1750,1.22,1.11,"<div class=""summaryPlayerAge"">21 years</div>",9847,49.6%,8097,1.22,78.0,3.7,504,13344,0.74,0.12,0.61,0.09,0.12,0.61,73.9%,1.07,78.0,0.74,1.15
45,SunPayus,"['ENCE', 'Movistar Riders']",411,11018,+1466,1.23,1.11,"<div class=""summaryPlayerAge"">24 years</div>",7965,29.6%,6499,1.23,74.2,3.5,411,11018,0.72,0.10,0.59,0.08,0.10,0.59,72.8%,1.15,74.2,0.72,1.16
46,chelleos,"['Rooster', 'madlikewizards', 'Paradox']",601,15529,+1477,1.14,1.11,"<div class=""summaryPlayerAge"">22 years</div>",12005,31.9%,10528,1.14,83.5,4.1,601,15529,0.77,0.13,0.68,0.10,0.09,0.68,69.5%,1.38,83.5,0.77,1.19
47,h4rn,"['FATE', 'Fiend', 'Enterprise']",691,18526,+2418,1.22,1.11,"<div class=""summaryPlayerAge"">22 years</div>",13512,28.6%,11094,1.22,74.7,3.4,691,18526,0.73,0.10,0.60,0.09,0.09,0.60,72.6%,1.14,74.7,0.73,1.15
48,nawwk,"['Apeks', 'GamerLegion', 'Ninjas in Pyjamas', 'x6tence Galaxy']",1004,26876,+3503,1.21,1.11,"<div class=""summaryPlayerAge"">25 years</div>",19812,35.2%,16309,1.21,73.3,2.8,1004,26876,0.74,0.09,0.61,0.09,0.11,0.61,72.2%,1.09,73.3,0.74,1.13
49,PTC,"['Lucid Dream', '5POWER']",476,12393,+1408,1.18,1.11,"<div class=""summaryPlayerAge"">24 years</div>",9304,36.1%,7896,1.18,76.9,2.0,476,12393,0.75,0.10,0.64,0.08,0.09,0.64,71.2%,1.19,76.9,0.75,1.14
50,splashske,"['BOOT-d[S]', 'HZ', 'BOOT', 'dream[S]cape']",722,18651,+1811,1.15,1.11,"<div class=""summaryPlayerAge"">23 years</div>",14145,38.4%,12334,1.15,78.5,3.5,722,18651,0.76,0.11,0.66,0.09,0.09,0.66,70.2%,1.25,78.5,0.76,1.11
51,zorte,"['forZe', 'Unique']",894,23988,+3033,1.21,1.11,"<div class=""summaryPlayerAge"">24 years</div>",17402,36.1%,14369,1.21,73.7,2.7,894,23988,0.73,0.09,0.60,0.09,0.11,0.60,72.7%,1.14,73.7,0.73,1.15
52,Twistzz,"['FaZe', 'Liquid']",1466,38566,+4206,1.18,1.11,"<div class=""summaryPlayerAge"">23 years</div>",28178,62.0%,23972,1.18,76.9,3.5,1466,38566,0.73,0.12,0.62,0.10,0.12,0.62,73.7%,1.08,76.9,0.73,1.11
53,erkaSt,"['NKT', 'Grayhound', 'TIGER', 'Immunity']",929,24153,+2445,1.15,1.11,"<div class=""summaryPlayerAge"">27 years</div>",18436,50.0%,15991,1.15,82.6,5.2,929,24153,0.76,0.14,0.66,0.09,0.09,0.66,71.9%,1.19,82.6,0.76,1.16
54,dream3r,"['E-frag.net', 'Fiend', 'SKADE']",1361,35721,+4371,1.20,1.11,"<div class=""summaryPlayerAge"">26 years</div>",26284,49.5%,21913,1.20,76.5,3.1,1361,35721,0.74,0.12,0.61,0.08,0.11,0.61,73.2%,1.04,76.5,0.74,1.11
55,GuardiaN,"['Natus Vincere', 'FaZe']",1590,41693,+4763,1.18,1.11,"<div class=""summaryPlayerAge"">31 years</div>",30757,29.6%,25994,1.18,71.8,2.8,1590,41693,0.74,0.11,0.62,0.08,0.09,0.62,69.7%,1.09,71.8,0.74,1.11
56,vsm,"['Fluxo', 'DETONA', '00NATION']",659,17435,+1694,1.15,1.11,"<div class=""summaryPlayerAge"">23 years</div>",13138,47.8%,11444,1.15,82.2,3.3,659,17435,0.75,0.13,0.66,0.09,0.09,0.66,71.5%,1.21,82.2,0.75,1.16
57,xsepower,"['forZe', 'K23']",1337,35899,+4793,1.23,1.11,"<div class=""summaryPlayerAge"">24 years</div>",25734,24.9%,20941,1.23,72.3,2.2,1337,35899,0.72,0.08,0.58,0.07,0.08,0.58,71.1%,1.19,72.3,0.72,1.15
58,CacaNito,['BLUEJAYS'],396,10627,+851,1.12,1.11,"<div class=""summaryPlayerAge"">22 years</div>",8167,46.3%,7316,1.12,86.1,5.0,396,10627,0.77,0.15,0.69,0.09,0.11,0.69,69.4%,1.26,86.1,0.77,1.16
59,ottoNd,"['HAVU', 'Valiance', 'CR4ZY', 'c0ntact']",904,23909,+2747,1.18,1.11,"<div class=""summaryPlayerAge"">25 years</div>",17661,27.0%,14914,1.18,75.9,3.3,904,23909,0.74,0.10,0.62,0.09,0.11,0.62,71.5%,1.17,75.9,0.74,1.15
60,FREDDyFROG,"['Chaos', 'Red Reserve', 'Apeks', 'Japaleno', 'Galaxy Racer']",1208,32176,+3606,1.18,1.11,"<div class=""summaryPlayerAge"">29 years</div>",23752,40.3%,20146,1.18,80.4,3.9,1208,32176,0.74,0.14,0.63,0.09,0.11,0.63,73.4%,1.13,80.4,0.74,1.11
61,TenZ,"['Bad News Bears', 'ATK']",401,10399,+839,1.12,1.10,"<div class=""summaryPlayerAge"">21 years</div>",7931,51.3%,7092,1.12,82.4,3.2,401,10399,0.76,0.14,0.68,0.10,0.12,0.68,71.5%,1.21,82.4,0.76,1.15
62,Vexite,"['Grayhound', 'ORDER', 'Chiefs']",411,10477,+854,1.12,1.10,"<div class=""summaryPlayerAge"">18 years</div>",8004,57.1%,7150,1.12,83.2,5.0,411,10477,0.76,0.14,0.68,0.10,0.11,0.68,71.7%,1.23,83.2,0.76,1.16
63,f0rest,"['Ninjas in Pyjamas', 'Dignitas']",2102,54673,+5675,1.16,1.10,"<div class=""summaryPlayerAge"">34 years</div>",41243,51.9%,35568,1.16,76.3,3.7,2102,54673,0.75,0.12,0.65,0.09,0.10,0.65,70.5%,1.07,76.3,0.75,1.10
64,Olivia,"['Beyond', 'Alpha Red', 'Signature']",634,16189,+1565,1.15,1.10,"<div class=""summaryPlayerAge"">25 years</div>",12279,37.0%,10714,1.15,78.5,2.4,634,16189,0.76,0.11,0.66,0.08,0.09,0.66,70.6%,1.19,78.5,0.76,1.13
65,dumau,"['00NATION', 'GODSENT', 'Yeah']",541,14372,+1623,1.18,1.10,"<div class=""summaryPlayerAge"">19 years</div>",10647,41.5%,9024,1.18,80.7,4.7,541,14372,0.74,0.14,0.63,0.08,0.11,0.63,72.7%,1.14,80.7,0.74,1.16
66,poizon,"['Complexity', 'Windigo', 'Bpro']",1108,29354,+2862,1.15,1.10,"<div class=""summaryPlayerAge"">24 years</div>",21623,33.6%,18761,1.15,78.0,3.8,1108,29354,0.74,0.12,0.64,0.09,0.10,0.64,70.6%,1.20,78.0,0.74,1.14
67,mir,"['Spirit', 'Vega Squadron', 'Gambit']",1066,28082,+2792,1.15,1.10,"<div class=""summaryPlayerAge"">27 years</div>",21326,52.0%,18534,1.15,81.5,4.9,1066,28082,0.76,0.13,0.66,0.10,0.11,0.66,71.7%,1.19,81.5,0.76,1.10
68,mertz,"['North Academy', 'Heroic', 'North', 'Nordavind', 'Singularity']",957,25381,+2587,1.16,1.10,"<div class=""summaryPlayerAge"">24 years</div>",19106,32.4%,16519,1.16,77.4,2.4,957,25381,0.75,0.10,0.65,0.10,0.10,0.65,70.4%,1.22,77.4,0.75,1.10
69,HEN1,"['MIBR', 'Immortals', 'FURIA', 'Luminosity']",1257,32662,+4231,1.23,1.10,"<div class=""summaryPlayerAge"">27 years</div>",23007,29.2%,18776,1.23,74.9,4.1,1257,32662,0.70,0.12,0.57,0.08,0.09,0.57,73.5%,1.09,74.9,0.70,1.10
70,WARDELL,"['Ghost', ""Bee's Money Crew"", 'Orgless']",609,15901,+1648,1.17,1.10,"<div class=""summaryPlayerAge"">24 years</div>",11627,27.2%,9979,1.17,74.2,2.1,609,15901,0.73,0.10,0.63,0.09,0.10,0.63,70.9%,1.19,74.2,0.73,1.13
71,CeRq,"['NRG', 'Evil Geniuses', 'Outlaws']",1234,32056,+3437,1.17,1.10,"<div class=""summaryPlayerAge"">23 years</div>",23391,27.9%,19954,1.17,73.9,2.4,1234,32056,0.73,0.10,0.62,0.10,0.11,0.62,72.1%,1.16,73.9,0.73,1.14
72,oSee,"['Liquid', 'Extra Salt', 'Singularity', 'Cloud9']",1197,31238,+3497,1.18,1.10,"<div class=""summaryPlayerAge"">23 years</div>",22947,31.4%,19450,1.18,75.6,2.8,1197,31238,0.73,0.11,0.62,0.11,0.12,0.62,72.9%,1.12,75.6,0.73,1.14
73,swag,"['Swole Patrol', 'Torqued', 'iBUYPOWER', 'Lazarus']",556,14447,+1629,1.18,1.10,"<div class=""summaryPlayerAge"">26 years</div>",10527,49.5%,8898,1.18,77.6,4.7,556,14447,0.73,0.14,0.62,0.08,0.09,0.62,72.9%,1.09,77.6,0.73,1.10
74,Brehze,"['Evil Geniuses', 'NRG']",1234,32170,+2768,1.13,1.10,"<div class=""summaryPlayerAge"">24 years</div>",24331,52.7%,21563,1.13,80.1,2.5,1234,32170,0.76,0.12,0.67,0.10,0.12,0.67,71.7%,1.14,80.1,0.76,1.10
75,hades,"['ENCE', 'Wisla Krakow']",742,20079,+2298,1.18,1.10,"<div class=""summaryPlayerAge"">23 years</div>",14722,29.8%,12424,1.18,74.0,2.3,742,20079,0.73,0.09,0.62,0.07,0.08,0.62,71.1%,1.11,74.0,0.73,1.12
76,ekul,"['Paradox', 'SYF']",452,11703,+986,1.12,1.10,"<div class=""summaryPlayerAge"">27 years</div>",8895,36.6%,7909,1.12,80.0,2.9,452,11703,0.76,0.11,0.68,0.08,0.09,0.68,68.6%,1.28,80.0,0.76,1.14
77,Ax1Le,"['Gambit Youngsters', 'Gambit']",1006,26716,+2708,1.16,1.10,"<div class=""summaryPlayerAge"">20 years</div>",19463,48.6%,16755,1.16,80.5,5.2,1006,26716,0.73,0.14,0.63,0.09,0.09,0.63,72.5%,1.15,80.5,0.73,1.16
78,nython,"['Paquetá', 'RED Canids', 'paiN']",556,14824,+1516,1.16,1.10,"<div class=""summaryPlayerAge"">25 years</div>",11088,37.3%,9572,1.16,76.4,2.3,556,14824,0.75,0.10,0.65,0.09,0.10,0.65,71.6%,1.16,76.4,0.75,1.14
79,allu,"['ENCE', 'Ninjas in Pyjamas', 'FaZe']",1721,45168,+4648,1.16,1.10,"<div class=""summaryPlayerAge"">30 years</div>",33531,28.7%,28883,1.16,75.2,3.7,1721,45168,0.74,0.11,0.64,0.07,0.09,0.64,70.0%,1.13,75.2,0.74,1.10
80,moose,"['eUnited', 'Rise Nation']",752,19559,+1975,1.16,1.10,"<div class=""summaryPlayerAge"">24 years</div>",14503,44.1%,12528,1.16,79.2,2.0,752,19559,0.74,0.12,0.64,0.08,0.09,0.64,71.5%,1.12,79.2,0.74,1.14
81,PwnAlone,"['Party Astronauts', 'New England Whalers']",976,25381,+2486,1.16,1.10,"<div class=""summaryPlayerAge"">32 years</div>",18496,31.5%,16010,1.16,76.2,3.5,976,25381,0.73,0.12,0.63,0.10,0.10,0.63,72.0%,1.17,76.2,0.73,1.14
82,Infinite,['Party Astronauts'],901,23490,+1998,1.13,1.09,"<div class=""summaryPlayerAge"">24 years</div>",17399,51.1%,15401,1.13,80.9,5.0,901,23490,0.74,0.14,0.66,0.10,0.11,0.66,72.3%,1.17,80.9,0.74,1.15
83,xccurate,"['TYLOO', 'Recca', 'BTRG', 'NKT']",698,18113,+1724,1.15,1.09,"<div class=""summaryPlayerAge"">25 years</div>",13334,31.2%,11610,1.15,74.2,1.9,698,18113,0.74,0.10,0.64,0.10,0.10,0.64,71.1%,1.14,74.2,0.74,1.09
84,mixwell,"['OpTic', 'Movistar Riders']",840,21804,+1911,1.13,1.09,"<div class=""summaryPlayerAge"">27 years</div>",16275,38.1%,14364,1.13,79.5,5.7,840,21804,0.75,0.13,0.66,0.10,0.10,0.66,71.2%,1.22,79.5,0.75,1.09
85,Sonic,"['Bravado', 'Extra Salt', 'Cloud9']",963,24799,+2362,1.15,1.09,"<div class=""summaryPlayerAge"">24 years</div>",18216,46.4%,15854,1.15,78.7,4.3,963,24799,0.73,0.13,0.64,0.11,0.11,0.64,72.5%,1.15,78.7,0.73,1.09
86,aliStair,"['ORDER', 'Chiefs', 'Renegades']",1125,28555,+2924,1.16,1.09,"<div class=""summaryPlayerAge"">24 years</div>",20680,34.7%,17756,1.16,75.4,3.3,1125,28555,0.72,0.12,0.62,0.09,0.08,0.62,71.3%,1.20,75.4,0.72,1.14
87,syrsoN,"['ALTERNATE aTTaX', 'BIG', 'Sprout']",1800,47847,+4827,1.16,1.09,"<div class=""summaryPlayerAge"">26 years</div>",34921,29.4%,30094,1.16,74.2,2.5,1800,47847,0.73,0.09,0.63,0.08,0.09,0.63,70.1%,1.20,74.2,0.73,1.09
88,JUGi,"['Heroic', 'OpTic', 'Tricked', 'North']",940,24427,+2676,1.18,1.09,"<div class=""summaryPlayerAge"">25 years</div>",17527,27.8%,14851,1.18,74.1,2.4,940,24427,0.72,0.10,0.61,0.08,0.10,0.61,72.0%,1.13,74.1,0.72,1.09
89,GeT_RiGhT,['Ninjas in Pyjamas'],1747,45082,+4284,1.15,1.09,"<div class=""summaryPlayerAge"">32 years</div>",33295,49.3%,29011,1.15,76.5,4.4,1747,45082,0.74,0.15,0.64,0.09,0.08,0.64,68.8%,1.03,76.5,0.74,1.09
90,Cooper,"['Mythic', 'Swole Patrol', 'eUnited', 'Triumph']",845,21980,+2129,1.15,1.09,"<div class=""summaryPlayerAge"">28 years</div>",16190,32.8%,14061,1.15,74.2,2.3,845,21980,0.74,0.09,0.64,0.09,0.10,0.64,70.9%,1.14,74.2,0.74,1.12
91,ryx,"['Echo Fox', 'Splyce', 'Ghost', 'Dignitas', 'Tempo Storm', 'Conquest']",491,12856,+1181,1.14,1.09,"<div class=""summaryPlayerAge"">29 years</div>",9797,36.3%,8616,1.14,83.7,3.6,491,12856,0.76,0.16,0.67,0.09,0.12,0.67,72.7%,1.11,83.7,0.76,1.09
92,Calyx,"['Eternal Fire', 'Space Soldiers', 'DarkPassage']",1177,30919,+2983,1.15,1.09,"<div class=""summaryPlayerAge"">24 years</div>",22442,57.0%,19459,1.15,77.1,3.7,1177,30919,0.73,0.12,0.63,0.09,0.10,0.63,72.7%,1.07,77.1,0.73,1.09
93,zehN,"['HAVU', 'GODSENT', 'PENTA', 'FunPlus Phoenix']",1183,31410,+2619,1.13,1.09,"<div class=""summaryPlayerAge"">31 years</div>",22941,45.5%,20322,1.13,80.4,8.0,1183,31410,0.73,0.15,0.65,0.08,0.09,0.65,71.6%,1.10,80.4,0.73,1.09
94,electroNic,"['Natus Vincere', 'FlipSid3']",1396,36878,+3069,1.13,1.09,"<div class=""summaryPlayerAge"">24 years</div>",27330,50.0%,24261,1.13,82.6,4.6,1396,36878,0.74,0.14,0.66,0.09,0.10,0.66,71.6%,1.19,82.6,0.74,1.09
95,JOTA,"['MIBR', 'Bravos', 'Keyd']",556,14491,+1392,1.15,1.09,"<div class=""summaryPlayerAge"">25 years</div>",10532,41.8%,9140,1.15,81.9,6.3,556,14491,0.73,0.16,0.63,0.09,0.10,0.63,73.3%,1.13,81.9,0.73,1.16
96,ScreaM,"['Envy', 'G2', 'Titan', 'VeryGames']",1430,37087,+3105,1.13,1.09,"<div class=""summaryPlayerAge"">28 years</div>",27501,68.1%,24396,1.13,79.1,3.3,1430,37087,0.74,0.12,0.66,0.10,0.11,0.66,71.1%,1.11,79.1,0.74,1.09
97,ritchiEE,['EC Brugge'],449,11922,+987,1.12,1.09,"<div class=""summaryPlayerAge"">24 years</div>",8938,50.6%,7951,1.12,82.4,5.0,449,11922,0.75,0.14,0.67,0.10,0.13,0.67,72.3%,1.13,82.4,0.75,1.14
98,biguzera,['paiN'],709,18845,+1744,1.15,1.09,"<div class=""summaryPlayerAge"">26 years</div>",13643,50.6%,11899,1.15,80.5,5.5,709,18845,0.72,0.15,0.63,0.10,0.11,0.63,73.2%,1.15,80.5,0.72,1.16
99,NAF,"['Liquid', 'OpTic']",1669,43922,+4270,1.15,1.09,"<div class=""summaryPlayerAge"">25 years</div>",31844,41.7%,27574,1.15,81.1,5.8,1669,43922,0.73,0.15,0.63,0.09,0.11,0.63,73.4%,1.08,81.1,0.73,1.09
100,BL1TZ,"['Chiefs', 'Legacy', 'AVANT', 'Funky Monkeys']",740,19035,+1601,1.13,1.09,"<div class=""summaryPlayerAge"">30 years</div>",14086,43.0%,12485,1.13,75.0,2.4,740,19035,0.74,0.10,0.66,0.08,0.09,0.66,69.1%,1.15,75.0,0.74,1.10
101,nex,"['BIG', 'MOUZ']",1074,28389,+2435,1.13,1.09,"<div class=""summaryPlayerAge"">30 years</div>",21063,51.5%,18628,1.13,78.8,4.7,1074,28389,0.74,0.15,0.66,0.10,0.12,0.66,72.2%,1.04,78.8,0.74,1.09
102,draken,"['Epsilon', 'Ninjas in Pyjamas', 'Into the Breach']",1277,34013,+3342,1.16,1.08,"<div class=""summaryPlayerAge"">27 years</div>",24569,30.7%,21227,1.16,74.6,2.2,1277,34013,0.72,0.10,0.62,0.08,0.08,0.62,70.5%,1.17,74.6,0.72,1.08
103,nukkye,"['Imperial', 'HellRaisers', 'NoChance']",592,15492,+1330,1.13,1.08,"<div class=""summaryPlayerAge"">25 years</div>",11227,39.2%,9897,1.13,78.3,2.6,592,15492,0.72,0.12,0.64,0.08,0.09,0.64,71.4%,1.11,78.3,0.72,1.12
104,NEOFRAG,"['OG', 'SINNERS']",768,20573,+1374,1.10,1.08,"<div class=""summaryPlayerAge"">21 years</div>",15278,49.2%,13904,1.10,84.7,8.3,768,20573,0.74,0.15,0.68,0.10,0.12,0.68,71.2%,1.22,84.7,0.74,1.15
105,fer,"['SK', 'MIBR', 'Luminosity']",1468,38442,+2823,1.11,1.08,"<div class=""summaryPlayerAge"">31 years</div>",28823,44.9%,26000,1.11,82.8,5.0,1468,38442,0.75,0.15,0.68,0.09,0.08,0.68,71.2%,1.22,82.8,0.75,1.08
106,EliGE,['Liquid'],1708,44874,+3103,1.10,1.08,"<div class=""summaryPlayerAge"">25 years</div>",33767,48.7%,30664,1.10,83.3,4.1,1708,44874,0.75,0.15,0.68,0.10,0.12,0.68,71.3%,1.23,83.3,0.75,1.08
107,hazr,"['AVANT', 'Looking For Org', 'Breakaway', 'Dire Wolves']",834,21319,+1347,1.09,1.08,"<div class=""summaryPlayerAge"">21 years</div>",15857,55.9%,14510,1.09,80.8,4.4,834,21319,0.74,0.14,0.68,0.11,0.11,0.68,71.4%,1.18,80.8,0.74,1.13
108,gas,"['Wings Up', 'LGD', 'EDG', 'Aster']",518,13599,+773,1.08,1.08,"<div class=""summaryPlayerAge"">27 years</div>",10462,59.8%,9689,1.08,81.5,2.4,518,13599,0.77,0.12,0.71,0.10,0.12,0.71,69.4%,1.17,81.5,0.77,1.11
109,exit,"['MIBR', 'Sharks']",895,23114,+2483,1.18,1.08,"<div class=""summaryPlayerAge"">26 years</div>",16134,45.3%,13651,1.18,75.9,5.2,895,23114,0.70,0.13,0.59,0.09,0.12,0.59,74.5%,0.99,75.9,0.70,1.12
110,Savage,"['VG.CyberZen', 'ViCi', 'CyberZen', '5POWER']",836,21434,+1926,1.14,1.08,"<div class=""summaryPlayerAge"">33 years</div>",15647,37.0%,13721,1.14,78.2,5.5,836,21434,0.73,0.13,0.64,0.09,0.09,0.64,71.2%,1.15,78.2,0.73,1.08
111,pz,"['VERTEX', 'TRUCKERS WITH ATTITUDE', 'Airborne']",503,13047,+1154,1.14,1.08,"<div class=""summaryPlayerAge"">23 years</div>",9341,29.3%,8187,1.14,76.0,5.6,503,13047,0.72,0.12,0.63,0.09,0.09,0.63,70.9%,1.16,76.0,0.72,1.13
112,lollipop21k,"['Nemiga', 'GoodJob']",1273,34119,+2460,1.11,1.08,"<div class=""summaryPlayerAge"">26 years</div>",25430,48.9%,22967,1.11,81.4,3.7,1272,34113,0.75,0.13,0.67,0.09,0.10,0.67,71.9%,1.11,81.4,0.75,1.13
113,DJOXiC,"['Binary Dragons', 'iNation', 'Valiance']",489,12531,+1204,1.15,1.08,"<div class=""summaryPlayerAge"">30 years</div>",9002,29.8%,7798,1.15,73.0,2.9,489,12531,0.72,0.10,0.62,0.09,0.10,0.62,70.6%,1.16,73.0,0.72,1.08
114,Detrony,['Bravado'],412,10449,+862,1.13,1.08,"<div class=""summaryPlayerAge"">32 years</div>",7633,34.7%,6771,1.13,77.4,4.4,412,10449,0.73,0.13,0.65,0.10,0.09,0.65,71.2%,1.17,77.4,0.73,1.08
115,dennyslaw,['SKADE'],1343,36198,+3237,1.14,1.08,"<div class=""summaryPlayerAge"">23 years</div>",26256,31.4%,23019,1.14,74.4,3.0,1343,36198,0.73,0.10,0.64,0.08,0.10,0.64,70.9%,1.14,74.4,0.73,1.12
116,Machinegun,"['TheMongolz', 'Mazaalai']",431,10994,+676,1.09,1.08,"<div class=""summaryPlayerAge"">32 years</div>",8352,50.3%,7676,1.09,81.4,3.2,431,10994,0.76,0.13,0.70,0.08,0.09,0.70,68.6%,1.19,81.4,0.76,1.08
117,Attacker,"['TYLOO', 'Flash']",1299,33404,+2706,1.12,1.08,"<div class=""summaryPlayerAge"">26 years</div>",24856,46.4%,22150,1.12,79.2,2.3,1299,33404,0.74,0.14,0.66,0.11,0.11,0.66,73.0%,1.12,79.2,0.74,1.08
118,faveN,"['BIG', 'Sprout', 'EURONICS']",1414,37783,+3133,1.13,1.08,"<div class=""summaryPlayerAge"">23 years</div>",27757,54.2%,24624,1.13,78.3,3.3,1414,37783,0.73,0.12,0.65,0.10,0.12,0.65,72.2%,1.12,78.3,0.73,1.13
119,felps,"['Fluxo', 'SK', 'GODSENT', 'Immortals']",1124,28859,+1824,1.09,1.08,"<div class=""summaryPlayerAge"">26 years</div>",21945,43.4%,20121,1.09,84.7,3.6,1124,28859,0.76,0.16,0.70,0.10,0.09,0.70,70.4%,1.26,84.7,0.76,1.08
120,Spinx,"['Vitality', 'ENCE', 'c0ntact']",525,14004,+1140,1.13,1.08,"<div class=""summaryPlayerAge"">22 years</div>",10180,55.5%,9040,1.13,77.6,3.4,525,14004,0.73,0.11,0.65,0.08,0.10,0.65,71.2%,1.10,77.6,0.73,1.11
121,valde,"['North', 'OG', 'Heroic']",1299,34539,+2865,1.13,1.08,"<div class=""summaryPlayerAge"">27 years</div>",25237,46.8%,22372,1.13,79.6,5.0,1299,34539,0.73,0.14,0.65,0.10,0.10,0.65,72.5%,1.09,79.6,0.73,1.08
122,keev,"['ALTERNATE aTTaX', 'BIG', 'KILLERFISH']",594,15524,+1217,1.12,1.08,"<div class=""summaryPlayerAge"">31 years</div>",11408,29.1%,10191,1.12,73.6,2.8,594,15524,0.73,0.09,0.66,0.08,0.08,0.66,68.0%,1.21,73.6,0.73,1.08
123,ZOREE,"['HAVU', 'iGame.com', 'SJ']",1767,46991,+4365,1.15,1.08,"<div class=""summaryPlayerAge"">29 years</div>",33693,33.0%,29328,1.15,73.6,3.8,1767,46991,0.72,0.10,0.62,0.08,0.10,0.62,70.6%,1.09,73.6,0.72,1.08
124,sergej,"['GORILLAZ', 'ENCE', 'HAVU']",776,20425,+1816,1.14,1.08,"<div class=""summaryPlayerAge"">20 years</div>",14855,48.2%,13039,1.14,79.3,4.0,776,20425,0.73,0.14,0.64,0.10,0.11,0.64,72.3%,1.12,79.3,0.73,1.13
125,k0nfig,"['Dignitas', 'OpTic', 'Complexity', 'North', 'Astralis']",1610,42667,+2476,1.08,1.08,"<div class=""summaryPlayerAge"">25 years</div>",32019,55.6%,29543,1.08,80.8,2.9,1610,42667,0.75,0.13,0.69,0.09,0.10,0.69,69.6%,1.19,80.8,0.75,1.08
126,cynic,"['Nouns', 'Party Astronauts', 'Triumph', 'Gaimin Gladiators']",840,21946,+1844,1.13,1.08,"<div class=""summaryPlayerAge"">23 years</div>",16137,40.1%,14293,1.13,80.3,5.7,840,21946,0.74,0.14,0.65,0.10,0.11,0.65,72.8%,1.09,80.3,0.74,1.13
127,mezii,"['fnatic', 'Endpoint', 'GamerLegion', 'Cloud9', 'Vexed']",602,16224,+1371,1.13,1.08,"<div class=""summaryPlayerAge"">24 years</div>",11643,50.0%,10272,1.13,79.5,5.4,602,16224,0.72,0.14,0.63,0.09,0.12,0.63,73.3%,1.07,79.5,0.72,1.13
128,ShahZaM,"['Complexity', 'Misfits', 'Echo Fox', 'Conquest', 'OpTic']",966,25252,+2058,1.13,1.08,"<div class=""summaryPlayerAge"">29 years</div>",18509,34.0%,16451,1.13,74.8,2.4,966,25252,0.73,0.10,0.65,0.09,0.10,0.65,70.0%,1.16,74.8,0.73,1.08
129,junior,"['Triumph', 'Bad News Bears', 'Complexity', 'FURIA']",508,13273,+1386,1.17,1.08,"<div class=""summaryPlayerAge"">22 years</div>",9370,29.3%,7984,1.17,71.2,2.2,508,13273,0.71,0.09,0.60,0.08,0.10,0.60,71.3%,1.07,71.2,0.71,1.10
130,FL1T,['forZe'],1318,35489,+3010,1.13,1.08,"<div class=""summaryPlayerAge"">22 years</div>",25957,46.6%,22947,1.13,80.4,4.4,1318,35489,0.73,0.13,0.65,0.09,0.11,0.65,72.2%,1.07,80.4,0.73,1.13
131,gxx-,"['Bad News Eagles', 'BLINK']",471,12605,+1318,1.17,1.08,"<div class=""summaryPlayerAge"">23 years</div>",8867,30.7%,7549,1.17,70.2,2.7,471,12605,0.70,0.08,0.60,0.08,0.09,0.60,70.6%,1.03,70.2,0.70,1.09
132,Hatz,"['ORDER', 'Renegades', 'Kings']",970,24686,+2046,1.13,1.08,"<div class=""summaryPlayerAge"">24 years</div>",17725,50.9%,15679,1.13,77.6,5.1,970,24686,0.72,0.14,0.64,0.10,0.10,0.64,73.0%,1.14,77.6,0.72,1.14
133,floppy,"['Complexity', 'Cloud9', 'Singularity']",919,24129,+1737,1.11,1.08,"<div class=""summaryPlayerAge"">23 years</div>",17576,49.4%,15839,1.11,80.2,3.2,919,24129,0.73,0.14,0.66,0.11,0.13,0.66,73.1%,1.12,80.2,0.73,1.14
134,Farlig,"['Copenhagen Flames', 'Astralis', 'FunPlus Phoenix', 'GODSENT']",775,20762,+1777,1.14,1.08,"<div class=""summaryPlayerAge"">23 years</div>",14833,33.4%,13056,1.14,71.4,2.4,775,20762,0.71,0.09,0.63,0.08,0.10,0.63,70.1%,1.11,71.4,0.71,1.09
135,iDISBALANCE,"['Spirit', 'Nemiga']",946,25187,+2379,1.15,1.08,"<div class=""summaryPlayerAge"">26 years</div>",18026,26.9%,15647,1.15,74.0,2.5,946,25187,0.72,0.10,0.62,0.09,0.09,0.62,71.8%,1.13,74.0,0.72,1.13
136,meyern,"['Isurus', 'Furious', 'MIBR', 'Sharks']",516,13481,+927,1.10,1.08,"<div class=""summaryPlayerAge"">20 years</div>",9783,54.1%,8856,1.10,76.6,3.6,516,13481,0.73,0.11,0.66,0.10,0.13,0.66,71.1%,1.11,76.6,0.73,1.11
137,Magisk,"['Vitality', 'Astralis', 'SK', 'Dignitas']",1497,39488,+3291,1.13,1.08,"<div class=""summaryPlayerAge"">24 years</div>",28260,47.5%,24969,1.13,79.5,5.9,1497,39488,0.72,0.15,0.63,0.09,0.09,0.63,72.7%,1.11,79.5,0.72,1.08
138,fejtZ,['SMASH'],870,23016,+1709,1.11,1.08,"<div class=""summaryPlayerAge"">25 years</div>",16980,45.1%,15271,1.11,76.8,3.6,870,23016,0.74,0.12,0.66,0.10,0.12,0.66,72.0%,1.09,76.8,0.74,1.08
139,Liazz,"['Renegades', 'ORDER', '100 Thieves', 'Kings', 'Athletico', 'EXTREMUM']",1040,26767,+2310,1.14,1.08,"<div class=""summaryPlayerAge"">25 years</div>",18811,45.9%,16501,1.14,78.3,4.6,1040,26767,0.70,0.15,0.62,0.10,0.11,0.62,73.8%,1.07,78.3,0.70,1.08
140,dupreeh,"['Astralis', 'TSM']",2036,53134,+4294,1.13,1.08,"<div class=""summaryPlayerAge"">29 years</div>",38637,50.3%,34343,1.13,76.6,3.3,2036,53134,0.73,0.14,0.65,0.09,0.09,0.65,71.6%,1.12,76.6,0.73,1.08
141,jayzaR,"['Valiance', 'Enyoy']",531,14033,+935,1.10,1.08,"<div class=""summaryPlayerAge"">25 years</div>",10481,36.4%,9546,1.10,78.8,3.5,531,14033,0.75,0.12,0.68,0.09,0.10,0.68,69.9%,1.21,78.8,0.75,1.08
142,Rickeh,"['ORDER', 'CLG', 'Rogue']",962,25181,+2388,1.15,1.07,"<div class=""summaryPlayerAge"">31 years</div>",17834,37.7%,15446,1.15,77.3,5.2,962,25181,0.71,0.13,0.61,0.08,0.09,0.61,72.7%,1.14,77.3,0.71,1.07
143,Summer,"['TYLOO', 'Flash']",1316,33913,+2803,1.13,1.07,"<div class=""summaryPlayerAge"">25 years</div>",24623,49.1%,21820,1.13,79.6,5.6,1316,33913,0.73,0.14,0.64,0.09,0.09,0.64,72.8%,1.09,79.6,0.73,1.07
144,broky,"['FaZe', 'Epsilon']",786,20996,+1971,1.15,1.07,"<div class=""summaryPlayerAge"">22 years</div>",14766,37.6%,12795,1.15,73.1,3.5,786,20996,0.70,0.10,0.61,0.10,0.11,0.61,72.7%,1.01,73.1,0.70,1.10
145,MICHU,"['Virtus.pro', 'Kinguin', 'CSGL']",1791,47050,+3101,1.10,1.07,"<div class=""summaryPlayerAge"">26 years</div>",34982,50.8%,31881,1.10,79.9,4.0,1791,47050,0.74,0.13,0.68,0.09,0.10,0.68,70.5%,1.15,79.9,0.74,1.07
146,Ryxxo,"['Tricked', 'Singularity']",880,23128,+1955,1.13,1.07,"<div class=""summaryPlayerAge"">26 years</div>",16547,33.2%,14592,1.13,76.0,6.4,880,23128,0.72,0.12,0.63,0.09,0.10,0.63,71.4%,1.12,76.0,0.72,1.07
147,ptr,"['Bad News Bears', 'NRG', 'Complexity']",1136,29729,+2699,1.15,1.07,"<div class=""summaryPlayerAge"">32 years</div>",20971,26.0%,18272,1.15,73.3,3.4,1136,29729,0.71,0.11,0.61,0.09,0.10,0.61,71.4%,1.11,73.3,0.71,1.07
148,dav1deuS,"['9z', 'Paquetá']",398,10583,+659,1.09,1.07,"<div class=""summaryPlayerAge"">22 years</div>",7796,54.1%,7137,1.09,81.7,3.7,398,10583,0.74,0.14,0.67,0.11,0.10,0.67,72.1%,1.17,81.7,0.74,1.14
149,dapr,['eUnited'],594,15426,+1002,1.10,1.07,"<div class=""summaryPlayerAge"">24 years</div>",11313,44.1%,10311,1.10,80.8,6.4,594,15426,0.73,0.15,0.67,0.10,0.11,0.67,71.3%,1.16,80.8,0.73,1.13
150,jL,"['Apeks', 'MAD Lions', 'ex-MAD Lions']",461,12363,+852,1.10,1.07,"<div class=""summaryPlayerAge"">23 years</div>",9062,48.4%,8210,1.10,78.1,4.1,461,12363,0.73,0.13,0.66,0.09,0.10,0.66,71.0%,1.13,78.1,0.73,1.11
151,NaToSaphiX,"['Sprout', 'Nordavind']",988,26353,+2520,1.16,1.07,"<div class=""summaryPlayerAge"">26 years</div>",18513,36.8%,15993,1.16,71.9,3.2,988,26353,0.70,0.10,0.61,0.09,0.10,0.61,72.5%,1.06,71.9,0.70,1.07
152,Impulse,"['Valiance', 'ONYX', 'lvlUP', 'RESISTANCE']",781,20768,+1589,1.12,1.07,"<div class=""summaryPlayerAge"">26 years</div>",14902,35.3%,13313,1.12,75.5,3.6,781,20768,0.72,0.11,0.64,0.10,0.11,0.64,71.1%,1.11,75.5,0.72,1.11
153,dexter,"['MOUZ', 'Grayhound', 'Renegades']",1070,27582,+1800,1.10,1.07,"<div class=""summaryPlayerAge"">28 years</div>",20198,48.6%,18398,1.10,80.3,5.2,1070,27582,0.73,0.14,0.67,0.09,0.09,0.67,71.0%,1.17,80.3,0.73,1.07
154,nicoodoz,"['fnatic', 'Copenhagen Flames']",807,21614,+1958,1.15,1.07,"<div class=""summaryPlayerAge"">22 years</div>",15240,31.7%,13282,1.15,71.5,3.3,807,21614,0.71,0.08,0.61,0.08,0.10,0.61,70.9%,1.06,71.5,0.71,1.09
155,jks,"['Renegades', 'Complexity', '100 Thieves']",1255,32781,+2468,1.12,1.07,"<div class=""summaryPlayerAge"">27 years</div>",23035,53.0%,20567,1.12,77.3,5.3,1255,32781,0.70,0.13,0.63,0.09,0.11,0.63,72.2%,1.05,77.3,0.70,1.07
156,xand,"['INTZ', 'Yeah']",515,13210,+875,1.10,1.07,"<div class=""summaryPlayerAge"">27 years</div>",9681,50.2%,8806,1.10,80.4,4.7,515,13210,0.73,0.14,0.67,0.10,0.10,0.67,71.7%,1.12,80.4,0.73,1.07
157,InfrequeNt,"['Athletico', 'Tainted Minds', 'Chiefs']",480,12386,+931,1.12,1.07,"<div class=""summaryPlayerAge"">28 years</div>",8969,33.7%,8038,1.12,76.3,4.2,480,12386,0.72,0.12,0.65,0.09,0.10,0.65,70.2%,1.18,76.3,0.72,1.07
158,anarkez,"['Finest', 'Secret']",798,21515,+1582,1.11,1.07,"<div class=""summaryPlayerAge"">23 years</div>",15496,30.7%,13914,1.11,73.1,2.3,798,21515,0.72,0.09,0.65,0.09,0.08,0.65,69.5%,1.16,73.1,0.72,1.10
159,EspiranTo,"['Imperial', 'Valiance', 'CR4ZY', 'c0ntact']",881,23045,+1349,1.09,1.07,"<div class=""summaryPlayerAge"">21 years</div>",17165,60.0%,15815,1.09,77.5,3.2,880,23040,0.75,0.11,0.69,0.10,0.10,0.69,70.3%,1.16,77.5,0.75,1.11
160,autimatic,"['Cloud9', 'Gen.G']",1234,32267,+2266,1.10,1.07,"<div class=""summaryPlayerAge"">26 years</div>",23877,44.6%,21611,1.10,79.3,4.0,1234,32267,0.74,0.13,0.67,0.10,0.10,0.67,71.4%,1.12,79.3,0.74,1.07
161,YEKINDAR,"['pro100', 'Virtus.pro', 'EPG']",1199,31969,+1515,1.07,1.07,"<div class=""summaryPlayerAge"">23 years</div>",23819,59.1%,22304,1.07,82.7,4.0,1199,31969,0.75,0.13,0.70,0.09,0.09,0.70,68.7%,1.29,82.7,0.75,1.14
162,hAdji,"['LDLC', 'EnVyUs Academy', 'Falcons']",1247,33007,+2344,1.11,1.07,"<div class=""summaryPlayerAge"">27 years</div>",24076,49.1%,21732,1.11,79.5,4.1,1247,33007,0.73,0.13,0.66,0.10,0.12,0.66,72.3%,1.09,79.5,0.73,1.07
163,shox,"['G2', 'Vitality']",2053,53896,+3736,1.11,1.07,"<div class=""summaryPlayerAge"">30 years</div>",39295,48.8%,35559,1.11,75.3,3.0,2053,53896,0.73,0.12,0.66,0.08,0.08,0.66,69.4%,1.08,75.3,0.73,1.07
164,hallzerk,"['Complexity', 'Dignitas', 'Nordavind']",852,23055,+1575,1.11,1.07,"<div class=""summaryPlayerAge"">22 years</div>",16549,34.3%,14974,1.11,73.4,3.2,852,23055,0.72,0.09,0.65,0.10,0.10,0.65,70.0%,1.13,73.4,0.72,1.10
165,CRUC1AL,"['Endpoint', 'Epsilon']",1535,40329,+2929,1.11,1.07,"<div class=""summaryPlayerAge"">26 years</div>",29003,29.0%,26074,1.11,73.5,2.6,1535,40329,0.72,0.10,0.65,0.09,0.11,0.65,70.1%,1.15,73.5,0.72,1.07
166,somebody,['TYLOO'],1257,32545,+2162,1.10,1.07,"<div class=""summaryPlayerAge"">27 years</div>",23795,45.7%,21633,1.10,79.9,3.5,1257,32545,0.73,0.13,0.66,0.10,0.09,0.66,71.6%,1.16,79.9,0.73,1.07
167,QKA,"['5POWER', 'UYA', 'BOOT']",402,10409,+702,1.10,1.07,"<div class=""summaryPlayerAge"">29 years</div>",7690,40.4%,6988,1.10,75.8,1.6,402,10409,0.74,0.10,0.67,0.08,0.09,0.67,69.5%,1.16,75.8,0.74,1.10
168,chelo,"['INTZ', 'MIBR', 'Luminosity']",960,24962,+1554,1.09,1.07,"<div class=""summaryPlayerAge"">24 years</div>",17914,60.6%,16360,1.09,78.1,3.6,960,24962,0.72,0.13,0.66,0.10,0.10,0.66,71.9%,1.16,78.1,0.72,1.07
169,FalleN,"['SK', 'MIBR', 'Luminosity']",1629,42726,+3876,1.15,1.07,"<div class=""summaryPlayerAge"">31 years</div>",29614,30.8%,25738,1.15,71.7,3.5,1629,42726,0.69,0.11,0.60,0.08,0.08,0.60,71.8%,1.08,71.7,0.69,1.07
170,NikoM,"['TeamOne', 'Isurus']",537,13864,+966,1.11,1.07,"<div class=""summaryPlayerAge"">25 years</div>",10105,47.1%,9139,1.11,79.9,4.7,537,13864,0.73,0.14,0.66,0.10,0.11,0.66,72.1%,1.08,79.9,0.73,1.07
171,WorldEdit,"['FlipSid3', 'pro100', 'Winstrike']",1330,34767,+2453,1.11,1.07,"<div class=""summaryPlayerAge"">31 years</div>",25244,28.1%,22791,1.11,75.0,2.6,1330,34767,0.73,0.12,0.66,0.08,0.08,0.66,69.0%,1.15,75.0,0.73,1.07
172,shroud,['Cloud9'],676,17460,+1311,1.12,1.07,"<div class=""summaryPlayerAge"">28 years</div>",12588,52.9%,11277,1.12,76.1,3.9,676,17460,0.72,0.14,0.65,0.09,0.11,0.65,71.5%,1.04,76.1,0.72,1.07
173,Pimp,"['Dignitas', 'SK', 'Liquid', 'CPH Wolves']",976,25052,+2016,1.13,1.07,"<div class=""summaryPlayerAge"">27 years</div>",18116,46.6%,16100,1.13,78.3,3.9,976,25052,0.72,0.14,0.64,0.10,0.11,0.64,70.8%,1.05,78.3,0.72,1.07
174,Lucaozy,"['Fluxo', 'Sharks', 'DETONA', 'Reapers']",525,14120,+1107,1.12,1.07,"<div class=""summaryPlayerAge"">21 years</div>",10135,50.9%,9028,1.12,76.6,3.2,525,14120,0.72,0.11,0.64,0.09,0.10,0.64,71.8%,1.09,76.6,0.72,1.11
175,reiko,['HONORIS'],510,13695,+480,1.05,1.07,"<div class=""summaryPlayerAge"">23 years</div>",10340,47.7%,9860,1.05,83.7,5.1,510,13695,0.76,0.14,0.72,0.11,0.13,0.72,70.0%,1.20,83.7,0.76,1.12
176,dycha,"['ENCE', 'Sprout', 'Aristocracy']",896,24042,+1376,1.09,1.06,"<div class=""summaryPlayerAge"">25 years</div>",17457,53.2%,16081,1.09,81.1,4.9,896,24042,0.73,0.14,0.67,0.09,0.09,0.67,70.6%,1.15,81.1,0.73,1.12
177,DD,"['TYLOO', 'OneThree']",917,23728,+1523,1.10,1.06,"<div class=""summaryPlayerAge"">28 years</div>",17450,41.9%,15927,1.10,81.5,3.1,917,23728,0.74,0.16,0.67,0.11,0.10,0.67,72.7%,1.13,81.5,0.74,1.06
178,fame,"['Outsiders', 'K23', 'SG.pro']",587,15634,+1040,1.10,1.06,"<div class=""summaryPlayerAge"">19 years</div>",11309,57.4%,10269,1.10,77.4,3.5,587,15634,0.72,0.11,0.66,0.09,0.11,0.66,70.8%,1.14,77.4,0.72,1.11
179,snatchie,"['AGO', 'Virtus.pro', 'Sprout']",1629,43656,+2589,1.09,1.06,"<div class=""summaryPlayerAge"">25 years</div>",31588,29.5%,28999,1.09,72.7,1.6,1629,43656,0.72,0.09,0.66,0.08,0.09,0.66,68.7%,1.15,72.7,0.72,1.06
180,shalfey,"['forZe', 'Unique']",544,14712,+1254,1.14,1.06,"<div class=""summaryPlayerAge"">20 years</div>",10486,46.3%,9232,1.14,77.8,3.8,544,14712,0.71,0.12,0.63,0.08,0.09,0.63,71.5%,1.10,77.8,0.71,1.12
181,CLASIA,"['RBG', 'Secret Club', 'Carpe Diem', 'ChocoCheck']",404,10557,+687,1.10,1.06,"<div class=""summaryPlayerAge"">19 years</div>",7669,49.9%,6982,1.10,79.8,4.8,404,10557,0.73,0.14,0.66,0.09,0.10,0.66,71.8%,1.10,79.8,0.73,1.12
182,HObbit,"['Gambit', 'Winstrike']",1233,32570,+2257,1.11,1.06,"<div class=""summaryPlayerAge"">28 years</div>",23546,46.5%,21289,1.11,80.0,5.6,1233,32570,0.72,0.14,0.65,0.08,0.08,0.65,71.4%,1.13,80.0,0.72,1.06
183,acoR,"['Tricked', 'North Academy', 'MAD Lions', 'MOUZ']",1142,29943,+2222,1.12,1.06,"<div class=""summaryPlayerAge"">25 years</div>",21138,37.5%,18916,1.12,73.2,3.7,1142,29943,0.71,0.10,0.63,0.09,0.09,0.63,69.8%,1.10,73.2,0.71,1.06
184,smike,"['pro100', 'ACG', ""spray'n'pray"", 'eXplosive', 'k1ck']",496,12846,+601,1.07,1.06,"<div class=""summaryPlayerAge"">24 years</div>",9538,33.0%,8937,1.07,75.3,1.3,496,12846,0.74,0.10,0.70,0.09,0.08,0.70,66.7%,1.23,75.3,0.74,1.06
185,ofnu,"['Tainted Minds', 'Chiefs', 'AVANT', 'Winterfox']",852,21778,+1380,1.10,1.06,"<div class=""summaryPlayerAge"">29 years</div>",15793,48.9%,14413,1.10,79.7,5.2,852,21778,0.73,0.15,0.66,0.10,0.10,0.66,71.4%,1.11,79.7,0.73,1.06
186,boltz,"['Immortals', 'Luminosity', 'SK', 'MIBR']",1349,35243,+2642,1.12,1.06,"<div class=""summaryPlayerAge"">25 years</div>",24980,39.2%,22338,1.12,81.6,8.9,1349,35243,0.71,0.17,0.63,0.08,0.09,0.63,72.3%,1.09,81.6,0.71,1.06
187,AnJ,"['NRG', 'Singularity', 'Tricked']",403,10503,+763,1.11,1.06,"<div class=""summaryPlayerAge"">28 years</div>",7530,50.7%,6767,1.11,77.2,3.8,403,10503,0.72,0.12,0.64,0.09,0.12,0.64,71.7%,1.09,77.2,0.72,1.06
188,malbsMd,"['TeamOne', 'Infinity']",666,17075,+630,1.05,1.06,"<div class=""summaryPlayerAge"">20 years</div>",12798,62.9%,12168,1.05,80.6,5.4,666,17075,0.75,0.12,0.71,0.11,0.11,0.71,69.5%,1.21,80.6,0.75,1.11
189,slaxz-,"['ALTERNATE aTTaX', 'Sprout']",1078,29303,+2324,1.13,1.06,"<div class=""summaryPlayerAge"">24 years</div>",20416,29.3%,18092,1.13,72.1,3.3,1078,29303,0.70,0.10,0.62,0.09,0.09,0.62,71.0%,1.11,72.1,0.70,1.10
190,Ethan,"['NRG', 'CLG', 'Evil Geniuses']",986,25998,+1488,1.09,1.06,"<div class=""summaryPlayerAge"">22 years</div>",18853,49.4%,17365,1.09,81.4,4.3,986,25998,0.73,0.15,0.67,0.11,0.11,0.67,72.1%,1.18,81.4,0.73,1.14
191,NikkeZ,"['Ground Zero', 'Athletico']",420,10817,+549,1.07,1.06,"<div class=""summaryPlayerAge"">27 years</div>",8060,46.5%,7511,1.07,82.7,4.5,420,10817,0.75,0.15,0.69,0.09,0.10,0.69,69.7%,1.15,82.7,0.75,1.06
192,Rainwaker,['SKADE'],1297,35022,+2541,1.12,1.06,"<div class=""summaryPlayerAge"">21 years</div>",24621,41.6%,22080,1.12,77.8,4.5,1297,35022,0.70,0.13,0.63,0.08,0.10,0.63,72.6%,1.05,77.8,0.70,1.11
193,s4ltovsk1yy,"['IKLA', 'EC Kyiv']",487,13272,+1064,1.13,1.06,"<div class=""summaryPlayerAge"">21 years</div>",9248,40.8%,8184,1.13,71.0,2.9,487,13272,0.70,0.09,0.62,0.08,0.09,0.62,71.4%,1.08,71.0,0.70,1.10
194,SHiPZ,"['SKADE', 'Windigo']",1865,49812,+2518,1.07,1.06,"<div class=""summaryPlayerAge"">22 years</div>",36817,49.8%,34299,1.07,79.5,3.8,1865,49812,0.74,0.13,0.69,0.10,0.10,0.69,70.3%,1.14,79.5,0.74,1.11
195,trk,"['TeamOne', 'MIBR']",955,24964,+1652,1.10,1.06,"<div class=""summaryPlayerAge"">27 years</div>",17936,48.6%,16284,1.10,78.6,5.0,955,24964,0.72,0.14,0.65,0.12,0.13,0.65,73.7%,1.10,78.6,0.72,1.13
196,Happy,"['Envy', 'LDLC']",1464,37933,+2745,1.11,1.06,"<div class=""summaryPlayerAge"">31 years</div>",28022,41.2%,25277,1.11,77.5,2.7,1464,37933,0.74,0.12,0.67,0.06,0.07,0.67,67.8%,1.00,77.5,0.74,1.06
197,roeJ,"['fnatic', 'Copenhagen Flames', 'MAD Lions', 'Tricked']",976,25759,+1466,1.08,1.06,"<div class=""summaryPlayerAge"">29 years</div>",19117,54.9%,17651,1.08,83.3,4.3,976,25759,0.74,0.15,0.69,0.11,0.11,0.69,71.6%,1.21,83.3,0.74,1.15
198,zhokiNg,"['ViCi', 'VG.CyberZen']",1243,31797,+1443,1.06,1.06,"<div class=""summaryPlayerAge"">29 years</div>",23892,50.9%,22449,1.06,83.7,3.8,1243,31797,0.75,0.17,0.71,0.12,0.10,0.71,72.6%,1.27,83.7,0.75,1.06
199,Maka,"['Heretics', 'LDLC', '3DMAX']",1274,33875,+2368,1.11,1.06,"<div class=""summaryPlayerAge"">25 years</div>",23983,35.5%,21615,1.11,74.6,4.6,1274,33875,0.71,0.11,0.64,0.09,0.09,0.64,70.0%,1.15,74.6,0.71,1.10
200,afro,"['LDLC', 'DBL PONEY', 'HEET']",691,18495,+1243,1.11,1.06,"<div class=""summaryPlayerAge"">23 years</div>",12967,33.9%,11724,1.11,72.7,5.1,691,18495,0.70,0.11,0.63,0.08,0.09,0.63,69.8%,1.13,72.7,0.70,1.09
201,Brollan,"['Ninjas in Pyjamas', 'fnatic', 'GODSENT']",1071,28421,+1499,1.08,1.06,"<div class=""summaryPlayerAge"">20 years</div>",20543,52.4%,19044,1.08,78.9,4.9,1071,28421,0.72,0.13,0.67,0.09,0.10,0.67,70.5%,1.18,78.9,0.72,1.11
202,COLDYY1,['Spirit'],947,24917,+1718,1.11,1.06,"<div class=""summaryPlayerAge"">30 years</div>",17902,55.1%,16184,1.11,77.5,3.9,947,24917,0.72,0.13,0.65,0.09,0.11,0.65,71.5%,1.07,77.5,0.72,1.06
203,Valiance,"['ORDER', 'Paradox']",662,17113,+1133,1.10,1.06,"<div class=""summaryPlayerAge"">22 years</div>",11998,51.7%,10865,1.10,75.6,3.6,662,17113,0.70,0.13,0.63,0.10,0.11,0.63,72.3%,1.04,75.6,0.70,1.10
204,b4rtiN,"['TeamOne', 'GODSENT']",547,14329,+948,1.10,1.06,"<div class=""summaryPlayerAge"">21 years</div>",10164,55.1%,9216,1.10,74.7,3.6,547,14329,0.71,0.12,0.64,0.10,0.11,0.64,72.9%,1.06,74.7,0.71,1.10
205,paz,"['Space Soldiers', 'Sangal']",1147,30130,+1910,1.10,1.06,"<div class=""summaryPlayerAge"">25 years</div>",21471,51.3%,19561,1.10,75.2,2.5,1147,30130,0.71,0.12,0.65,0.10,0.10,0.65,71.5%,1.06,75.2,0.71,1.06
206,Skadoodle,['Cloud9'],1047,27129,+2458,1.15,1.06,"<div class=""summaryPlayerAge"">29 years</div>",18365,24.8%,15907,1.15,67.5,2.7,1047,27129,0.68,0.11,0.59,0.09,0.09,0.59,73.1%,0.95,67.5,0.68,1.06
207,shz,"['Luminosity', 'Imperial', 'MIBR', 'INTZ', 'BOOM']",850,22064,+1416,1.10,1.06,"<div class=""summaryPlayerAge"">24 years</div>",15719,50.9%,14303,1.10,76.9,3.2,850,22064,0.71,0.13,0.65,0.10,0.11,0.65,71.6%,1.04,76.9,0.71,1.09
208,koosta,"['CLG', 'Ghost', 'Gen.G', 'Enemy']",977,25766,+1341,1.08,1.06,"<div class=""summaryPlayerAge"">26 years</div>",18522,37.3%,17181,1.08,76.1,3.6,977,25766,0.72,0.12,0.67,0.09,0.10,0.67,69.5%,1.12,76.1,0.72,1.06
209,pancc,"['W7M', 'Sharks']",602,15875,+818,1.08,1.06,"<div class=""summaryPlayerAge"">25 years</div>",11462,53.7%,10644,1.08,79.9,5.3,602,15875,0.72,0.14,0.67,0.09,0.10,0.67,70.2%,1.15,79.9,0.72,1.11
210,TOR,"['Signature', 'Beyond']",452,11472,+657,1.09,1.06,"<div class=""summaryPlayerAge"">29 years</div>",8271,28.9%,7614,1.09,77.0,2.9,452,11472,0.72,0.12,0.66,0.08,0.09,0.66,68.9%,1.14,77.0,0.72,1.06
211,tucks,['Chiefs'],727,18442,+1230,1.10,1.06,"<div class=""summaryPlayerAge"">26 years</div>",13116,44.0%,11886,1.10,76.0,4.1,727,18442,0.71,0.13,0.64,0.09,0.09,0.64,71.2%,1.11,76.0,0.71,1.06
212,Grim,"['Complexity', 'Liquid', 'Triumph', 'Dignitas']",1001,26317,+992,1.05,1.06,"<div class=""summaryPlayerAge"">22 years</div>",19030,48.8%,18038,1.05,78.7,3.6,1001,26317,0.72,0.13,0.69,0.12,0.13,0.69,71.6%,1.13,78.7,0.72,1.11
213,suNny,"['ENCE', 'MOUZ', 'PENTA']",1353,35708,+1623,1.07,1.05,"<div class=""summaryPlayerAge"">28 years</div>",26260,47.4%,24637,1.07,80.6,5.0,1353,35708,0.74,0.14,0.69,0.09,0.09,0.69,69.9%,1.13,80.6,0.74,1.05
214,remix,"['ODDIK', 'Liberty', 'Redemption POA', 'UNO MILLE']",488,13045,+780,1.09,1.05,"<div class=""summaryPlayerAge"">29 years</div>",9249,27.5%,8469,1.09,71.6,2.1,488,13045,0.71,0.09,0.65,0.09,0.09,0.65,69.9%,1.10,71.6,0.71,1.08
215,flying,['Invictus'],429,11438,+534,1.07,1.05,"<div class=""summaryPlayerAge"">22 years</div>",8377,50.7%,7843,1.07,78.8,3.7,429,11438,0.73,0.12,0.69,0.09,0.10,0.69,70.7%,1.07,78.8,0.73,1.09
216,SLOWLY,"['TYLOO', 'EHOME']",569,15083,+672,1.07,1.05,"<div class=""summaryPlayerAge"">21 years</div>",10944,59.0%,10272,1.07,79.0,2.9,569,15083,0.73,0.13,0.68,0.10,0.10,0.68,71.5%,1.15,79.0,0.73,1.11
217,olofmeister,"['fnatic', 'FaZe']",1569,41008,+2662,1.10,1.05,"<div class=""summaryPlayerAge"">31 years</div>",29175,46.7%,26512,1.10,72.8,4.4,1568,40998,0.71,0.13,0.65,0.09,0.08,0.65,69.3%,1.01,72.8,0.71,1.05
218,Sobol,"['HONORIS', 'PACT', 'Wisla Krakow']",954,25876,+1465,1.09,1.05,"<div class=""summaryPlayerAge"">25 years</div>",18517,52.0%,17052,1.09,78.3,4.2,954,25876,0.72,0.13,0.66,0.08,0.09,0.66,70.9%,1.07,78.3,0.72,1.09
219,rallen,"['Kinguin', 'AGO']",1829,48934,+3200,1.10,1.05,"<div class=""summaryPlayerAge"">28 years</div>",35312,43.3%,32112,1.10,82.1,7.5,1829,48934,0.72,0.16,0.66,0.09,0.09,0.66,71.4%,1.12,82.1,0.72,1.05
220,Krimbo,"['BIG', 'BIG Academy', 'ALTERNATE aTTaX', 'cowana']",467,12514,+832,1.11,1.05,"<div class=""summaryPlayerAge"">20 years</div>",8716,51.0%,7884,1.11,76.1,7.1,467,12514,0.70,0.12,0.63,0.08,0.10,0.63,71.6%,1.03,76.1,0.70,1.09
221,KEi,"['9INE', 'AVEZ', 'Anonymo']",795,21409,+845,1.06,1.05,"<div class=""summaryPlayerAge"">21 years</div>",15844,45.2%,14999,1.06,82.9,4.5,795,21409,0.74,0.14,0.70,0.09,0.09,0.70,69.7%,1.22,82.9,0.74,1.12
222,flameZ,"['OG', 'Endpoint']",477,12794,+590,1.07,1.05,"<div class=""summaryPlayerAge"">19 years</div>",9138,52.8%,8548,1.07,79.3,6.0,477,12794,0.71,0.14,0.67,0.11,0.11,0.67,71.8%,1.16,79.3,0.71,1.12
223,iM,"['GamerLegion', 'Nexus']",853,22898,+976,1.06,1.05,"<div class=""summaryPlayerAge"">23 years</div>",16930,48.0%,15954,1.06,82.2,3.7,853,22898,0.74,0.13,0.70,0.09,0.09,0.70,69.9%,1.17,82.2,0.74,1.12
224,hardzao,"['paiN', 'DETONA']",789,20756,+1545,1.12,1.05,"<div class=""summaryPlayerAge"">22 years</div>",14366,46.6%,12821,1.12,74.6,4.6,789,20756,0.69,0.13,0.62,0.10,0.11,0.62,73.4%,1.03,74.6,0.69,1.10
225,bottle,"['Born Of Fire', 'Eclipse', 'Invictus', '5POWER', 'CyberZen']",768,19801,+871,1.06,1.05,"<div class=""summaryPlayerAge"">29 years</div>",14489,56.8%,13618,1.06,79.5,3.6,768,19801,0.73,0.14,0.69,0.10,0.10,0.69,71.1%,1.11,79.5,0.73,1.05
226,Gratisfaction,"['Grayhound', 'Renegades', '100 Thieves', 'Immunity', 'EXTREMUM']",925,24079,+1675,1.11,1.05,"<div class=""summaryPlayerAge"">26 years</div>",16702,32.5%,15027,1.11,73.4,3.4,925,24079,0.69,0.12,0.62,0.10,0.10,0.62,70.7%,1.14,73.4,0.69,1.05
227,ISSAA,"['HellRaisers', 'OG']",870,22834,+1402,1.09,1.05,"<div class=""summaryPlayerAge"">26 years</div>",16229,55.5%,14827,1.09,75.7,3.6,870,22834,0.71,0.12,0.65,0.10,0.11,0.65,72.1%,1.06,75.7,0.71,1.05
228,b1t,"['Natus Vincere', 'NAVI Junior']",538,14303,+936,1.10,1.05,"<div class=""summaryPlayerAge"">20 years</div>",9957,67.2%,9021,1.10,75.5,4.3,538,14303,0.70,0.11,0.63,0.09,0.10,0.63,72.0%,1.10,75.5,0.70,1.11
229,Ramz1kBO$$,"['Tengri', 'Syman']",425,11070,+553,1.07,1.05,"<div class=""summaryPlayerAge"">23 years</div>",8110,33.8%,7557,1.07,75.9,1.5,425,11070,0.73,0.10,0.68,0.07,0.08,0.68,67.2%,1.20,75.9,0.73,1.09
230,HZ,"['TYLOO', 'CyberZen', 'AllGamers']",500,12856,+691,1.08,1.05,"<div class=""summaryPlayerAge"">32 years</div>",9305,49.4%,8614,1.08,81.7,3.8,500,12856,0.72,0.17,0.67,0.13,0.12,0.67,73.8%,1.14,81.7,0.72,1.05
231,stavn,"['Heroic', 'Fragsters']",1217,32382,+1675,1.08,1.05,"<div class=""summaryPlayerAge"">20 years</div>",23554,43.0%,21879,1.08,81.0,4.3,1217,32382,0.73,0.14,0.68,0.10,0.10,0.68,70.9%,1.14,81.0,0.73,1.12
232,cajunb,"['North', 'TSM', 'OpTic', 'Dignitas']",1751,45848,+2868,1.10,1.05,"<div class=""summaryPlayerAge"">33 years</div>",32080,41.0%,29212,1.10,73.5,3.1,1751,45848,0.70,0.12,0.64,0.09,0.10,0.64,70.1%,1.02,73.5,0.70,1.05
233,JW,['fnatic'],2119,55805,+2640,1.07,1.05,"<div class=""summaryPlayerAge"">27 years</div>",40687,36.2%,38047,1.07,76.1,4.1,2119,55805,0.73,0.14,0.68,0.08,0.08,0.68,67.5%,1.16,76.1,0.73,1.05
234,mou,"['Gambit', 'K23', 'HellRaisers', 'Syman']",1537,40784,+2563,1.10,1.05,"<div class=""summaryPlayerAge"">31 years</div>",28922,27.9%,26359,1.10,73.8,4.0,1537,40784,0.71,0.11,0.65,0.08,0.09,0.65,69.8%,1.12,73.8,0.71,1.05
235,WolfY,"['ECSTATIC', 'Lyngby Vikings', 'Secret Club', 'fnatic Rising']",627,16674,+1246,1.12,1.05,"<div class=""summaryPlayerAge"">24 years</div>",11598,33.9%,10352,1.12,71.4,3.1,627,16674,0.70,0.10,0.62,0.09,0.10,0.62,71.6%,1.06,71.4,0.70,1.09
236,tabseN,"['BIG', 'PENTA', 'MOUZ']",2047,54130,+1539,1.04,1.05,"<div class=""summaryPlayerAge"">27 years</div>",39497,49.1%,37958,1.04,84.5,8.2,2047,54130,0.73,0.16,0.70,0.09,0.09,0.70,69.5%,1.22,84.5,0.73,1.05
237,yay,"['Complexity', 'Orgless']",653,17182,+604,1.05,1.05,"<div class=""summaryPlayerAge"">24 years</div>",12452,46.7%,11848,1.05,77.6,3.4,653,17182,0.72,0.13,0.69,0.10,0.11,0.69,69.9%,1.16,77.6,0.72,1.05
238,zeph,"['ORDER', 'Chiefs', 'DGG', 'Ground Zero']",600,15248,+600,1.06,1.05,"<div class=""summaryPlayerAge"">20 years</div>",11209,47.6%,10609,1.06,79.7,3.9,600,15248,0.74,0.13,0.70,0.10,0.10,0.70,69.1%,1.21,79.7,0.74,1.11
239,REDSTAR,"['Fiend', 'Bpro']",742,19770,+1317,1.10,1.05,"<div class=""summaryPlayerAge"">21 years</div>",13897,49.1%,12580,1.10,74.8,4.4,742,19770,0.70,0.12,0.64,0.10,0.10,0.64,71.6%,1.07,74.8,0.70,1.10
240,KRIMZ,['fnatic'],1862,48979,+3140,1.10,1.05,"<div class=""summaryPlayerAge"">28 years</div>",34313,40.8%,31173,1.10,76.3,4.2,1862,48979,0.70,0.15,0.64,0.09,0.10,0.64,71.3%,1.01,76.3,0.70,1.05
241,nin9,"['NKT', 'TIGER', 'Renewal', 'Mazaalai']",458,12069,+795,1.10,1.05,"<div class=""summaryPlayerAge"">24 years</div>",8449,36.7%,7654,1.10,75.1,5.0,458,12069,0.70,0.12,0.63,0.08,0.09,0.63,69.9%,1.10,75.1,0.70,1.10
242,Lucky,"['Tricked', 'Astralis']",688,18598,+1284,1.11,1.05,"<div class=""summaryPlayerAge"">20 years</div>",12853,39.4%,11569,1.11,71.3,3.0,688,18598,0.69,0.09,0.62,0.09,0.10,0.62,70.5%,1.04,71.3,0.69,1.08
243,SicK,"['Rogue', 'Misfits', 'TSM']",795,20701,+1040,1.07,1.05,"<div class=""summaryPlayerAge"">24 years</div>",15002,49.8%,13962,1.07,77.7,2.6,795,20701,0.72,0.13,0.67,0.10,0.12,0.67,71.9%,1.11,77.7,0.72,1.05
244,c0llins,"['Partizan', '4glory']",416,11227,+470,1.06,1.05,"<div class=""summaryPlayerAge"">24 years</div>",8192,54.3%,7722,1.06,79.9,4.8,416,11227,0.73,0.13,0.69,0.09,0.11,0.69,70.2%,1.17,79.9,0.73,1.11
245,NEEX,"['Izako Boars', 'ESC']",429,11195,+574,1.08,1.05,"<div class=""summaryPlayerAge"">26 years</div>",8076,31.3%,7502,1.08,71.5,1.6,429,11195,0.72,0.09,0.67,0.08,0.10,0.67,68.2%,1.09,71.5,0.72,1.05
246,MarKE,"['Extra Salt', 'eUnited', 'Swole Patrol']",953,24531,+1434,1.09,1.05,"<div class=""summaryPlayerAge"">24 years</div>",17299,53.2%,15865,1.09,79.2,5.2,953,24531,0.71,0.15,0.65,0.10,0.12,0.65,72.9%,1.10,79.2,0.71,1.12
247,juanflatroo,"['Bad News Eagles', 'BLINK', 'Secret']",680,18209,+518,1.04,1.05,"<div class=""summaryPlayerAge"">25 years</div>",13687,56.7%,13169,1.04,82.7,5.4,680,18209,0.75,0.13,0.72,0.09,0.10,0.72,68.6%,1.16,82.7,0.75,1.10
248,loWel,"['Movistar Riders', 'PENTA', 'MOUZ']",1008,26413,+1739,1.10,1.05,"<div class=""summaryPlayerAge"">26 years</div>",18549,47.5%,16810,1.10,75.8,4.5,1008,26413,0.70,0.13,0.64,0.09,0.11,0.64,73.1%,0.97,75.8,0.70,1.05
249,sdy,['Spirit'],1213,31914,+2074,1.10,1.05,"<div class=""summaryPlayerAge"">25 years</div>",22124,50.1%,20050,1.10,76.5,4.1,1213,31914,0.69,0.13,0.63,0.10,0.11,0.63,72.5%,1.03,76.5,0.69,1.10
250,raafa,"['W7M', 'Keyd']",640,16832,+1092,1.10,1.05,"<div class=""summaryPlayerAge"">28 years</div>",11650,27.4%,10558,1.10,72.4,3.7,640,16832,0.69,0.11,0.63,0.07,0.08,0.63,69.1%,1.08,72.4,0.69,1.07
251,Marcelious,"['Apeks', '777']",515,13889,+667,1.07,1.05,"<div class=""summaryPlayerAge"">23 years</div>",9864,31.4%,9197,1.07,74.0,3.2,515,13889,0.71,0.10,0.66,0.10,0.11,0.66,69.5%,1.10,74.0,0.71,1.07
252,Zellsis,"['Swole Patrol', 'Lazarus']",626,16210,+803,1.07,1.05,"<div class=""summaryPlayerAge"">24 years</div>",11657,46.4%,10854,1.07,79.2,4.8,626,16210,0.72,0.15,0.67,0.10,0.11,0.67,71.5%,1.11,79.2,0.72,1.11
253,Bwills,"['Nouns', 'Triumph', 'Gaimin Gladiators']",956,24928,+1268,1.08,1.05,"<div class=""summaryPlayerAge"">21 years</div>",17643,50.6%,16375,1.08,78.1,6.3,956,24928,0.71,0.15,0.66,0.11,0.14,0.66,72.7%,1.05,78.1,0.71,1.10
254,Jeorge,"['Gaimin Gladiators', 'Triumph', 'ChocoCheck', 'Nouns', 'GGPR']",414,10872,+493,1.07,1.05,"<div class=""summaryPlayerAge"">19 years</div>",7674,47.3%,7181,1.07,78.8,5.9,414,10872,0.71,0.15,0.66,0.10,0.11,0.66,71.9%,1.10,78.8,0.71,1.10
255,nexa,"['G2', 'Valiance', 'Imperial', 'OG']",1340,35515,+2088,1.09,1.05,"<div class=""summaryPlayerAge"">25 years</div>",24649,51.0%,22561,1.09,75.9,4.5,1340,35515,0.69,0.13,0.64,0.10,0.11,0.64,73.0%,1.01,75.9,0.69,1.05
256,rommi,"['Spirit Academy', 'HOLLYWOOD', 'PLINK', '1337']",516,13467,+604,1.06,1.05,"<div class=""summaryPlayerAge"">29 years</div>",9899,50.8%,9295,1.06,81.1,3.7,516,13467,0.74,0.14,0.69,0.08,0.10,0.69,69.7%,1.05,81.1,0.74,1.05
257,latto,"['00NATION', 'GODSENT', 'RED Canids']",445,11812,+691,1.09,1.05,"<div class=""summaryPlayerAge"">20 years</div>",8160,46.4%,7469,1.09,77.1,6.1,445,11812,0.69,0.14,0.63,0.09,0.11,0.63,72.7%,1.05,77.1,0.69,1.10
