Ingame Name,Real Name,Current Team,Age,Total Kills,Headshot %,Total Deaths,K/D Ratio,Damage / Round,Greande Damage / Round,Maps Played,Rounds Played,Kills / Round,Assists / Round,Deaths / Round,Saved by Teammates / Round,Saved Teammates / Round,Rating
ZywOo,Mathieu Herbaut,Vitality,22 years,24631,41.1%,17853,1.38,87.8,3.7,1108,29209,0.84,0.12,0.61,0.09,0.12,1.32
s1mple,Oleksandr Kostyliev,Natus Vincere,25 years,37131,41.2%,27727,1.34,85.9,2.4,1649,43626,0.85,0.1,0.64,0.08,0.11,1.24
sh1ro,Dmitry Sokolov,Cloud9,21 years,19146,27.9%,13224,1.45,78.7,3.9,933,24798,0.77,0.11,0.53,0.08,0.11,1.26
deko,Denis Zhukov,1WIN,21 years,10722,36.8%,7851,1.37,80.5,3.7,494,13410,0.8,0.1,0.59,0.08,0.11,1.23
Kaze,Andrew Khong,Rare Atom,28 years,18529,30.4%,14102,1.31,79.5,2.9,913,23865,0.78,0.11,0.59,0.08,0.1,1.19
saffee,Rafael Costa,FURIA,28 years,9240,30.6%,7180,1.29,79.2,3.0,446,11796,0.78,0.1,0.61,0.08,0.09,1.2
smooya,Owen Butterfield,N/A,23 years,19173,27.9%,15135,1.27,79.7,2.6,917,24315,0.79,0.1,0.62,0.08,0.1,1.2
degster,Abdul Gasanov,OG,21 years,16181,34.8%,12464,1.3,78.5,2.9,778,20777,0.78,0.09,0.6,0.07,0.1,1.2
XANTARES,Ismailcan Dörtkardeş,Eternal Fire,27 years,40750,53.3%,33938,1.2,89.3,4.9,1901,50228,0.81,0.15,0.68,0.1,0.1,1.17
sterling,Euan Moore,Encore,24 years,17960,31.7%,13834,1.3,78.0,4.0,906,23220,0.77,0.1,0.6,0.08,0.1,1.2
DANK1NG,Zhenghao Lv,TYLOO,23 years,9063,39.1%,7237,1.25,80.1,2.3,434,11481,0.79,0.1,0.63,0.09,0.1,1.21
SENSEi,Dmitriy Shvorak,IKLA,24 years,12224,31.0%,9060,1.35,75.9,3.1,615,16456,0.74,0.09,0.55,0.07,0.09,1.21
device,Nicolai Reedtz,Astralis,27 years,37204,35.0%,29771,1.25,80.4,4.3,1835,47799,0.78,0.13,0.62,0.07,0.08,1.16
blameF,Benjamin Bremer,Astralis,25 years,20182,39.2%,15978,1.26,85.8,7.1,979,26288,0.77,0.14,0.61,0.07,0.09,1.23
NiKo,Nikola Kovač,G2,26 years,36082,50.5%,30256,1.19,86.0,4.5,1709,45395,0.79,0.13,0.67,0.08,0.1,1.15
JamYoung,Yi Yang,Rare Atom,21 years,7957,54.7%,6485,1.23,81.4,3.3,394,10398,0.77,0.13,0.62,0.09,0.12,1.19
KSCERATO,Kaike Cerato,FURIA,23 years,18704,49.2%,14659,1.28,79.5,5.4,972,25303,0.74,0.13,0.58,0.08,0.1,1.19
BnTeT,Hansel Ferdinand,NKT,27 years,21318,39.7%,17478,1.22,82.7,5.1,1074,27975,0.76,0.14,0.62,0.1,0.12,1.15
torzsi,Ádám Torzsás,MOUZ,20 years,10967,29.1%,8875,1.24,76.6,2.5,542,14454,0.76,0.09,0.61,0.08,0.1,1.16
Benkai,Benedict Tan,N/A,26 years,12164,46.7%,10118,1.2,85.4,4.2,603,15560,0.78,0.14,0.65,0.07,0.1,1.14
Woro2k,Volodymyr Veletniuk,Monte,21 years,9544,34.0%,7821,1.22,79.1,3.1,456,12329,0.77,0.1,0.63,0.08,0.1,1.17
coldzera,Marcelo David,00NATION,28 years,29682,49.4%,24046,1.23,78.8,2.5,1490,38979,0.76,0.11,0.62,0.08,0.1,1.14
Sico,Simon Williams,Grayhound,28 years,18189,35.9%,14421,1.26,78.6,6.8,964,24408,0.75,0.14,0.59,0.09,0.1,1.13
XigN,Hyun-Pyo Lee,NKT,25 years,15725,52.6%,13251,1.19,81.8,2.8,782,20318,0.77,0.12,0.65,0.09,0.1,1.13
Texta,Matthew O'Rourke,N/A,21 years,12537,40.3%,10789,1.16,87.1,3.6,626,15749,0.8,0.18,0.69,0.11,0.13,1.21
Jame,Dzhami Ali,Outsiders,24 years,23826,25.1%,18203,1.31,72.7,4.0,1258,33337,0.71,0.09,0.55,0.07,0.09,1.17
XELLOW,Adrian Guță,Sprout,22 years,24300,39.8%,20652,1.18,79.7,1.8,1188,31370,0.77,0.1,0.66,0.09,0.1,1.13
oskar,Tomáš Šťastný,SINNERS,31 years,30870,30.5%,25750,1.2,78.2,3.4,1532,40471,0.76,0.1,0.64,0.07,0.08,1.13
mhL,Miłosz Knasiak,Endpoint,20 years,12284,28.7%,10172,1.21,80.1,3.7,598,16068,0.76,0.12,0.63,0.09,0.11,1.17
forsyy,David Bílý,SINNERS,21 years,9197,29.3%,7457,1.23,76.7,4.2,461,12453,0.74,0.1,0.6,0.08,0.09,1.16
El1an,Aleksei Gusev,Boston crab,23 years,26798,27.0%,21924,1.22,78.0,2.8,1340,35763,0.75,0.11,0.61,0.07,0.08,1.17
frozen,David Čerňanský,MOUZ,20 years,25436,54.2%,21568,1.18,82.8,5.2,1285,33626,0.76,0.13,0.64,0.09,0.11,1.12
sk0R,Tengis Batjargal,IHC,20 years,8964,48.6%,7719,1.16,82.4,4.7,426,11495,0.78,0.12,0.67,0.09,0.1,1.16
Freeman,WingHei Cheung,TYLOO,23 years,15580,48.9%,13223,1.18,80.6,3.0,802,20514,0.76,0.13,0.64,0.09,0.11,1.16
mantuu,Mateusz Wilczewski,N/A,25 years,13904,35.7%,11530,1.21,76.7,3.4,696,18646,0.75,0.11,0.62,0.09,0.12,1.16
kennyS,Kenny Schrub,Falcons,27 years,38685,31.2%,32187,1.2,74.4,3.4,1936,51280,0.75,0.11,0.63,0.09,0.11,1.12
huNter-,Nemanja Kovač,G2,27 years,31502,49.3%,27098,1.16,84.5,5.5,1546,40816,0.77,0.14,0.66,0.1,0.11,1.12
liTTle,Anatoliy Yashin,9 Pandas,34 years,9317,27.7%,7766,1.2,78.5,2.6,457,12154,0.77,0.1,0.64,0.07,0.09,1.12
INS,Joshua Potter,Grayhound,24 years,19482,42.6%,16661,1.17,85.7,8.6,1013,25672,0.76,0.17,0.65,0.1,0.09,1.19
yuurih,Yuri Santos,FURIA,23 years,20918,44.2%,17658,1.18,84.1,5.0,1064,27772,0.75,0.15,0.64,0.09,0.11,1.18
woxic,Özgür Eker,N/A,24 years,24364,32.1%,20225,1.2,76.4,2.5,1257,33092,0.74,0.11,0.61,0.08,0.1,1.12
kNgV-,Vito Giuseppe,O PLANO,30 years,17894,32.4%,15276,1.17,78.3,2.1,894,23430,0.76,0.1,0.65,0.08,0.09,1.12
dgt,Franco Garcia,9z,21 years,9754,49.6%,8002,1.22,78.0,3.7,498,13203,0.74,0.12,0.61,0.09,0.12,1.15
Jamppi,Elias Olkkonen,N/A,21 years,10302,31.8%,8894,1.16,78.2,2.8,503,13449,0.77,0.1,0.66,0.08,0.09,1.15
ropz,Robin Kool,FaZe,23 years,23861,51.7%,19834,1.2,78.4,2.5,1220,32318,0.74,0.11,0.61,0.07,0.09,1.14
wrath,Collin McSweegan,N/A,21 years,10634,50.1%,9395,1.13,83.9,3.5,525,13568,0.78,0.14,0.69,0.11,0.14,1.12
SunPayus,Alvaro Garcia,ENCE,24 years,7931,29.7%,6464,1.23,74.3,3.6,409,10958,0.72,0.1,0.59,0.08,0.1,1.16
h4rn,Deyvid Benchev,VOYVODA,22 years,13385,28.5%,10988,1.22,74.8,3.4,684,18337,0.73,0.1,0.6,0.08,0.09,1.15
chelleos,Michael Hawkins,Rooster,22 years,12005,31.9%,10528,1.14,83.5,4.1,601,15529,0.77,0.13,0.68,0.1,0.09,1.19
PTC,Kitikawin Rattanasukol,N/A,24 years,9304,36.1%,7896,1.18,76.9,2.0,476,12393,0.75,0.1,0.64,0.08,0.09,1.14
nawwk,Tim Jonasson,Apeks,25 years,19704,35.1%,16252,1.21,73.3,2.8,999,26751,0.74,0.09,0.61,0.09,0.11,1.13
erkaSt,Erdenetsogt Gantulga,NKT,27 years,18366,50.0%,15902,1.15,82.7,5.1,924,24030,0.76,0.15,0.66,0.09,0.09,1.16
splashske,Nevin Aw,N/A,23 years,14145,38.4%,12334,1.15,78.5,3.5,722,18651,0.76,0.11,0.66,0.09,0.09,1.11
zorte,Aleksandr Zagodyrenko,forZe,24 years,17402,36.1%,14369,1.21,73.7,2.7,894,23988,0.73,0.09,0.6,0.09,0.11,1.15
Twistzz,Russel Van Dulken,FaZe,23 years,28178,62.0%,23972,1.18,76.9,3.5,1466,38566,0.73,0.12,0.62,0.1,0.12,1.11
vsm,Vinicius Moreira,Fluxo,23 years,13115,47.8%,11416,1.15,82.3,3.3,657,17388,0.75,0.13,0.66,0.09,0.09,1.16
GuardiaN,Ladislav Kovács,N/A,31 years,30757,29.6%,25994,1.18,71.8,2.8,1590,41693,0.74,0.11,0.62,0.08,0.09,1.11
ottoNd,Otto Sihvo,HAVU,25 years,17557,27.0%,14796,1.19,76.1,3.3,898,23724,0.74,0.1,0.62,0.09,0.11,1.15
dream3r,Simeon Ganev,VOYVODA,26 years,26128,49.5%,21814,1.2,76.5,3.1,1354,35532,0.74,0.12,0.61,0.08,0.11,1.11
xsepower,Bogdan Chernikov,Nemiga,24 years,25734,24.9%,20941,1.23,72.3,2.2,1337,35899,0.72,0.08,0.58,0.07,0.08,1.15
CacaNito,Aleksandar Kjulukoski,BLUEJAYS,22 years,8133,46.2%,7283,1.12,86.1,5.0,394,10579,0.77,0.15,0.69,0.09,0.11,1.16
FREDDyFROG,Fredrik Gustafsson,N/A,29 years,23752,40.3%,20146,1.18,80.4,3.9,1208,32176,0.74,0.14,0.63,0.09,0.11,1.11
TenZ,Tyson Ngo,N/A,21 years,7931,51.3%,7092,1.12,82.4,3.2,401,10399,0.76,0.14,0.68,0.1,0.12,1.15
Vexite,Declan Portelli,Grayhound,18 years,8004,57.1%,7150,1.12,83.2,5.0,411,10477,0.76,0.14,0.68,0.1,0.11,1.16
f0rest,Patrik Lindberg,N/A,34 years,41243,51.9%,35568,1.16,76.3,3.7,2102,54673,0.75,0.12,0.65,0.09,0.1,1.1
Olivia,Peeratch Ingkudanonda,LZ,25 years,12279,37.0%,10714,1.15,78.5,2.4,634,16189,0.76,0.11,0.66,0.08,0.09,1.13
dumau,Eduardo Wolkmer,00NATION,19 years,10545,41.6%,8945,1.18,80.7,4.7,536,14244,0.74,0.14,0.63,0.08,0.11,1.16
poizon,Valentin Vasilev,N/A,24 years,21623,33.6%,18761,1.15,78.0,3.8,1108,29354,0.74,0.12,0.64,0.09,0.1,1.14
mir,Nikolay Bityukov,N/A,27 years,21326,52.0%,18534,1.15,81.5,4.9,1066,28082,0.76,0.13,0.66,0.1,0.11,1.1
mertz,Daniel Mertz,XI,24 years,19106,32.4%,16519,1.16,77.4,2.4,957,25381,0.75,0.1,0.65,0.1,0.1,1.1
HEN1,Henrique Teles,MIBR,27 years,22966,29.2%,18755,1.22,74.9,4.1,1255,32610,0.7,0.12,0.58,0.08,0.09,1.1
WARDELL,Matthew Yu,N/A,24 years,11627,27.2%,9979,1.17,74.2,2.1,609,15901,0.73,0.1,0.63,0.09,0.1,1.13
CeRq,Tsvetelin Dimitrov,N/A,23 years,23391,27.9%,19954,1.17,73.9,2.4,1234,32056,0.73,0.1,0.62,0.1,0.11,1.14
oSee,Josh Ohm,Liquid,23 years,22947,31.4%,19450,1.18,75.6,2.8,1197,31238,0.73,0.11,0.62,0.11,0.12,1.14
swag,Braxton Pierce,N/A,26 years,10527,49.5%,8898,1.18,77.6,4.7,556,14447,0.73,0.14,0.62,0.08,0.09,1.1
Brehze,Vincent Cayonte,Evil Geniuses,24 years,24232,52.7%,21467,1.13,80.2,2.5,1228,32018,0.76,0.12,0.67,0.1,0.12,1.1
hades,Olek Miskiewicz,9INE,23 years,14722,29.8%,12424,1.18,74.0,2.3,742,20079,0.73,0.09,0.62,0.07,0.08,1.12
ekul,Luke Blakey,N/A,27 years,8895,36.6%,7909,1.12,80.0,2.9,452,11703,0.76,0.11,0.68,0.08,0.09,1.14
Ax1Le,Sergey Rykhtorov,Cloud9,20 years,19463,48.6%,16755,1.16,80.5,5.2,1006,26716,0.73,0.14,0.63,0.09,0.09,1.16
moose,Kaleb Jayne,N/A,24 years,14503,44.1%,12528,1.16,79.2,2.0,752,19559,0.74,0.12,0.64,0.08,0.09,1.14
allu,Aleksi Jalli,JANO,30 years,33422,28.7%,28810,1.16,75.2,3.7,1717,45044,0.74,0.11,0.64,0.07,0.09,1.1
nython,Gabriel Lino,Paquetá,25 years,11024,37.4%,9528,1.16,76.4,2.3,553,14736,0.75,0.1,0.65,0.09,0.1,1.14
Infinite,Gage Green,Strife,24 years,17371,51.1%,15372,1.13,81.0,5.0,899,23439,0.74,0.14,0.66,0.1,0.11,1.15
PwnAlone,Josh Pigue,EG White,32 years,18415,31.6%,15949,1.15,76.2,3.5,972,25271,0.73,0.12,0.63,0.1,0.1,1.14
xccurate,Kevin Susanto,N/A,25 years,13334,31.2%,11610,1.15,74.2,1.9,698,18113,0.74,0.1,0.64,0.1,0.1,1.09
mixwell,Oscar Cañellas,N/A,27 years,16275,38.1%,14364,1.13,79.5,5.7,840,21804,0.75,0.13,0.66,0.1,0.1,1.09
Sonic,Aran Groesbeek,N/A,24 years,18216,46.4%,15854,1.15,78.7,4.3,963,24799,0.73,0.13,0.64,0.11,0.11,1.09
aliStair,Alistair Johnston,Grayhound,24 years,20680,34.7%,17756,1.16,75.4,3.3,1125,28555,0.72,0.12,0.62,0.09,0.08,1.14
syrsoN,Florian Rische,BIG,26 years,34921,29.4%,30094,1.16,74.2,2.5,1800,47847,0.73,0.09,0.63,0.08,0.09,1.09
JUGi,Jakob Hansen,N/A,25 years,17527,27.8%,14851,1.18,74.1,2.4,940,24427,0.72,0.1,0.61,0.08,0.1,1.09
GeT_RiGhT,Christopher Alesund,N/A,32 years,33295,49.3%,29011,1.15,76.5,4.4,1747,45082,0.74,0.15,0.64,0.09,0.08,1.09
Cooper,Austin Abadir,Mythic,28 years,16118,32.7%,13982,1.15,74.3,2.3,840,21866,0.74,0.09,0.64,0.09,0.1,1.12
Calyx,Buğra Arkın,Eternal Fire,24 years,22346,57.0%,19370,1.15,77.1,3.7,1172,30771,0.73,0.12,0.63,0.09,0.1,1.09
ryx,Ronnie Bylicki,N/A,29 years,9797,36.3%,8616,1.14,83.7,3.6,491,12856,0.76,0.16,0.67,0.09,0.12,1.09
zehN,Jesse Linjala,N/A,31 years,22941,45.5%,20322,1.13,80.4,8.0,1183,31410,0.73,0.15,0.65,0.08,0.09,1.09
electroNic,Denis Sharipov,Natus Vincere,24 years,27330,50.0%,24261,1.13,82.6,4.6,1396,36878,0.74,0.14,0.66,0.09,0.1,1.09
JOTA,Jhonatan Willian,Imperial,25 years,10532,41.8%,9140,1.15,81.9,6.3,556,14491,0.73,0.16,0.63,0.09,0.1,1.16
ScreaM,Adil Benrlitom,N/A,28 years,27501,68.1%,24396,1.13,79.1,3.3,1430,37087,0.74,0.12,0.66,0.1,0.11,1.09
ritchiEE,Richard Mestdagh,undefined,24 years,8938,50.6%,7951,1.12,82.4,5.0,449,11922,0.75,0.14,0.67,0.1,0.13,1.14
biguzera,Rodrigo Bittencourt,paiN,26 years,13555,50.7%,11819,1.15,80.5,5.5,704,18720,0.72,0.15,0.63,0.1,0.11,1.16
NAF,Keith Markovic,Liquid,25 years,31844,41.7%,27574,1.15,81.1,5.8,1669,43922,0.73,0.15,0.63,0.09,0.11,1.09
BL1TZ,Peter Athanasatos,VERTEX,30 years,14086,43.0%,12485,1.13,75.0,2.4,740,19035,0.74,0.1,0.66,0.08,0.09,1.1
nex,Johannes Maget,N/A,30 years,21063,51.5%,18628,1.13,78.8,4.7,1074,28389,0.74,0.15,0.66,0.1,0.12,1.09
nukkye,Žygimantas Chmieliauskas,N/A,25 years,11227,39.2%,9897,1.13,78.3,2.6,592,15492,0.72,0.12,0.64,0.08,0.09,1.12
draken,William Sundin,GODSENT,27 years,24519,30.7%,21194,1.16,74.6,2.2,1275,33953,0.72,0.1,0.62,0.08,0.08,1.08
NEOFRAG,Adam Zouhar,OG,21 years,15278,49.2%,13904,1.1,84.7,8.3,768,20573,0.74,0.15,0.68,0.1,0.12,1.15
fer,Fernando Alvarenga,N/A,31 years,28823,44.9%,26000,1.11,82.8,5.0,1468,38442,0.75,0.15,0.68,0.09,0.08,1.08
hazr,Jared O'Bree,VERTEX,21 years,15826,55.9%,14484,1.09,80.9,4.4,832,21272,0.74,0.14,0.68,0.11,0.11,1.13
EliGE,Jonathan Jablonowski,Liquid,25 years,33767,48.7%,30664,1.1,83.3,4.1,1708,44874,0.75,0.15,0.68,0.1,0.12,1.08
pz,Jordan White,VERTEX,23 years,9314,29.3%,8161,1.14,76.0,5.6,501,13000,0.72,0.12,0.63,0.09,0.09,1.13
gas,Yi Ding,Wings Up,27 years,10462,59.8%,9689,1.08,81.5,2.4,518,13599,0.77,0.12,0.71,0.1,0.12,1.11
exit,Raphael Lacerda,MIBR,26 years,16097,45.3%,13620,1.18,75.9,5.2,893,23062,0.7,0.13,0.59,0.09,0.12,1.12
Savage,Bin Liu,TCG,33 years,15647,37.0%,13721,1.14,78.2,5.5,836,21434,0.73,0.13,0.64,0.09,0.09,1.08
lollipop21k,Igor Solodkov,Websterz,26 years,25430,48.9%,22967,1.11,81.4,3.7,1272,34113,0.75,0.13,0.67,0.09,0.1,1.13
DJOXiC,Đorđe Niciforović,GamerS1337,30 years,9002,29.8%,7798,1.15,73.0,2.9,489,12531,0.72,0.1,0.62,0.09,0.1,1.08
dennyslaw,Denislav Dimitrov,500,23 years,26203,31.4%,22974,1.14,74.4,3.0,1340,36119,0.73,0.1,0.64,0.08,0.1,1.12
Detrony,Dimitri Hadjipaschali,N/A,32 years,7633,34.7%,6771,1.13,77.4,4.4,412,10449,0.73,0.13,0.65,0.1,0.09,1.08
faveN,Josef Baumann,BIG,23 years,27730,54.3%,24584,1.13,78.3,3.3,1412,37730,0.73,0.12,0.65,0.1,0.12,1.13
ZOREE,Lasse Uronen,JANO,29 years,33635,32.9%,29245,1.15,73.6,3.8,1763,46867,0.72,0.1,0.62,0.08,0.1,1.08
Machinegun,Enkhtaivan Lkhagva,NKT,32 years,8352,50.3%,7676,1.09,81.4,3.2,431,10994,0.76,0.13,0.7,0.08,0.09,1.08
Attacker,YuanZhang Sheng,TYLOO,26 years,24761,46.4%,22069,1.12,79.2,2.3,1294,33272,0.74,0.14,0.66,0.11,0.11,1.08
Spinx,Lotan Giladi,Vitality,22 years,10180,55.5%,9040,1.13,77.6,3.4,525,14004,0.73,0.11,0.65,0.08,0.1,1.11
valde,Valdemar Bjørn Vangså,ENCE,27 years,25237,46.8%,22372,1.13,79.6,5.0,1299,34539,0.73,0.14,0.65,0.1,0.1,1.08
keev,Kevin Bartholomäus,N/A,31 years,11408,29.1%,10191,1.12,73.6,2.8,594,15524,0.73,0.09,0.66,0.08,0.08,1.08
sergej,Jere Salo,GORILLAZ,20 years,14855,48.2%,13039,1.14,79.3,4.0,776,20425,0.73,0.14,0.64,0.1,0.11,1.13
cynic,David Polster,Nouns,23 years,16055,40.1%,14207,1.13,80.3,5.7,835,21818,0.74,0.14,0.65,0.1,0.11,1.13
felps,João Vasconcellos,Fluxo,26 years,21900,43.4%,20097,1.09,84.6,3.6,1122,28812,0.76,0.16,0.7,0.1,0.09,1.08
k0nfig,Kristian Wienecke,Ninjas in Pyjamas,25 years,32019,55.6%,29543,1.08,80.8,2.9,1610,42667,0.75,0.13,0.69,0.09,0.1,1.08
mezii,William Merriman,fnatic,24 years,11643,50.0%,10272,1.13,79.5,5.4,602,16224,0.72,0.14,0.63,0.09,0.12,1.13
gxx-,Genc Kolgeci,Bad News Eagles,23 years,8816,30.7%,7492,1.18,70.3,2.7,468,12517,0.7,0.08,0.6,0.08,0.09,1.09
ShahZaM,Shahzeb Khan,N/A,29 years,18509,34.0%,16451,1.13,74.8,2.4,966,25252,0.73,0.1,0.65,0.09,0.1,1.08
junior,Paytyn Johnson,Complexity,22 years,9370,29.3%,7984,1.17,71.2,2.2,508,13273,0.71,0.09,0.6,0.08,0.1,1.1
FL1T,Evgenii Lebedev,Outsiders,22 years,25957,46.6%,22947,1.13,80.4,4.4,1318,35489,0.73,0.13,0.65,0.09,0.11,1.13
Hatz,Jordan Bajic,N/A,24 years,17725,50.9%,15679,1.13,77.6,5.1,970,24686,0.72,0.14,0.64,0.1,0.1,1.14
floppy,Ricky Kemery,Complexity,23 years,17576,49.4%,15839,1.11,80.2,3.2,919,24129,0.73,0.14,0.66,0.11,0.13,1.14
Farlig,Asger Jensen,Astralis,23 years,14833,33.4%,13056,1.14,71.4,2.4,775,20762,0.71,0.09,0.63,0.08,0.1,1.09
iDISBALANCE,Artem Egorov,K23,26 years,18026,26.9%,15647,1.15,74.0,2.5,946,25187,0.72,0.1,0.62,0.09,0.09,1.13
meyern,Ignacio Meyer,BESTIA,20 years,9783,54.1%,8856,1.1,76.6,3.6,516,13481,0.73,0.11,0.66,0.1,0.13,1.11
Magisk,Emil Reif,Vitality,24 years,28260,47.5%,24969,1.13,79.5,5.9,1497,39488,0.72,0.15,0.63,0.09,0.09,1.08
fejtZ,Kristjan Allsaar,sYnck ,25 years,16980,45.1%,15271,1.11,76.8,3.6,870,23016,0.74,0.12,0.66,0.1,0.12,1.08
Liazz,Jay Tregillgas,Grayhound,25 years,18811,45.9%,16501,1.14,78.3,4.6,1040,26767,0.7,0.15,0.62,0.1,0.11,1.08
dupreeh,Peter Rasmussen,Vitality,29 years,38637,50.3%,34343,1.13,76.6,3.3,2036,53134,0.73,0.14,0.65,0.09,0.09,1.08
jayzaR,Aleksandar Zarkovic,N/A,25 years,10481,36.4%,9546,1.1,78.8,3.5,531,14033,0.75,0.12,0.68,0.09,0.1,1.08
Rickeh,Ricardo Mulholland,N/A,31 years,17834,37.7%,15446,1.15,77.3,5.2,962,25181,0.71,0.13,0.61,0.08,0.09,1.07
broky,Helvijs Saukants,FaZe,22 years,14766,37.6%,12795,1.15,73.1,3.5,786,20996,0.7,0.1,0.61,0.1,0.11,1.1
Summer,YuLun Cai,TYLOO,25 years,24529,49.0%,21747,1.13,79.5,5.6,1311,33781,0.73,0.14,0.64,0.09,0.09,1.07
MICHU,Michał Müller,N/A,26 years,34982,50.8%,31881,1.1,79.9,4.0,1791,47050,0.74,0.13,0.68,0.09,0.1,1.07
Ryxxo,Thomas Nielsen,CEPTER,26 years,16547,33.2%,14592,1.13,76.0,6.4,880,23128,0.72,0.12,0.63,0.09,0.1,1.07
ptr,Peter Gurney,N/A,32 years,20971,26.0%,18272,1.15,73.3,3.4,1136,29729,0.71,0.11,0.61,0.09,0.1,1.07
jL,Justinas Lekavicius,Apeks,23 years,8973,48.3%,8115,1.11,78.0,4.1,456,12238,0.73,0.12,0.66,0.09,0.1,1.11
dapr,Michael Gulino,N/A,24 years,11313,44.1%,10311,1.1,80.8,6.4,594,15426,0.73,0.15,0.67,0.1,0.11,1.13
NaToSaphiX,Niels Christian Sillassen,undefined,26 years,18513,36.8%,15993,1.16,71.9,3.2,988,26353,0.7,0.1,0.61,0.09,0.1,1.07
Impulse,Aleksa Stankić,ex-4glory,26 years,14902,35.3%,13313,1.12,75.5,3.6,781,20768,0.72,0.11,0.64,0.1,0.11,1.11
dexter,Christopher Nong,MOUZ,28 years,20198,48.6%,18398,1.1,80.3,5.2,1070,27582,0.73,0.14,0.67,0.09,0.09,1.07
nicoodoz,Nico Tamjidi,fnatic,22 years,15240,31.7%,13282,1.15,71.5,3.3,807,21614,0.71,0.08,0.61,0.08,0.1,1.09
hAdji,Ali Haïnouss,Falcons,27 years,24011,49.1%,21653,1.11,79.5,4.1,1243,32898,0.73,0.13,0.66,0.1,0.12,1.07
jks,Justin Savage,G2,27 years,23035,53.0%,20567,1.12,77.3,5.3,1255,32781,0.7,0.13,0.63,0.09,0.11,1.07
xand,Alexandre Zizi,N/A,27 years,9681,50.2%,8806,1.1,80.4,4.7,515,13210,0.73,0.14,0.67,0.1,0.1,1.07
InfrequeNt,Jesse Barker,N/A,28 years,8969,33.7%,8038,1.12,76.3,4.2,480,12386,0.72,0.12,0.65,0.09,0.1,1.07
autimatic,Timothy Ta,Evil Geniuses,26 years,23778,44.5%,21512,1.11,79.4,4.0,1228,32115,0.74,0.13,0.67,0.1,0.1,1.07
EspiranTo,Rokas Milasauskas,Budapest Five,21 years,17165,60.0%,15815,1.09,77.5,3.2,880,23040,0.75,0.11,0.69,0.1,0.1,1.11
YEKINDAR,Mareks Gaļinskis,Liquid,23 years,23819,59.1%,22304,1.07,82.7,4.0,1199,31969,0.75,0.13,0.7,0.09,0.09,1.14
anarkez,Guy Trachtman,ECLOT,23 years,15389,30.7%,13832,1.11,73.1,2.3,793,21380,0.72,0.09,0.65,0.09,0.08,1.1
shox,Richard Papillon,Nakama,30 years,39295,48.8%,35559,1.11,75.3,3.0,2053,53896,0.73,0.12,0.66,0.08,0.08,1.07
hallzerk,Håkon Fjærli,Complexity,22 years,16549,34.3%,14974,1.11,73.4,3.2,852,23055,0.72,0.09,0.65,0.1,0.1,1.1
somebody,HaoWen Xu,N/A,27 years,23795,45.7%,21633,1.1,79.9,3.5,1257,32545,0.73,0.13,0.66,0.1,0.09,1.07
CRUC1AL,Joey Steusel,Into the Breach,26 years,28961,29.0%,26040,1.11,73.5,2.6,1533,40278,0.72,0.1,0.65,0.09,0.11,1.07
QKA,ZhiHai Fu,WDNMD,29 years,7690,40.4%,6988,1.1,75.8,1.6,402,10409,0.74,0.1,0.67,0.08,0.09,1.1
chelo,Marcelo Cespedes,Imperial,24 years,17914,60.6%,16360,1.09,78.1,3.6,960,24962,0.72,0.13,0.66,0.1,0.1,1.07
FalleN,Gabriel Toledo,Imperial,31 years,29614,30.8%,25738,1.15,71.7,3.5,1629,42726,0.69,0.11,0.6,0.08,0.08,1.07
NikoM,Nicolas Miozzi,N/A,25 years,10105,47.1%,9139,1.11,79.9,4.7,537,13864,0.73,0.14,0.66,0.1,0.11,1.07
WorldEdit,Georgi Yaskin,N/A,31 years,25244,28.1%,22791,1.11,75.0,2.6,1330,34767,0.73,0.12,0.66,0.08,0.08,1.07
shroud,Mike Grzesiek,N/A,28 years,12588,52.9%,11277,1.12,76.1,3.9,676,17460,0.72,0.14,0.65,0.09,0.11,1.07
Pimp,Jacob Winneche,N/A,27 years,18116,46.6%,16100,1.13,78.3,3.9,976,25052,0.72,0.14,0.64,0.1,0.11,1.07
reiko,Kamil Cegiełko,HONORIS,23 years,10340,47.7%,9860,1.05,83.7,5.1,510,13695,0.76,0.14,0.72,0.11,0.13,1.12
Lucaozy,Lucas Neves,Fluxo,21 years,10095,50.8%,9002,1.12,76.6,3.2,523,14073,0.72,0.11,0.64,0.09,0.1,1.11
dycha,Paweł Dycha,ENCE,25 years,17414,53.2%,16037,1.09,81.1,4.8,894,23982,0.73,0.14,0.67,0.09,0.09,1.12
DD,Hui Wu,N/A,28 years,17450,41.9%,15927,1.1,81.5,3.1,917,23728,0.74,0.16,0.67,0.11,0.1,1.06
fame,Petr Bolyshev,Outsiders,19 years,11309,57.4%,10269,1.1,77.4,3.5,587,15634,0.72,0.11,0.66,0.09,0.11,1.11
snatchie,Michał Rudzki,Entropiq,25 years,31588,29.5%,28999,1.09,72.7,1.6,1629,43656,0.72,0.09,0.66,0.08,0.09,1.06
shalfey,Aleksandr Marenov,forZe,20 years,10486,46.3%,9232,1.14,77.8,3.8,544,14712,0.71,0.12,0.63,0.08,0.09,1.12
HObbit,Abay Khassenov,Cloud9,28 years,23546,46.5%,21289,1.11,80.0,5.6,1233,32570,0.72,0.14,0.65,0.08,0.08,1.06
CLASIA,Anthony Kearney,yur,19 years,7545,49.8%,6877,1.1,79.7,4.7,397,10389,0.73,0.14,0.66,0.09,0.1,1.11
s4ltovsk1yy,Kyrylo Lytvynov,IKLA,21 years,9232,40.7%,8150,1.13,71.1,2.9,485,13226,0.7,0.09,0.62,0.08,0.09,1.1
smike,Sergey Sklyarenko,schadE halt,24 years,9538,33.0%,8937,1.07,75.3,1.3,496,12846,0.74,0.1,0.7,0.09,0.08,1.06
ofnu,Chris Hanley,N/A,29 years,15793,48.9%,14413,1.1,79.7,5.2,852,21778,0.73,0.15,0.66,0.1,0.1,1.06
acoR,Frederik Gyldstrand,GamerLegion,25 years,21100,37.6%,18896,1.12,73.2,3.7,1140,29898,0.71,0.1,0.63,0.09,0.1,1.06
boltz,Ricardo Prass,Imperial,25 years,24980,39.2%,22338,1.12,81.6,8.9,1349,35243,0.71,0.17,0.63,0.08,0.09,1.06
AnJ,Allan Jensen,N/A,28 years,7530,50.7%,6767,1.11,77.2,3.8,403,10503,0.72,0.12,0.64,0.09,0.12,1.06
slaxz-,Fritz Dietrich,ALTERNATE aTTaX,24 years,20416,29.3%,18092,1.13,72.1,3.3,1078,29303,0.7,0.1,0.62,0.09,0.09,1.1
Ethan,Ethan Arnold,N/A,22 years,18853,49.4%,17365,1.09,81.4,4.3,986,25998,0.73,0.15,0.67,0.11,0.11,1.14
NikkeZ,Nikhil Victor,N/A,27 years,8060,46.5%,7511,1.07,82.7,4.5,420,10817,0.75,0.15,0.69,0.09,0.1,1.06
Rainwaker,Aleks Petrov,500,21 years,24562,41.6%,22033,1.11,77.8,4.5,1294,34943,0.7,0.13,0.63,0.08,0.1,1.11
SHiPZ,Georgi Grigorov,500,22 years,36748,49.8%,34243,1.07,79.5,3.8,1862,49733,0.74,0.13,0.69,0.1,0.1,1.11
trk,Alencar Rossato,TeamOne,27 years,17844,48.6%,16196,1.1,78.6,5.0,950,24822,0.72,0.14,0.65,0.12,0.12,1.13
Happy,Vincent Schopenhauer,N/A,31 years,28022,41.2%,25277,1.11,77.5,2.7,1464,37933,0.74,0.12,0.67,0.06,0.07,1.06
roeJ,Fredrik Jørgensen,fnatic,29 years,19117,54.9%,17651,1.08,83.3,4.3,976,25759,0.74,0.15,0.69,0.11,0.11,1.15
zhokiNg,WeiJie Zhong,Take me away,29 years,23839,50.9%,22397,1.06,83.7,3.8,1240,31723,0.75,0.17,0.71,0.12,0.1,1.06
malbsMd,Mario Samayoa,TeamOne,20 years,12667,63.0%,12079,1.05,80.5,5.3,661,16933,0.75,0.12,0.71,0.11,0.11,1.11
Maka,Bryan Canda,HEET,25 years,23942,35.5%,21580,1.11,74.6,4.6,1272,33821,0.71,0.11,0.64,0.09,0.09,1.1
afro,Aurélien Drapier,LDLC,23 years,12967,33.9%,11724,1.11,72.7,5.1,691,18495,0.7,0.11,0.63,0.08,0.09,1.09
Brollan,Ludvig Brolin,Ninjas in Pyjamas,20 years,20543,52.4%,19044,1.08,78.9,4.9,1071,28421,0.72,0.13,0.67,0.09,0.1,1.11
COLDYY1,Pavel Veklenko,N/A,30 years,17902,55.1%,16184,1.11,77.5,3.9,947,24917,0.72,0.13,0.65,0.09,0.11,1.06
Valiance,Matthew Hartrick,N/A,22 years,11998,51.7%,10865,1.1,75.6,3.6,662,17113,0.7,0.13,0.63,0.1,0.11,1.1
b4rtiN,Bruno Câmara,N/A,21 years,10164,55.1%,9216,1.1,74.7,3.6,547,14329,0.71,0.12,0.64,0.1,0.11,1.1
shz,Bruno Martinelli,O PLANO,24 years,15673,51.0%,14241,1.1,77.0,3.2,847,21981,0.71,0.13,0.65,0.1,0.11,1.1
paz,Ahmet Karahoca,N/A,25 years,21471,51.3%,19561,1.1,75.2,2.5,1147,30130,0.71,0.12,0.65,0.1,0.1,1.06
Skadoodle,Tyler Latham,N/A,29 years,18365,24.8%,15907,1.15,67.5,2.7,1047,27129,0.68,0.11,0.59,0.09,0.09,1.06
koosta,Kenneth Suen,N/A,26 years,18522,37.3%,17181,1.08,76.1,3.6,977,25766,0.72,0.12,0.67,0.09,0.1,1.06
pancc,Fillipe Martins,N/A,25 years,11462,53.7%,10644,1.08,79.9,5.3,602,15875,0.72,0.14,0.67,0.09,0.1,1.11
remix,Victor Monteiro,ODDIK,29 years,9167,27.5%,8378,1.09,71.7,2.1,483,12908,0.71,0.09,0.65,0.09,0.09,1.08
TOR,Tosapol Saekow,N/A,29 years,8271,28.9%,7614,1.09,77.0,2.9,452,11472,0.72,0.12,0.66,0.08,0.09,1.06
tucks,Tyler Reilly,Majestic Foghorns,26 years,13116,44.0%,11886,1.1,76.0,4.1,727,18442,0.71,0.13,0.64,0.09,0.09,1.06
Grim,Michael Wince,Complexity,22 years,19030,48.8%,18038,1.05,78.7,3.6,1001,26317,0.72,0.13,0.69,0.12,0.13,1.11
suNny,Miikka Kemppi,Believe,28 years,26260,47.4%,24637,1.07,80.6,5.0,1353,35708,0.74,0.14,0.69,0.09,0.09,1.05
Krimbo,Karim Moussa,BIG,20 years,8687,51.0%,7846,1.11,76.1,7.1,465,12461,0.7,0.12,0.63,0.08,0.1,1.09
flying,Peiqi Song,Wings Up,22 years,8377,50.7%,7843,1.07,78.8,3.7,429,11438,0.73,0.12,0.69,0.09,0.1,1.09
SLOWLY,Kelun Sun,TYLOO,21 years,10944,59.0%,10272,1.07,79.0,2.9,569,15083,0.73,0.13,0.68,0.1,0.1,1.11
olofmeister,Olof Kajbjer,FaZe,31 years,29175,46.7%,26512,1.1,72.8,4.4,1568,40998,0.71,0.13,0.65,0.09,0.08,1.05
Sobol,Kamil Sobolewski,HONORIS,25 years,18517,52.0%,17052,1.09,78.3,4.2,954,25876,0.72,0.13,0.66,0.08,0.09,1.09
rallen,Karol Rodowicz,Into the Breach,28 years,35275,43.3%,32076,1.1,82.1,7.5,1827,48883,0.72,0.16,0.66,0.09,0.09,1.05
hardzao,Wesley Lopes,paiN,22 years,14300,46.6%,12753,1.12,74.6,4.6,784,20631,0.69,0.13,0.62,0.1,0.1,1.1
KEi,Kamil Pietkun,9INE,21 years,15844,45.2%,14999,1.06,82.9,4.5,795,21409,0.74,0.14,0.7,0.09,0.09,1.12
flameZ,Shahar Shushan,OG,19 years,9138,52.8%,8548,1.07,79.3,6.0,477,12794,0.71,0.14,0.67,0.11,0.11,1.12
bottle,Lei Mao,N/A,29 years,14489,56.8%,13618,1.06,79.5,3.6,768,19801,0.73,0.14,0.69,0.1,0.1,1.05
Gratisfaction,Sean Kaiwai,Encore,26 years,16662,32.4%,14987,1.11,73.3,3.4,923,24032,0.69,0.12,0.62,0.1,0.1,1.05
ISSAA,Issa Murad,N/A,26 years,16229,55.5%,14827,1.09,75.7,3.6,870,22834,0.71,0.12,0.65,0.1,0.11,1.05
iM,Mihai Ivan,GamerLegion,23 years,16884,48.0%,15935,1.06,82.1,3.7,851,22853,0.74,0.13,0.7,0.09,0.09,1.11
b1t,Valeriy Vakhovskiy,Natus Vincere,20 years,9957,67.2%,9021,1.1,75.5,4.3,538,14303,0.7,0.11,0.63,0.09,0.1,1.11
Ramz1kBO$$,Ramazan Bashizov,Golden Knights,23 years,8110,33.8%,7557,1.07,75.9,1.5,425,11070,0.73,0.1,0.68,0.07,0.08,1.09
HZ,Zhen Huang,TSG,32 years,9305,49.4%,8614,1.08,81.7,3.8,500,12856,0.72,0.17,0.67,0.13,0.12,1.05
stavn,Martin Lund,Heroic,20 years,23554,43.0%,21879,1.08,81.0,4.3,1217,32382,0.73,0.14,0.68,0.1,0.1,1.12
cajunb,René Borg,N/A,33 years,32080,41.0%,29212,1.1,73.5,3.1,1751,45848,0.7,0.12,0.64,0.09,0.1,1.05
JW,Jesper Wecksell,EYEBALLERS,27 years,40649,36.2%,38006,1.07,76.1,4.1,2117,55745,0.73,0.14,0.68,0.08,0.08,1.05
WolfY,Adam Andersson,N/A,24 years,11531,33.8%,10275,1.12,71.3,3.1,622,16556,0.7,0.1,0.62,0.09,0.1,1.09
mou,Rustem Telepov,Forward,31 years,28890,27.9%,26323,1.1,73.8,4.0,1535,40730,0.71,0.11,0.65,0.08,0.09,1.05
tabseN,Johannes Wodarz,BIG,27 years,39469,49.1%,37918,1.04,84.5,8.2,2045,54077,0.73,0.16,0.7,0.09,0.09,1.05
Lucky,Philip Ewald,Tricked,20 years,12783,39.4%,11493,1.11,71.4,3.0,684,18487,0.69,0.09,0.62,0.09,0.1,1.08
yay,Jaccob Whiteaker,N/A,24 years,12452,46.7%,11848,1.05,77.6,3.4,653,17182,0.72,0.13,0.69,0.1,0.11,1.05
zeph,Charlie Dodd,N/A,20 years,11209,47.6%,10609,1.06,79.7,3.9,600,15248,0.74,0.13,0.7,0.1,0.1,1.11
REDSTAR,Hristiyan Pironkov,VOYVODA,21 years,13763,49.0%,12460,1.1,74.7,4.4,735,19581,0.7,0.12,0.64,0.1,0.1,1.1
KRIMZ,Freddy Johansson,fnatic,28 years,34313,40.8%,31173,1.1,76.3,4.2,1862,48979,0.7,0.15,0.64,0.09,0.1,1.05
nin9,Yesuntumur Gantulga,NKT,24 years,8361,36.7%,7578,1.1,75.1,5.0,453,11946,0.7,0.12,0.63,0.08,0.09,1.1
SicK,Hunter Mims,N/A,24 years,15002,49.8%,13962,1.07,77.7,2.6,795,20701,0.72,0.13,0.67,0.1,0.12,1.05
c0llins,Luka Živanović,Partizan,24 years,8087,54.3%,7624,1.06,79.8,4.8,410,11085,0.73,0.13,0.69,0.09,0.11,1.1
NEEX,Sebastian Trela,N/A,26 years,8076,31.3%,7502,1.08,71.5,1.6,429,11195,0.72,0.09,0.67,0.08,0.1,1.05
juanflatroo,Flatron Halimi,Bad News Eagles,25 years,13627,56.7%,13109,1.04,82.7,5.4,677,18121,0.75,0.13,0.72,0.09,0.1,1.1
loWel,Christian Garcia Antoran,N/A,26 years,18549,47.5%,16810,1.1,75.8,4.5,1008,26413,0.7,0.13,0.64,0.09,0.11,1.05
MarKE,Edgar Maldonado,Nouns,24 years,17199,53.2%,15779,1.09,79.2,5.2,948,24403,0.7,0.15,0.65,0.11,0.12,1.12
Bwills,Brendan Williams,Nouns,21 years,17564,50.6%,16291,1.08,78.2,6.4,951,24800,0.71,0.15,0.66,0.11,0.14,1.1
raafa,Rafael Lima,N/A,28 years,11650,27.4%,10558,1.1,72.4,3.7,640,16832,0.69,0.11,0.63,0.07,0.08,1.07
Marcelious,Ole Kristian Langan,N/A,23 years,9864,31.4%,9197,1.07,74.0,3.2,515,13889,0.71,0.1,0.66,0.1,0.11,1.07
sdy,Viktor Orudzhev,Monte,25 years,22065,50.2%,20013,1.1,76.5,4.1,1210,31845,0.69,0.13,0.63,0.1,0.11,1.1
Zellsis,Jordan Montemurro,N/A,24 years,11657,46.4%,10854,1.07,79.2,4.8,626,16210,0.72,0.15,0.67,0.1,0.11,1.11
Jeorge,Jeorge  Endicott,EG Black,19 years,7674,47.3%,7181,1.07,78.8,5.9,414,10872,0.71,0.15,0.66,0.1,0.11,1.1
nexa,Nemanja Isaković,OG,25 years,24649,51.0%,22561,1.09,75.9,4.5,1340,35515,0.69,0.13,0.64,0.1,0.11,1.05
rommi,Roman Golubev,Linx Legacy,29 years,9899,50.8%,9295,1.06,81.1,3.7,516,13467,0.74,0.14,0.69,0.08,0.1,1.05
rigoN,Rigon Gashi,Bad News Eagles,23 years,9713,54.2%,9528,1.02,81.2,3.4,484,12964,0.75,0.13,0.73,0.1,0.1,1.09
Flarich,Vadim Karetin,EC Kyiv,26 years,19803,55.3%,17982,1.1,73.9,3.7,1083,28855,0.69,0.11,0.62,0.08,0.1,1.07
cadiaN,Casper Møller,Heroic,27 years,28897,27.7%,26132,1.11,73.2,4.9,1578,41691,0.69,0.11,0.63,0.09,0.08,1.04
TeSeS,René Madsen,Heroic,22 years,17790,54.7%,16679,1.07,78.1,4.8,935,24938,0.71,0.14,0.67,0.11,0.12,1.1
latto,Bruno Rebelatto,00NATION,20 years,8067,46.3%,7404,1.09,77.0,6.1,440,11684,0.69,0.14,0.63,0.09,0.11,1.1
phzy,Love Smidebrant,Sangal,20 years,11087,28.3%,10019,1.11,72.1,2.9,598,16192,0.68,0.1,0.62,0.08,0.09,1.08
jkaem,Joakim Myrbostad,Apeks,28 years,27536,51.5%,26254,1.05,80.3,3.8,1422,37658,0.73,0.14,0.7,0.11,0.1,1.04
fleav,Fodor Levente,Juggernauts,22 years,11342,39.6%,10773,1.05,80.0,2.8,590,15468,0.73,0.13,0.7,0.09,0.1,1.09
malta,Liam Schembri,VERTEX,27 years,18577,39.4%,17093,1.09,77.4,3.9,1052,26781,0.69,0.15,0.64,0.09,0.08,1.1
Kjaerbye,Markus Kjærbye,N/A,24 years,28943,52.8%,26849,1.08,78.4,3.9,1549,40780,0.71,0.14,0.66,0.09,0.1,1.04
FASHR,Dion Derksen,fnatic,27 years,15366,48.9%,14607,1.05,78.8,5.4,811,21491,0.71,0.15,0.68,0.11,0.13,1.1
aumaN,ZhiHong Liu,Take me away,28 years,16141,41.7%,14919,1.08,80.8,5.8,888,22785,0.71,0.16,0.65,0.08,0.08,1.04
zewsy,Ryan Palmer,N/A,25 years,11142,41.0%,10475,1.06,79.0,3.4,618,15666,0.71,0.16,0.67,0.11,0.1,1.04
STOMP,Daniel Płomiński,N/A,28 years,15139,26.1%,13810,1.1,73.3,3.9,809,21729,0.7,0.11,0.64,0.08,0.09,1.09
skullz,Felipe Medeiros,paiN,20 years,8301,54.0%,7668,1.08,75.4,3.9,444,11939,0.7,0.13,0.64,0.1,0.12,1.09
motm,Ian Hardy,N/A,23 years,19904,50.3%,18804,1.06,76.2,3.4,1055,27749,0.72,0.12,0.68,0.11,0.12,1.09
Hiko,Spencer Martin,N/A,32 years,16611,53.9%,15079,1.1,71.6,5.0,937,24398,0.68,0.14,0.62,0.1,0.11,1.04
Geniuss,Kritthee Sawatmuang,N/A,24 years,7345,56.4%,7036,1.04,78.5,3.3,398,10155,0.72,0.13,0.69,0.11,0.11,1.11
DavCost,Vadim Vasilyev,Invictus International,26 years,24540,32.3%,22611,1.09,73.5,3.2,1335,35173,0.7,0.12,0.64,0.08,0.09,1.04
HSK,Hae-Sung Kim,N/A,28 years,9678,31.1%,8833,1.1,75.2,4.5,540,13851,0.7,0.14,0.64,0.12,0.12,1.04
Aerial,Jani Jussila,HAVU,29 years,20207,41.3%,18982,1.06,77.7,2.8,1066,28493,0.71,0.15,0.67,0.11,0.11,1.1
Swisher,Michael Schmid,ATK,24 years,14723,48.1%,13958,1.05,79.9,5.5,788,20503,0.72,0.15,0.68,0.1,0.11,1.1
Bubzkji,Lucas Andersen,N/A,24 years,15534,50.8%,14571,1.07,80.4,5.4,817,21619,0.72,0.14,0.67,0.09,0.1,1.04
Snax,Janusz Pogorzelski,Let us cook,29 years,40913,36.8%,38079,1.07,74.7,4.4,2204,58221,0.7,0.13,0.65,0.08,0.08,1.04
ANDROID,Bradley Fodor,N/A,28 years,15394,50.7%,14358,1.07,75.7,3.0,835,21741,0.71,0.13,0.66,0.1,0.12,1.04
Qikert,Alexey Golubev,Outsiders,24 years,24525,56.2%,22698,1.08,76.9,4.9,1338,35353,0.69,0.13,0.64,0.1,0.09,1.1
LOVEYY,KunHua Bai,N/A,34 years,12939,52.0%,12240,1.06,78.0,3.5,708,17977,0.72,0.15,0.68,0.11,0.11,1.04
land1n,Paulo Felipe,TropiCaos,29 years,14506,31.0%,13192,1.1,69.9,2.3,822,21494,0.67,0.1,0.61,0.08,0.09,1.04
eraa,Sean Knutsson,Young Ninjas,21 years,13184,33.4%,12288,1.07,72.8,3.4,692,18724,0.7,0.1,0.66,0.08,0.09,1.06
n0rb3r7,David Danielyan,Outsiders,21 years,21527,50.8%,20710,1.04,79.2,4.2,1132,30205,0.71,0.13,0.69,0.08,0.07,1.09
b0denmaster,Jonathan Bodenmalm,ATK,24 years,12718,32.6%,11795,1.08,73.3,4.5,695,18424,0.69,0.11,0.64,0.09,0.08,1.08
KHTEX,Dener Barchfield,N/A,26 years,11300,45.4%,10433,1.08,75.1,4.3,628,16208,0.7,0.13,0.64,0.09,0.1,1.08
buster,Timur Tulepov,Cloud9,23 years,22612,47.9%,20668,1.09,73.4,3.5,1260,33293,0.68,0.12,0.62,0.08,0.09,1.08
Davidp,David Prins,N/A,28 years,14255,39.7%,13246,1.08,77.9,7.6,774,20539,0.69,0.14,0.64,0.07,0.08,1.03
tb,BingYuan Li,WDNMD,32 years,11088,49.9%,10380,1.07,76.7,3.5,619,15737,0.7,0.15,0.66,0.11,0.11,1.03
TRAVIS,Aleksandr Timkiv,1WIN,25 years,11248,54.0%,10704,1.05,78.7,4.4,598,16039,0.7,0.13,0.67,0.09,0.08,1.1
dEE,Miloš Marčeta,N/A,27 years,9215,32.8%,8590,1.07,72.2,2.8,496,13121,0.7,0.1,0.65,0.09,0.1,1.07
tarik,Tarik Celik,N/A,27 years,26620,37.8%,25304,1.05,76.8,2.9,1438,37326,0.71,0.14,0.68,0.11,0.1,1.03
REZ,Fredrik Sterner,Ninjas in Pyjamas,25 years,26216,49.4%,24824,1.06,78.0,3.8,1420,37357,0.7,0.14,0.66,0.1,0.1,1.03
flusha,Robin Rönnquist,EYEBALLERS,29 years,37739,42.0%,35288,1.07,80.4,9.4,2055,54045,0.7,0.17,0.65,0.09,0.08,1.03
NK4Y,Nikola Radushev,N/A,27 years,8697,62.1%,8268,1.05,76.3,3.6,480,12325,0.71,0.14,0.67,0.1,0.11,1.07
chawzyyy,Hugo Günther,N/A,17 years,7594,40.0%,7091,1.07,74.9,4.2,414,11057,0.69,0.13,0.64,0.09,0.09,1.08
Kntz,Krit Chaiprasit,N/A,25 years,10068,47.4%,9398,1.07,75.3,2.8,552,14299,0.7,0.12,0.66,0.1,0.11,1.07
twist,Simon Eliasson,ex-Finest,28 years,34352,41.5%,32636,1.05,76.8,5.1,1830,48686,0.71,0.14,0.67,0.09,0.09,1.03
Subroza,Yassine Taoufik,N/A,25 years,11748,48.4%,11373,1.03,80.7,5.2,623,16275,0.72,0.15,0.7,0.09,0.09,1.1
USTILO,Karlo Pivac,N/A,29 years,20989,46.0%,20058,1.05,77.5,3.2,1153,29801,0.7,0.14,0.67,0.1,0.1,1.03
DeStiNy,Lucas Bullo,Paquetá,25 years,22063,50.9%,21253,1.04,79.0,3.3,1173,30515,0.72,0.14,0.7,0.11,0.1,1.03
yam,Yaman Ergenekon,N/A,34 years,9755,34.6%,9105,1.07,74.5,4.9,547,14003,0.7,0.13,0.65,0.09,0.09,1.03
Swahn,Christopher Swahn,Disconnected,25 years,8895,26.3%,8292,1.07,71.9,3.6,487,12836,0.69,0.1,0.65,0.1,0.1,1.07
znajder,Andreas Lindberg,N/A,29 years,19778,47.9%,18708,1.06,76.8,4.3,1050,27577,0.72,0.15,0.68,0.1,0.1,1.03
kabal,Bat-Enkh Batbayar,IHC,27 years,16368,45.9%,15407,1.06,76.9,4.8,891,23460,0.7,0.13,0.66,0.08,0.09,1.08
Relaxa,Joakim Gustafsson,N/A,29 years,21480,30.2%,19549,1.1,72.4,4.3,1204,32063,0.67,0.12,0.61,0.09,0.09,1.03
DEV7L,Patrik Stuchlík,N/A,26 years,9988,34.2%,9406,1.06,72.4,2.7,549,14256,0.7,0.1,0.66,0.09,0.1,1.03
refrezh,Ismail Ali,Sprout,25 years,20389,48.8%,19247,1.06,74.4,3.5,1101,29432,0.69,0.12,0.65,0.1,0.1,1.07
RCF,Rodrigo Figueiredo,Case,22 years,12731,42.5%,12113,1.05,74.9,2.9,682,17905,0.71,0.11,0.68,0.1,0.1,1.09
Lucky,Lucas Chastang,HEET,24 years,23201,41.5%,21714,1.07,76.8,6.5,1266,33837,0.69,0.14,0.64,0.1,0.1,1.09
captainMo,Ke Liu,Steel Helmet,33 years,14956,40.2%,14339,1.04,74.2,2.5,814,20980,0.71,0.12,0.68,0.1,0.1,1.03
Thomas,Thomas Utting,Into the Breach,25 years,19122,41.3%,18150,1.05,81.1,5.6,1011,26883,0.71,0.17,0.68,0.11,0.11,1.11
alex,Alejandro Masanet,Movistar Riders,27 years,25291,45.8%,23800,1.06,76.6,4.6,1374,36411,0.69,0.14,0.65,0.09,0.1,1.03
dobu,Gan-Erdene Batbold,Eruption,23 years,15976,54.5%,15342,1.04,79.8,3.7,855,22460,0.71,0.15,0.68,0.1,0.1,1.03
AiyvaN,Ivan Semenets,LeeK,26 years,12747,37.8%,12169,1.05,74.2,3.2,701,18214,0.7,0.11,0.67,0.1,0.1,1.03
J3nsyy,Theis Jensen,MASONIC,22 years,8648,32.4%,8004,1.08,69.7,4.4,476,12815,0.67,0.09,0.62,0.09,0.09,1.06
KENSI,Aleksandr Gurkin,Aurora,21 years,11696,53.7%,10869,1.08,74.3,4.8,633,17122,0.68,0.12,0.63,0.09,0.09,1.07
sjuush,Rasmus Beck,Heroic,24 years,16762,51.8%,15742,1.06,75.5,4.0,928,24525,0.68,0.13,0.64,0.1,0.11,1.09
Patsi,Robert Isyanov,Spirit,19 years,11366,44.3%,11025,1.03,79.7,3.9,592,15920,0.71,0.13,0.69,0.1,0.1,1.09
Maden,Pavle Bošković,ENCE,24 years,14935,50.8%,14557,1.03,79.3,5.4,777,20742,0.72,0.13,0.7,0.09,0.09,1.08
kressy,Marko Đorđević,N/A,26 years,20407,47.9%,19240,1.06,75.6,3.8,1106,29606,0.69,0.13,0.65,0.1,0.1,1.07
JUST,Tiago Moura,SAW,26 years,18462,55.0%,17559,1.05,75.1,5.6,1015,26838,0.69,0.13,0.65,0.09,0.11,1.03
stfN,Stefan Seier,N/A,30 years,25135,46.5%,23693,1.06,75.6,4.0,1365,36267,0.69,0.14,0.65,0.1,0.12,1.03
JonY BoY,Jonathan Muñoz,VELOX,31 years,7637,34.6%,7293,1.05,74.9,3.7,426,10943,0.7,0.11,0.67,0.09,0.09,1.03
aizy,Philip Aistrup,NtK,26 years,28987,50.4%,27794,1.04,75.6,4.3,1574,41456,0.7,0.13,0.67,0.1,0.1,1.03
max,Maximiliano Gonzalez,9z,23 years,11742,45.7%,11095,1.06,79.2,4.5,633,16790,0.7,0.15,0.66,0.1,0.1,1.11
shuadapai,Wei Wang,R-Stars,32 years,9880,52.4%,9388,1.05,76.0,3.5,549,14214,0.7,0.14,0.66,0.11,0.11,1.08
rain,Håvard Nygaard,FaZe,28 years,31777,56.0%,30898,1.03,79.9,3.7,1691,44804,0.71,0.15,0.69,0.1,0.09,1.03
RIKO,Dylan Sabin-Arnce,N/A,26 years,7573,52.7%,7418,1.02,77.6,3.4,406,10568,0.72,0.13,0.7,0.1,0.11,1.06
Maluk3,Pedro Campos,TeamOne,32 years,21144,28.9%,19754,1.07,72.5,5.4,1184,30686,0.69,0.11,0.64,0.09,0.08,1.08
food,Victor Wong,N/A,26 years,8248,50.2%,7868,1.05,77.2,3.9,456,11711,0.7,0.14,0.67,0.11,0.11,1.03
dennis,Dennis Edman,N/A,32 years,29932,54.4%,28801,1.04,76.5,4.0,1580,41962,0.71,0.12,0.69,0.09,0.1,1.03
Forester,Igor Bezotecheskiy,1WIN,23 years,23686,53.7%,22552,1.05,76.5,3.4,1280,34135,0.69,0.13,0.66,0.09,0.09,1.08
DiMKE,Dimitrije Veljković,ex-4glory,29 years,12294,46.8%,11815,1.04,78.9,4.4,663,17460,0.7,0.15,0.68,0.11,0.12,1.02
hoody,Aaro Peltokangas,N/A,24 years,10871,49.6%,10469,1.04,77.2,3.7,575,15453,0.7,0.13,0.68,0.09,0.1,1.07
juho,Juho Lampinen,N/A,27 years,14787,46.0%,14640,1.01,78.5,2.4,774,20351,0.73,0.14,0.72,0.1,0.09,1.02
Blytz,Raul Gligor,Let us cook,22 years,8316,51.0%,8079,1.03,79.0,4.4,437,11709,0.71,0.14,0.69,0.1,0.11,1.08
CyberFocus,Roman Dergach,N/A,28 years,9080,29.7%,8760,1.04,74.2,2.0,491,12779,0.71,0.11,0.69,0.08,0.08,1.02
kai,Kaique Guidotti,N/A,27 years,8814,35.3%,8399,1.05,75.9,4.4,483,12692,0.69,0.14,0.66,0.09,0.11,1.07
imoRR,Ömer Karataş,Eternal Fire,23 years,14998,50.5%,14816,1.01,78.9,4.4,780,20939,0.72,0.13,0.71,0.11,0.09,1.1
pashaBiceps,Jarosław Jarząbkowski,N/A,34 years,29557,37.3%,28568,1.03,72.4,4.2,1597,41346,0.71,0.13,0.69,0.08,0.08,1.02
AMANEK,François Delaunay,LDLC,29 years,20404,45.7%,19122,1.07,74.9,4.7,1121,30127,0.68,0.13,0.63,0.09,0.09,1.02
smiley,Algat Abdul,Unique,25 years,8764,28.8%,8133,1.08,72.5,3.3,478,12883,0.68,0.1,0.63,0.08,0.09,1.07
kolor,Ádám Domoszlay,Rapid Ninjas,23 years,10692,27.7%,10344,1.03,73.1,2.1,579,15144,0.71,0.11,0.68,0.1,0.12,1.05
dragonfly,Jacob Lund,ex-Maknitude,26 years,9094,25.1%,8592,1.06,70.8,3.1,507,13234,0.69,0.09,0.65,0.09,0.08,1.06
niko,Nikolaj Kristensen,OG,24 years,22342,49.5%,21267,1.05,75.1,4.3,1224,32371,0.69,0.13,0.66,0.1,0.11,1.02
jdm64,Josh Marzano,N/A,32 years,14626,23.6%,13801,1.06,70.1,2.9,823,21321,0.69,0.1,0.65,0.1,0.09,1.02
fnx,Lincoln Lau,N/A,33 years,12323,49.7%,11661,1.06,78.4,5.9,690,17759,0.69,0.16,0.66,0.08,0.08,1.02
MonttY,Martin Melišek,N/A,23 years,9507,46.6%,9169,1.04,77.3,1.9,522,13451,0.71,0.14,0.68,0.11,0.11,1.02
FANAT ROCKA,Vasiliy Trusov,N/A,31 years,8262,27.1%,7809,1.06,71.8,2.8,465,12150,0.68,0.11,0.64,0.08,0.09,1.02
disco doplan,Joakim Gidetun,N/A,27 years,22193,43.9%,21099,1.05,76.1,3.6,1207,32000,0.69,0.13,0.66,0.09,0.1,1.02
HS,Kevin Tarn,N/A,26 years,20451,49.2%,20042,1.02,78.4,5.0,1077,28801,0.71,0.15,0.7,0.1,0.11,1.02
Nico,Nicolaj Jensen,N/A,31 years,6738,26.0%,6191,1.09,80.6,4.9,399,10074,0.67,0.12,0.61,0.08,0.14,1.02
bondik,Vladyslav Nechyporchuk,N/A,29 years,26616,47.7%,25160,1.06,74.5,5.3,1470,38637,0.69,0.13,0.65,0.09,0.1,1.02
mouz,Mikołaj Karolewski,N/A,27 years,31408,50.2%,29667,1.06,74.1,3.2,1720,45715,0.69,0.13,0.65,0.09,0.1,1.02
cxzi,Danny Strzelczyk,Vendetta,22 years,10950,36.4%,10867,1.01,80.8,5.3,582,15179,0.72,0.15,0.72,0.1,0.08,1.09
qqGOD,Phoomphat Phodjanat,LZ,25 years,10674,40.9%,10394,1.03,79.2,3.3,584,15180,0.7,0.16,0.68,0.09,0.09,1.02
MoeycQ,Mohammed Tizani,N/A,30 years,11650,36.9%,11240,1.04,75.2,5.1,639,16594,0.7,0.12,0.68,0.09,0.09,1.02
fl0m,Erik Flom,Mythic,30 years,13681,30.9%,13053,1.05,73.8,3.6,744,19669,0.7,0.12,0.66,0.1,0.1,1.02
Snakes,Ryan Amann,Strife,20 years,8369,42.2%,7994,1.05,74.9,4.6,473,12195,0.69,0.13,0.66,0.1,0.1,1.07
jedqr,Grzegorz Jędras,AGO,24 years,16835,53.2%,16041,1.05,77.4,6.2,902,24360,0.69,0.15,0.66,0.1,0.11,1.08
spargo,Jarkko Rahja,N/A,21 years,10362,32.2%,9899,1.05,69.3,2.4,556,15157,0.68,0.09,0.65,0.09,0.09,1.05
spaze,Ivan Obrezhan,MayBe,25 years,10281,52.0%,10192,1.01,75.9,2.6,538,14117,0.73,0.14,0.72,0.1,0.11,1.02
v1c7oR,Viktor Dyankov,N/A,28 years,34344,46.3%,33163,1.04,76.6,4.5,1891,49359,0.7,0.16,0.67,0.12,0.11,1.02
Kylar,Kacper Walukiewicz,9INE,23 years,13701,58.2%,13167,1.04,73.7,4.5,741,19980,0.69,0.12,0.66,0.09,0.11,1.06
Goofy,Krzysiek Gorski,9INE,22 years,23906,40.9%,23411,1.02,78.1,4.7,1258,34048,0.7,0.15,0.69,0.1,0.11,1.08
Voltage,Logan Long,N/A,22 years,7494,28.6%,6923,1.08,67.5,2.8,444,11421,0.66,0.09,0.61,0.09,0.1,1.05
Ace,Brandon Winn,N/A,27 years,7922,31.4%,7352,1.08,68.5,2.3,456,11866,0.67,0.1,0.62,0.09,0.1,1.06
Markoś,Kuba Markowski,EC Brugge,24 years,13622,30.4%,12726,1.07,71.9,3.3,752,20191,0.67,0.11,0.63,0.08,0.08,1.06
dimasick,Dmitry Matvienko,N/A,26 years,10747,49.1%,10300,1.04,75.9,3.5,585,15322,0.7,0.12,0.67,0.08,0.09,1.06
queztone,Richard Strnátko,N/A,26 years,13135,44.7%,12900,1.02,77.1,3.2,709,18569,0.71,0.14,0.69,0.1,0.1,1.02
glowiing,Aleksandr Matsievich,N/A,29 years,11201,54.8%,11040,1.01,79.4,5.1,588,15752,0.71,0.13,0.7,0.09,0.09,1.07
ROBO,Vladimir Neskey,N/A,30 years,12328,45.6%,11700,1.05,74.0,2.7,667,17746,0.69,0.11,0.66,0.09,0.1,1.02
steel,Joshua Nissan,N/A,33 years,11498,45.7%,11237,1.02,80.0,4.8,616,16284,0.71,0.15,0.69,0.09,0.08,1.02
aidKiT,Jane Apostoloski,BLUEJAYS,21 years,8409,40.3%,8008,1.05,70.9,2.9,460,12296,0.68,0.1,0.65,0.08,0.08,1.05
KalubeR,Kalin Erenditsov,Partizan,22 years,7696,51.3%,7425,1.04,74.6,4.2,415,11198,0.69,0.12,0.66,0.09,0.11,1.05
fr0slev,Magnus Frøslev,Sashi,25 years,11143,48.0%,10673,1.04,78.1,4.7,611,15973,0.7,0.14,0.67,0.1,0.12,1.08
LETN1,Nestor Tanić,TYLOO,30 years,19347,49.6%,18183,1.06,72.8,3.6,1111,28880,0.67,0.13,0.63,0.1,0.1,1.02
TENZKI,Jesper Plougmann,N/A,28 years,27151,53.0%,25818,1.05,76.8,4.4,1504,39564,0.69,0.14,0.65,0.09,0.1,1.02
Jyo,Rassim Valijev,K23,28 years,23086,40.8%,21922,1.05,75.2,5.6,1259,33762,0.68,0.13,0.65,0.1,0.09,1.08
flamie,Egor Vasilyev,N/A,25 years,31244,54.6%,30047,1.04,74.3,3.9,1710,45289,0.69,0.14,0.66,0.09,0.09,1.02
Spongey,Gabe Greiner,N/A,23 years,14481,50.9%,13464,1.08,71.3,4.4,843,21895,0.66,0.12,0.61,0.1,0.11,1.06
fox,Ricardo Pacheco,N/A,36 years,19461,32.1%,18938,1.03,75.5,3.2,1058,27636,0.7,0.13,0.69,0.1,0.09,1.02
n0thing,Jordan Gilbert,N/A,32 years,14720,52.6%,14236,1.03,74.9,5.0,813,21021,0.7,0.15,0.68,0.1,0.1,1.02
FaNg,Justin Coakley,Complexity,20 years,13851,56.0%,13339,1.04,75.8,3.9,757,19746,0.7,0.12,0.68,0.11,0.1,1.08
roca,Daniel Gustaferri,N/A,27 years,12336,51.4%,12141,1.02,76.4,3.0,660,17324,0.71,0.13,0.7,0.1,0.11,1.02
Tuurtle,Matheus Anhaia,MIBR,24 years,16497,55.6%,15952,1.03,76.4,3.0,904,23758,0.69,0.14,0.67,0.11,0.11,1.08
F1KU,Maciej Miklas,OG,19 years,13112,54.7%,12843,1.02,76.8,4.9,700,19042,0.69,0.13,0.67,0.1,0.09,1.06
mar,Martin Kuyumdjiev,N/A,25 years,14217,48.3%,13802,1.03,78.8,6.6,767,20359,0.7,0.14,0.68,0.1,0.1,1.08
flickz,Sam Jones,N/A,32 years,7997,48.3%,7643,1.05,78.9,5.3,462,11642,0.69,0.16,0.66,0.08,0.08,1.08
NBK-,Nathan Schmitt,Falcons,28 years,39379,53.9%,38381,1.03,76.6,3.5,2177,57166,0.69,0.15,0.67,0.1,0.08,1.01
sLowi,Olli Pitkänen,JANO,26 years,22674,52.1%,22070,1.03,76.5,4.8,1223,32824,0.69,0.14,0.67,0.09,0.09,1.01
Zyphon,Rasmus Nordfoss,Sprout,19 years,9612,51.1%,9243,1.04,75.6,3.0,521,13872,0.69,0.12,0.67,0.09,0.11,1.07
chrisJ,Chris de Jong,N/A,32 years,31011,41.5%,29926,1.04,70.1,3.3,1727,45400,0.68,0.11,0.66,0.1,0.08,1.01
xCeeD,Jack Holiman,N/A,22 years,8222,44.1%,8049,1.02,75.4,3.1,457,11806,0.7,0.13,0.68,0.11,0.11,1.07
iDk,Victor Torraca,TeamOne,24 years,17828,47.8%,17190,1.04,77.6,4.8,992,25824,0.69,0.15,0.67,0.1,0.09,1.08
Krad,Vladislav Kravchenko,forZe,24 years,24467,48.7%,23932,1.02,76.8,4.9,1326,35451,0.69,0.14,0.68,0.09,0.09,1.06
Lekr0,Jonas Olofsson,N/A,29 years,24167,51.6%,23353,1.03,76.6,3.9,1308,34956,0.69,0.14,0.67,0.09,0.09,1.01
b0RUP,Johannes Borup,Copenhagen Flames,23 years,27880,63.3%,27325,1.02,73.3,4.7,1529,40686,0.69,0.12,0.67,0.1,0.1,1.01
desi,Derek Branchen,N/A,30 years,7826,51.5%,7727,1.01,75.6,2.9,430,10986,0.71,0.13,0.7,0.09,0.1,1.01
es3tag,Patrick Hansen,Ninjas in Pyjamas,27 years,24633,35.5%,23816,1.03,75.9,5.1,1378,36090,0.68,0.15,0.66,0.1,0.1,1.01
1962,Gabriel Sinopoli,N/A,27 years,10818,53.7%,10801,1.0,76.8,3.8,586,15244,0.71,0.13,0.71,0.11,0.1,1.07
j3kie,Evgeniy Sergachev,IKLA,22 years,7593,63.4%,7469,1.02,75.1,3.9,405,10932,0.69,0.11,0.68,0.08,0.08,1.05
Xyp9x,Andreas Højsleth,Astralis,27 years,35688,41.6%,33492,1.07,74.4,6.1,2082,54426,0.66,0.16,0.62,0.09,0.09,1.01
Plopski,Nicolas Gonzalez Zamora,GODSENT,20 years,19762,41.7%,18976,1.04,76.4,4.9,1083,28714,0.69,0.14,0.66,0.1,0.11,1.08
EasTor,Rajohn Linato,N/A,29 years,9077,28.5%,8699,1.04,68.8,2.8,503,13375,0.68,0.09,0.65,0.1,0.1,1.01
mitch,Mitch Semago,N/A,26 years,14179,44.4%,13547,1.05,76.8,4.0,807,20719,0.68,0.14,0.65,0.1,0.11,1.01
yel,Gustavo Knittel,Paquetá,30 years,17177,30.5%,16183,1.06,71.4,3.1,986,25612,0.67,0.11,0.63,0.09,0.09,1.01
roseau,Baskoro Dwi Putra,N/A,29 years,7505,40.3%,7421,1.01,77.8,3.0,418,10537,0.71,0.15,0.7,0.11,0.11,1.01
Maikelele,Mikail Bill,N/A,31 years,18983,37.0%,18042,1.05,73.3,4.8,1075,28357,0.67,0.14,0.64,0.09,0.09,1.01
stadodo,Renato Gonçalves,FTW,26 years,15576,39.5%,14842,1.05,73.5,5.6,874,23129,0.67,0.13,0.64,0.09,0.09,1.08
Noobster,Andy Zhang,N/A,26 years,8741,34.5%,8534,1.02,73.2,4.0,495,12785,0.68,0.12,0.67,0.09,0.09,1.01
Viva,Lifan Ran,N/A,22 years,10605,46.0%,10125,1.05,71.9,2.7,597,15834,0.67,0.12,0.64,0.1,0.11,1.06
byali,Paweł Bieliński,N/A,28 years,35932,51.7%,34623,1.04,76.3,3.6,1957,51488,0.7,0.14,0.67,0.09,0.1,1.01
tatazin,Alef Pereira,TropiCaos,28 years,14035,46.3%,13015,1.08,70.1,3.3,824,21596,0.65,0.11,0.6,0.08,0.09,1.05
MisteM,Gareth Ries,ATK,21 years,8557,52.1%,8472,1.01,75.2,4.6,477,12460,0.69,0.12,0.68,0.09,0.09,1.05
obj,Francisco Ramos,N/A,27 years,7278,31.6%,6855,1.06,69.9,2.9,418,10936,0.67,0.11,0.63,0.09,0.09,1.01
shokz,Kristjan Jakobson,ex-Finest,25 years,13339,53.7%,12917,1.03,74.3,3.5,735,19722,0.68,0.12,0.65,0.08,0.09,1.06
spyleadeR,Emiliyan Dimitrov,TENSTAR,33 years,16860,42.3%,16777,1.0,81.0,4.6,900,23255,0.73,0.18,0.72,0.1,0.08,1.01
PlesseN,Niclas Plessen,N/A,24 years,26698,54.4%,26580,1.0,80.3,5.7,1405,37814,0.71,0.15,0.7,0.1,0.09,1.01
SHOCK,Max Kvapil,SINNERS,22 years,16174,55.1%,15641,1.03,73.0,3.6,895,24020,0.67,0.11,0.65,0.08,0.09,1.04
kreaz,Rasmus Johansson,N/A,24 years,14091,46.9%,13506,1.04,75.6,4.5,782,20862,0.68,0.14,0.65,0.09,0.1,1.01
Jinxx,Chris Moseley,N/A,25 years,7171,52.7%,6866,1.04,72.3,3.8,407,10684,0.67,0.12,0.64,0.1,0.13,1.04
mirbit,Sabit Coktasar,Nordavind,26 years,15351,44.0%,14425,1.06,73.5,5.7,866,23162,0.66,0.13,0.62,0.09,0.09,1.06
hampus,Hampus Poser,Ninjas in Pyjamas,24 years,26383,40.4%,26188,1.01,79.7,4.4,1418,37698,0.7,0.15,0.69,0.08,0.08,1.01
Norwi,Evgeny Ermolin,Aurora,21 years,8977,49.2%,8690,1.03,72.9,4.5,499,13412,0.67,0.12,0.65,0.1,0.1,1.05
szejn,Hubert Światły,N/A,21 years,10829,51.7%,10650,1.02,76.5,3.9,590,15762,0.69,0.13,0.68,0.09,0.09,1.05
Nodios,Magnus Olsen,Tricked,23 years,16537,54.0%,15909,1.04,75.7,5.1,908,24413,0.68,0.13,0.65,0.1,0.11,1.01
JDC,Jon de Castro,MOUZ,22 years,10476,51.0%,10269,1.02,75.3,3.2,585,15354,0.68,0.12,0.67,0.1,0.1,1.05
NENO,Anel Ceković,BLUEJAYS,29 years,12487,42.4%,11965,1.04,74.6,4.6,707,18274,0.68,0.14,0.65,0.09,0.09,1.01
Friis,Michael Jørgensen,N/A,33 years,16356,26.3%,15609,1.05,69.4,2.4,938,24254,0.67,0.11,0.64,0.09,0.08,1.01
Polt,Vadim Tsyrov,Insilio,28 years,9828,49.3%,9378,1.05,78.1,3.6,537,14234,0.69,0.14,0.66,0.08,0.09,1.07
dazzLe,Will Loafman,N/A,27 years,12753,42.0%,12761,1.0,80.9,3.5,690,17971,0.71,0.16,0.71,0.1,0.09,1.08
delboNi,Felipe Delboni,Flamengo,25 years,10610,44.6%,10320,1.03,74.7,3.8,597,15527,0.68,0.13,0.66,0.1,0.11,1.04
ayaya,YangYang Zheng,After,24 years,8333,40.3%,8231,1.01,78.0,2.7,462,11695,0.71,0.14,0.7,0.09,0.09,1.01
apEX,Dan Madesclaire,Vitality,29 years,38627,51.5%,38338,1.01,78.1,5.2,2088,54865,0.7,0.16,0.7,0.1,0.09,1.01
GruBy,Dominik Swiderski,N/A,27 years,32996,42.4%,32427,1.02,77.8,3.4,1804,47970,0.69,0.15,0.68,0.1,0.1,1.01
Svedjehed,Leo Svedjehed,N/A,19 years,8573,44.2%,8277,1.04,74.6,3.9,465,12647,0.68,0.13,0.65,0.08,0.1,1.04
HUGHMUNGUS,Hugh Anderson,Hello Kitten,22 years,14473,50.6%,14038,1.03,74.3,4.8,823,21329,0.68,0.13,0.66,0.1,0.11,1.05
Stewie2K,Jake Yip,N/A,25 years,27664,49.4%,27288,1.01,77.6,5.1,1525,39802,0.7,0.14,0.69,0.1,0.08,1.01
kalinka,Nikolaj Rysakov,N/A,28 years,16112,52.8%,15955,1.01,76.6,3.8,855,22891,0.7,0.12,0.7,0.09,0.09,1.01
grux,Denis Gutaj,N/A,23 years,9212,67.1%,8982,1.03,73.8,2.9,496,13236,0.7,0.11,0.68,0.1,0.11,1.04
SIXER,Christophe Xia,GenOne,31 years,20161,38.6%,18939,1.06,70.1,2.7,1153,30448,0.66,0.11,0.62,0.09,0.1,1.01
to1nou,Antoine Pirard,FiveG,27 years,15196,30.5%,14676,1.04,68.8,2.2,850,22377,0.68,0.1,0.66,0.09,0.1,1.01
clax,Timur Sabirov,N/A,20 years,8278,54.8%,8003,1.03,73.9,4.5,460,12263,0.68,0.11,0.65,0.08,0.1,1.04
jR,Dmitriy Chervak,Run or Die,29 years,16101,34.0%,15547,1.04,71.6,3.3,892,23804,0.68,0.11,0.65,0.08,0.07,1.01
DickStacy,Ollie Tierney,N/A,25 years,10559,48.9%,10216,1.03,73.6,4.6,625,15744,0.67,0.15,0.65,0.11,0.09,1.08
DESPE,Çağatay Sedef,N/A,29 years,8068,29.8%,7748,1.04,68.7,2.5,468,12127,0.67,0.11,0.64,0.08,0.08,1.01
pesadelo,Matheus Panisset,TeamOne,23 years,13401,44.7%,13353,1.0,77.5,6.4,736,19173,0.7,0.14,0.7,0.1,0.1,1.05
kioShiMa,Fabien Fiey,N/A,28 years,26259,51.3%,24967,1.05,74.0,5.2,1495,39250,0.67,0.15,0.64,0.08,0.09,1.01
capseN,Lukáš Koláčný,ECLOT,23 years,8300,27.6%,7825,1.06,68.3,2.5,477,12701,0.65,0.1,0.62,0.08,0.08,1.03
FugLy,Jacob Medina,N/A,28 years,18921,43.4%,18300,1.03,73.5,3.5,1083,28153,0.67,0.13,0.65,0.1,0.11,1.01
emagine,Chris Rowlands,N/A,31 years,12837,45.9%,12350,1.04,73.6,4.8,751,18931,0.68,0.14,0.65,0.1,0.09,1.01
Nifty,Noah Francis,4ORMULA,25 years,15522,36.3%,15200,1.02,70.3,3.2,875,22953,0.68,0.09,0.66,0.1,0.09,1.01
HexT,Jadan Postma,Evil Geniuses,21 years,10380,49.6%,10210,1.02,76.2,4.7,562,14914,0.7,0.14,0.68,0.12,0.12,1.08
MINISE,Jacek Jeziak,N/A,29 years,34615,39.7%,34010,1.02,73.9,4.9,1871,49905,0.69,0.12,0.68,0.08,0.07,1.0
reatz,Paweł Jańczak,N/A,28 years,29166,51.6%,28507,1.02,73.9,2.8,1579,42452,0.69,0.12,0.67,0.1,0.11,1.0
J0LZ,David Jolin,Strife,22 years,9337,48.5%,9249,1.01,78.5,4.7,504,13281,0.7,0.13,0.7,0.09,0.09,1.06
waterfaLLZ,Nikita Matveyev,N/A,27 years,16509,27.1%,16171,1.02,72.5,3.2,906,24053,0.69,0.12,0.67,0.09,0.08,1.0
pounh,Eimantas Lazickas,N/A,25 years,7289,49.5%,7198,1.01,75.9,2.1,401,10552,0.69,0.13,0.68,0.09,0.09,1.04
Zero,Patrik Žúdel,SINNERS,24 years,21821,49.1%,20891,1.04,72.0,2.5,1225,32604,0.67,0.12,0.64,0.09,0.11,1.0
ap0c,Mike Aliferis,Encore,35 years,16981,51.0%,16854,1.01,76.9,4.9,954,24425,0.7,0.14,0.69,0.1,0.09,1.0
Edward,Ioann Sukhariev,N/A,35 years,27139,51.1%,26366,1.03,72.4,2.9,1495,39373,0.69,0.13,0.67,0.09,0.09,1.0
zqkS,Caio Fonseca,Flamengo,30 years,14240,28.9%,13496,1.06,69.5,3.9,833,21607,0.66,0.11,0.62,0.09,0.09,1.0
arT,Andrei Piovezan,FURIA,26 years,19238,35.0%,19249,1.0,77.9,3.8,1050,27291,0.7,0.14,0.71,0.1,0.07,1.09
Relyks,Skyler Weaver,N/A,28 years,14589,48.8%,14428,1.01,73.9,5.6,832,21258,0.69,0.12,0.68,0.1,0.1,1.0
glace,Nicolai Jensen,N/A,29 years,10395,52.2%,10029,1.04,74.4,4.1,589,15307,0.68,0.14,0.66,0.09,0.1,1.0
Oderus,Chad Miller,N/A,23 years,8738,34.3%,8790,0.99,72.3,1.8,473,12356,0.71,0.09,0.71,0.1,0.1,1.04
1uke,Aleksey Zimin,N/A,30 years,11017,26.4%,10794,1.02,71.6,2.2,623,16179,0.68,0.09,0.67,0.08,0.07,1.0
almazer,Almaz Asadullin,NASR,24 years,24049,51.8%,23425,1.03,74.4,4.1,1334,35805,0.67,0.13,0.65,0.1,0.09,1.06
xseveN,Sami Laasanen,HAVU,28 years,25191,46.8%,24719,1.02,78.5,6.1,1400,37228,0.68,0.16,0.66,0.09,0.09,1.0
kenzor,Leonard Volodarchuk,LeeK,25 years,10913,55.0%,10856,1.01,76.6,2.6,605,15796,0.69,0.13,0.69,0.1,0.11,1.05
innocent,Paweł Mocek,Anonymo,29 years,34362,45.9%,33914,1.01,76.9,5.2,1881,49798,0.69,0.14,0.68,0.09,0.09,1.0
hazed,James Cobb,N/A,33 years,13273,49.8%,13354,0.99,78.3,4.1,736,19138,0.69,0.15,0.7,0.09,0.08,1.0
xiaosaGe,Peng Song,Steel Helmet,33 years,15686,47.7%,15651,1.0,80.0,5.2,847,22333,0.7,0.16,0.7,0.11,0.1,1.08
magixx,Boris Vorobiev,Spirit,19 years,12337,56.9%,11902,1.04,70.8,3.9,714,18940,0.65,0.11,0.63,0.1,0.1,1.05
cbbk,Thotsaphon Suphatthanaphalaphon,N/A,28 years,7029,51.2%,6866,1.02,75.6,4.3,404,10342,0.68,0.15,0.66,0.1,0.1,1.06
speed4k,Anton Titov,N/A,26 years,14881,40.5%,14354,1.04,69.7,2.9,840,22566,0.66,0.11,0.64,0.09,0.09,1.04
ImpressioN,Anthony Lim,N/A,27 years,12159,48.9%,12028,1.01,76.8,4.2,684,17721,0.69,0.15,0.68,0.1,0.11,1.0
KILLDREAM,Joao Ferreira,N/A,30 years,7851,44.2%,7867,1.0,81.9,3.4,429,11159,0.7,0.16,0.7,0.1,0.11,1.0
RoLEX,Warittorn Kalanukarn,N/A,22 years,8834,51.2%,8801,1.0,78.6,3.2,492,12610,0.7,0.14,0.7,0.09,0.09,1.06
zeff,Min-Seok Park,N/A,34 years,8381,42.0%,8327,1.01,77.8,4.9,482,12229,0.69,0.17,0.68,0.13,0.11,1.0
R0b3n,Roberts Čigauskis,Looking For Org,21 years,9481,49.7%,9273,1.02,74.4,3.0,530,13950,0.68,0.12,0.66,0.09,0.1,1.04
deco,Marcos Amato,BESTIA,25 years,8345,49.5%,8228,1.01,76.9,4.6,463,12313,0.68,0.15,0.67,0.11,0.11,1.07
cromen,Jorgen Robertsen,N/A,27 years,11785,52.8%,11718,1.01,74.0,3.6,653,17335,0.68,0.13,0.68,0.11,0.11,1.0
adreN,Eric Hoag,Liquid,32 years,12259,35.3%,11879,1.03,76.5,5.7,697,18241,0.67,0.15,0.65,0.1,0.12,1.0
Basso,Sebastian Aagaard,Atlantic,24 years,10412,53.0%,10144,1.03,70.0,3.5,600,15732,0.66,0.1,0.64,0.09,0.1,1.0
Tsogoo,Tsog Mashbat,Mazaalai,28 years,8991,52.9%,8916,1.01,76.9,3.3,502,12846,0.7,0.14,0.69,0.1,0.1,1.0
void,Cooper Farrell,N/A,21 years,7854,40.0%,7727,1.02,74.1,2.8,437,11368,0.69,0.13,0.68,0.1,0.11,1.03
pyth,Jacob Mourujärvi,N/A,29 years,13677,56.0%,13682,1.0,70.3,4.1,756,19801,0.69,0.13,0.69,0.1,0.1,1.0
MODDII,Andreas Fridh,N/A,33 years,20585,52.4%,20184,1.02,74.6,3.6,1170,30550,0.67,0.13,0.66,0.08,0.08,1.0
cam,Cameron Kern,N/A,24 years,9454,50.8%,9285,1.02,75.3,5.4,544,13974,0.68,0.15,0.66,0.12,0.12,1.06
dzt,Denis Fischer,TropiCaos,26 years,12786,46.6%,12661,1.01,75.4,3.9,723,18717,0.68,0.13,0.68,0.1,0.09,1.0
supra,Anton Tšernobai,Boston crab,21 years,10340,58.5%,10261,1.01,72.7,5.3,579,15577,0.66,0.12,0.66,0.1,0.1,1.05
Vegi,Arek Nawojski,Anonymo,22 years,17250,48.1%,17331,1.0,77.0,3.6,901,24777,0.7,0.13,0.7,0.1,0.1,1.05
Noktse,Nicolás Dávila,BESTIA,30 years,15500,39.0%,15205,1.02,74.0,4.7,881,23055,0.67,0.13,0.66,0.09,0.09,1.06
fenvicious,Evgeny Mitsik,farfaraway,28 years,13559,52.8%,13514,1.0,75.5,2.4,751,19647,0.69,0.12,0.69,0.09,0.09,1.0
mds,Aleksandr Rubets,Websterz,24 years,21378,53.3%,20921,1.02,72.4,2.8,1191,31881,0.67,0.11,0.66,0.09,0.09,1.04
vice,Daniel Kim,N/A,27 years,8668,49.4%,8540,1.01,75.9,3.1,493,12707,0.68,0.14,0.67,0.12,0.11,1.0
ragga,Cosmin Teodorescu,Nexus,22 years,8955,43.3%,8971,1.0,74.8,3.7,481,13058,0.69,0.12,0.69,0.1,0.1,1.04
CYPHER,Cai Watson,Into the Breach,20 years,8076,51.8%,8190,0.99,78.1,4.2,424,11553,0.7,0.14,0.71,0.11,0.1,1.08
wiz,Jerric Jiang,Evil Geniuses,21 years,10507,28.2%,10150,1.04,69.5,4.4,601,15940,0.66,0.1,0.64,0.09,0.09,1.03
morelz,Piotr Taterka,Illuminar,28 years,22774,46.6%,22840,1.0,77.6,3.3,1223,32601,0.7,0.13,0.7,0.09,0.09,1.0
Bååten,Linus Andersson,N/A,23 years,13380,56.6%,13360,1.0,74.1,3.7,743,19804,0.68,0.12,0.67,0.1,0.11,0.99
STYKO,Martin Styk,Apeks,26 years,29465,57.6%,29055,1.01,74.2,5.0,1674,44263,0.67,0.13,0.66,0.09,0.08,0.99
kyxsan,Damjan Stoilkovski,Apeks,22 years,8419,46.3%,8387,1.0,76.4,7.2,466,12440,0.68,0.14,0.67,0.1,0.09,1.06
SZPERO,Grzegorz Dziamałek,Anonymo,31 years,38881,33.6%,38159,1.02,72.0,3.4,2170,57527,0.68,0.12,0.66,0.08,0.07,0.99
freddieb,Fredrik Buö,N/A,28 years,20728,52.9%,20548,1.01,77.0,4.2,1135,30119,0.69,0.14,0.68,0.09,0.09,0.99
SEMPHIS,Kory Friesen,Nouns,33 years,15472,36.5%,15505,1.0,73.6,3.1,848,21936,0.71,0.14,0.71,0.1,0.1,0.99
dephh,Rory Jackson,N/A,31 years,14252,47.6%,14484,0.98,80.6,4.9,768,20106,0.71,0.16,0.72,0.11,0.1,0.99
siuhy,Kamil Szkaradek,GamerLegion,20 years,11328,53.0%,11429,0.99,77.2,4.7,608,16359,0.69,0.13,0.7,0.1,0.08,1.05
YDNA,Andrew Adams,rewound,24 years,7636,38.9%,7533,1.01,71.0,2.9,435,11265,0.68,0.11,0.67,0.09,0.1,1.03
gMd,Anthony Guimond,N/A,22 years,8389,53.5%,8436,0.99,75.4,3.5,464,12098,0.69,0.14,0.7,0.11,0.11,1.05
ALEX,Alex McMeekin,N/A,27 years,21407,47.3%,21779,0.98,76.3,3.5,1162,30750,0.7,0.13,0.71,0.1,0.09,0.99
robiin,Robin Sjögren,Into the Bin,28 years,28482,47.9%,28531,1.0,80.1,8.6,1557,41473,0.69,0.17,0.69,0.11,0.1,0.99
markeloff,Yegor Markelov,N/A,35 years,19839,41.6%,19354,1.03,74.4,5.0,1146,29704,0.67,0.15,0.65,0.08,0.09,0.99
Puls3,Reece Marrs,Max&BigGarlicDips,29 years,7860,43.3%,7786,1.01,74.7,3.8,436,11572,0.68,0.15,0.67,0.11,0.12,0.99
JIaYm,Nikita Panyushkin,Forward,24 years,11001,52.6%,11264,0.98,79.3,4.4,569,15438,0.71,0.14,0.73,0.1,0.1,1.05
neptune,Jason Tran,N/A,20 years,9091,55.4%,9114,1.0,74.8,3.1,498,13218,0.69,0.13,0.69,0.11,0.1,1.04
xelos,Jerry Råberg,Lemondogs,30 years,7960,48.3%,7968,1.0,76.7,5.8,438,11568,0.69,0.15,0.69,0.08,0.08,0.99
rbz,Daniel Urbani,N/A,29 years,11278,48.9%,11140,1.01,73.3,4.3,647,16903,0.67,0.13,0.66,0.09,0.1,0.99
BENDJI,Benjamin Söderena,Deportivo,27 years,16055,32.5%,15918,1.01,75.4,5.3,878,23318,0.69,0.14,0.68,0.1,0.1,0.99
leo_drk,Leonardo Oliveira,Case,23 years,11124,51.7%,11197,0.99,76.0,4.4,630,16256,0.68,0.13,0.69,0.11,0.1,1.06
uli,Samu Leirilaakso,N/A,25 years,10920,48.8%,10753,1.02,76.5,4.9,603,16107,0.68,0.13,0.67,0.09,0.1,0.99
viz,Wesley Harris,EG White,21 years,7291,50.9%,7190,1.01,72.7,4.4,420,10894,0.67,0.13,0.66,0.11,0.11,1.05
Lack1,Viktor Boldyrev,Aurora,23 years,18194,45.6%,18322,0.99,74.0,2.7,995,26686,0.68,0.13,0.69,0.1,0.09,1.04
Cabbi,Casper Jensen,ECSTATIC,24 years,11736,55.5%,12004,0.98,75.4,4.3,627,16821,0.7,0.12,0.71,0.11,0.12,1.04
jaxi,Costin Vrînceanu,N/A,28 years,8103,40.5%,7920,1.02,73.7,2.9,472,12125,0.67,0.14,0.65,0.09,0.11,0.99
truth,Erik Hansen Dyrnes,N/A,26 years,9590,51.7%,9594,1.0,75.5,3.5,518,13914,0.69,0.12,0.69,0.09,0.1,0.99
MUTiRiS,Christopher Fernandes,SAW,30 years,24485,50.3%,24332,1.01,77.7,5.9,1361,35697,0.69,0.15,0.68,0.1,0.1,0.99
realz1n,Antonio Oliveira,RED Canids,27 years,11185,49.4%,11035,1.01,73.0,5.7,643,17042,0.66,0.13,0.65,0.11,0.09,1.06
BARBARR,André Möller,N/A,32 years,15776,42.7%,15796,1.0,74.8,3.9,876,23180,0.68,0.13,0.68,0.09,0.09,0.99
VINI,Vinicius Figueiredo,Imperial,23 years,18136,48.4%,18141,1.0,73.5,4.2,1045,27336,0.66,0.13,0.66,0.1,0.09,1.04
facecrack,Dmitriy Alekseyev,Invictus International,28 years,32605,48.3%,33298,0.98,77.8,3.3,1750,46683,0.7,0.14,0.71,0.1,0.09,0.99
mopoz,Alejandro Fernández-Quejo Cano,Movistar Riders,26 years,21805,51.6%,22066,0.99,75.2,4.9,1217,32338,0.67,0.13,0.68,0.09,0.07,0.99
jabbi,Jakob Nygaard,Heroic,19 years,15695,59.2%,15518,1.01,71.6,4.3,878,23498,0.67,0.11,0.66,0.1,0.1,1.03
bodyy,Alexandre Pianaro,Falcons,26 years,26160,56.2%,26274,1.0,76.7,4.8,1452,38654,0.68,0.15,0.68,0.11,0.09,0.99
Liki,Benson Niuila,Encore,24 years,7008,43.7%,6844,1.02,73.9,5.9,421,10685,0.66,0.15,0.64,0.12,0.1,1.07
chop,Connor Sullivan,Vendetta,21 years,9724,52.1%,9695,1.0,72.8,5.1,547,14545,0.67,0.13,0.67,0.1,0.11,1.03
freakazoid,Ryan Abadir,Mythic,30 years,16933,47.2%,17092,0.99,77.8,4.6,951,24469,0.69,0.15,0.7,0.11,0.1,0.99
Jerry,Andrey Mekhryakov,forZe,24 years,31962,45.4%,31800,1.01,76.5,4.5,1746,47065,0.68,0.14,0.68,0.1,0.09,1.06
roman,Ricardo Oliveira,SAW,30 years,22418,54.0%,22400,1.0,74.1,3.7,1255,32934,0.68,0.13,0.68,0.1,0.1,0.99
ANGE1,Kirill Karasiow,N/A,33 years,31392,51.3%,32077,0.98,80.1,5.0,1728,45027,0.7,0.17,0.71,0.1,0.07,0.99
kaboose,Jake McDonald,N/A,22 years,10006,54.9%,10311,0.97,76.1,2.4,549,14235,0.7,0.12,0.72,0.11,0.11,0.99
Djoko,Thomas Pavoni,HEET,25 years,11124,62.0%,11290,0.99,74.2,5.7,618,16480,0.68,0.13,0.69,0.1,0.1,1.04
Dimaoneshot,Dmitriy Bandurka,N/A,28 years,23864,52.5%,24414,0.98,77.3,4.0,1315,34605,0.69,0.14,0.71,0.11,0.1,0.99
Drone,Taylor Johnson,N/A,25 years,8164,61.8%,8332,0.98,75.2,3.9,454,11841,0.69,0.13,0.7,0.12,0.11,0.99
ALLE,Alexandre Santos,Paquetá,25 years,9416,49.6%,9355,1.01,76.1,5.4,531,14067,0.67,0.14,0.67,0.1,0.1,1.06
vanity,Anthony Malaspina,N/A,24 years,10461,41.8%,10381,1.01,74.0,4.6,609,15688,0.67,0.13,0.66,0.1,0.09,1.06
AZR,Aaron Ward,N/A,30 years,19959,51.6%,20095,0.99,74.6,3.9,1115,29102,0.69,0.14,0.69,0.11,0.11,0.99
fitch,Bektiyar Bahytov,Golden Knights,30 years,10410,52.6%,10620,0.98,77.9,4.9,574,15207,0.68,0.15,0.7,0.09,0.08,0.99
k1to,Nils Gruhne,BIG,24 years,24727,58.0%,25193,0.98,74.7,4.6,1364,36301,0.68,0.12,0.69,0.1,0.09,1.04
gade,Nicklas Gade,N/A,28 years,16756,53.6%,16884,0.99,72.5,3.6,964,25326,0.66,0.12,0.67,0.1,0.1,0.99
nitr0,Nick Cannella,Liquid,27 years,25945,44.5%,25763,1.01,70.7,4.9,1495,39115,0.66,0.14,0.66,0.11,0.09,0.99
krii,Kristaps Bricis,Wolsung,24 years,7650,49.7%,7654,1.0,74.1,3.3,434,11437,0.67,0.14,0.67,0.1,0.12,0.99
SAGGERTON,Saku Jokinen,N/A,27 years,9723,42.6%,9954,0.98,75.4,4.6,540,14097,0.69,0.15,0.71,0.11,0.1,0.99
dukefissura,Suleımen Orazaly,N/A,26 years,7441,60.7%,7611,0.98,77.3,3.9,394,10562,0.7,0.12,0.72,0.11,0.1,1.05
bq,Adam Bergqvist,Lilmix,21 years,8150,52.5%,8301,0.98,74.9,3.2,442,11874,0.69,0.13,0.7,0.09,0.08,1.03
nbqq,Vít Pohlot,ECLOT,25 years,7337,48.8%,7434,0.99,73.6,3.4,408,10837,0.68,0.12,0.69,0.1,0.09,1.03
Lukki,Lucas Pilheden,N/A,23 years,15622,51.2%,15631,1.0,72.4,3.0,893,23437,0.67,0.13,0.67,0.12,0.12,0.99
Dosia,Mihail Stolyarov,Forward,34 years,25481,48.1%,25268,1.01,73.6,5.5,1450,38010,0.67,0.15,0.66,0.08,0.08,0.99
ryotzz,Leon Felipe,N/A,29 years,7922,37.2%,8076,0.98,80.4,5.9,447,11613,0.68,0.18,0.7,0.1,0.09,1.08
apocdud,Tom Henry,e-LEMON-ators,24 years,13603,37.3%,13659,1.0,75.4,5.6,777,20060,0.68,0.14,0.68,0.1,0.1,1.05
NEKIZ,Gabriel Schenato,paiN,27 years,18523,48.0%,18656,0.99,74.9,3.9,1039,27367,0.68,0.13,0.68,0.1,0.1,0.99
Stev0se,Steven Rombaut,EC Brugge,29 years,8762,32.6%,8872,0.99,71.1,3.1,478,12683,0.69,0.1,0.7,0.08,0.09,1.02
J1rah,Jireh Youakim,N/A,22 years,13817,46.1%,13846,1.0,72.9,4.6,803,20826,0.66,0.13,0.66,0.1,0.08,1.04
DAVEY,David Stafford,N/A,26 years,14132,41.3%,14426,0.98,76.7,2.8,801,20713,0.68,0.14,0.7,0.08,0.08,0.98
stellar,Brenden McGrath,N/A,26 years,7396,45.7%,7370,1.0,76.2,4.3,427,10968,0.67,0.13,0.67,0.1,0.1,1.05
Xizt,Richard Landström,Heroic,31 years,28491,46.8%,27984,1.02,70.4,5.0,1665,42830,0.67,0.17,0.65,0.1,0.1,0.98
kory,Kornél Szedlár,Sangal,24 years,11552,54.0%,11658,0.99,76.6,5.1,625,16767,0.69,0.14,0.7,0.11,0.11,1.06
bubble,Kamen Kostadinov,VOYVODA,31 years,39942,41.7%,39535,1.01,74.1,5.2,2293,60236,0.66,0.15,0.66,0.1,0.1,0.98
Jonji,Jonathan Carey,EG White,23 years,20050,40.8%,20567,0.97,80.9,6.8,1121,28701,0.7,0.17,0.72,0.11,0.08,1.09
RUBINO,Ruben Villarroel,N/A,28 years,17632,52.5%,17802,0.99,71.7,2.3,998,26140,0.67,0.13,0.68,0.1,0.09,0.98
AdreN,Dauren Kystaubayev,N/A,33 years,31357,48.8%,31574,0.99,75.9,5.3,1767,46454,0.68,0.15,0.68,0.08,0.07,0.98
ZEDKO,Jindřich Chyba,SINNERS,24 years,22856,52.8%,22849,1.0,73.5,4.3,1292,34305,0.67,0.12,0.67,0.09,0.09,0.98
ryann,Ryan Welsh,N/A,22 years,12192,55.1%,12461,0.98,73.9,3.0,697,17857,0.68,0.12,0.7,0.12,0.1,1.04
Spiidi,Timo Richter,ALTERNATE aTTaX,27 years,37374,40.4%,37135,1.01,73.9,5.0,2152,57281,0.65,0.15,0.65,0.09,0.09,0.98
Zix,Krasen Minchev,N/A,24 years,7076,54.4%,7242,0.98,75.0,4.4,400,10329,0.69,0.14,0.7,0.12,0.11,1.04
larsen,Sebastian Larsen,Tricked,25 years,10873,30.4%,10800,1.01,70.0,4.3,623,16519,0.66,0.1,0.65,0.09,0.07,0.98
DeathZz,Raúl Jordán Nieto,N/A,27 years,9651,49.1%,9634,1.0,73.6,3.6,553,14739,0.65,0.13,0.65,0.09,0.1,1.02
DeadFox,Bence Böröcz,N/A,28 years,13856,38.4%,13910,1.0,69.5,3.5,807,21060,0.66,0.13,0.66,0.1,0.11,0.98
Furlan,Damian Kislowski,AGO,28 years,39026,53.0%,39818,0.98,76.2,5.3,2170,57770,0.68,0.14,0.69,0.1,0.09,0.98
djay,Jonathan Dallal,ATK,29 years,16395,47.7%,16529,0.99,74.2,4.1,939,24305,0.67,0.14,0.68,0.11,0.11,1.03
zende,Erik Sundeqvist,N/A,28 years,7064,47.7%,7065,1.0,74.1,3.4,397,10444,0.68,0.13,0.68,0.09,0.11,0.98
Daffu,Jakob Schildt,N/A,25 years,12656,51.3%,12553,1.01,72.8,4.6,717,19219,0.66,0.13,0.65,0.12,0.13,1.04
Fadey,Rhys Armstrong,N/A,24 years,14749,54.5%,15201,0.97,75.8,3.7,830,21364,0.69,0.13,0.71,0.11,0.1,0.98
anger,Todd Williams,N/A,35 years,12065,50.9%,12294,0.98,74.2,3.5,682,17700,0.68,0.14,0.69,0.1,0.1,0.98
propleh,Dmitriy Senigov,NASR,26 years,7435,49.2%,7470,1.0,74.5,4.2,419,11133,0.67,0.14,0.67,0.1,0.11,1.04
reversive,Roberto Themtham,N/A,30 years,12040,43.7%,12090,1.0,74.7,4.5,690,18069,0.67,0.14,0.67,0.1,0.1,0.98
raalz,Rasmus Steensborg,Copenhagen Flames,27 years,19423,57.4%,19658,0.99,72.0,5.2,1076,29298,0.66,0.12,0.67,0.11,0.11,0.98
tifa,Thiago França,N/A,26 years,7090,45.7%,7199,0.98,74.3,3.6,407,10476,0.68,0.14,0.69,0.09,0.1,0.98
jnt,Jhonatan Silva,Sharks,28 years,11256,35.2%,11053,1.02,68.5,4.1,680,17620,0.64,0.11,0.63,0.09,0.09,1.03
Perfecto,Ilya Zalutskiy,Natus Vincere,23 years,13180,46.2%,12767,1.03,69.9,4.7,800,21177,0.62,0.13,0.6,0.09,0.09,1.03
sXe,Cristian Niță,N/A,25 years,10478,43.1%,10635,0.99,73.8,3.0,605,15708,0.67,0.13,0.68,0.1,0.1,0.98
Ex3rcice,Pierre Bulinge,HEET,23 years,7770,54.4%,7822,0.99,70.3,4.0,444,11952,0.65,0.11,0.65,0.09,0.1,1.01
JACKZ,Audric Jug,HEET,30 years,20859,58.1%,21182,0.98,73.2,3.3,1181,31439,0.66,0.13,0.67,0.1,0.1,0.98
gla1ve,Lukas Rossander,Astralis,27 years,31018,46.6%,31093,1.0,74.4,6.1,1788,47160,0.66,0.16,0.66,0.1,0.08,0.98
Sapec,Anton Palmgren,EYEBALLERS,20 years,11252,52.2%,11600,0.97,76.6,5.6,613,16439,0.68,0.14,0.71,0.11,0.09,1.05
Llamas,Luke Merchant,N/A,23 years,7735,49.3%,7770,1.0,70.7,3.3,459,11767,0.66,0.12,0.66,0.1,0.11,1.01
manguss,Robert Kasper,Enterprise,21 years,7152,40.9%,7079,1.01,72.6,4.5,406,10945,0.65,0.12,0.65,0.07,0.1,1.02
notaN,Anton Pedersen,Sashi,22 years,10219,48.9%,10297,0.99,72.8,5.6,586,15635,0.65,0.14,0.66,0.11,0.11,0.98
DemQQ,Sergiy Demchenko,Monte,21 years,9746,53.0%,9787,1.0,74.9,5.1,556,14717,0.66,0.14,0.67,0.1,0.09,1.05
prt,Matheus Scuvero,TropiCaos,25 years,13467,53.1%,13568,0.99,72.9,3.0,777,20147,0.67,0.12,0.67,0.11,0.11,1.03
syken,Thilo Phan,N/A,26 years,7450,57.8%,7698,0.97,74.1,3.3,413,10832,0.69,0.12,0.71,0.11,0.11,0.98
BURNRUOk,Callum Henderson,N/A,27 years,15228,50.7%,15746,0.97,76.9,3.7,860,22168,0.69,0.14,0.71,0.09,0.08,0.98
Radifaction,Haakon Tholo,Oilers,24 years,9177,49.9%,9339,0.98,75.3,3.4,509,13632,0.67,0.13,0.69,0.09,0.09,1.03
kwezz,Oliver Rasmussen,Tricked,22 years,14917,55.4%,15027,0.99,71.8,4.6,853,22937,0.65,0.11,0.66,0.09,0.09,1.01
BIT,Bruno Fukuda Lima,MIBR,32 years,12432,48.2%,12385,1.0,74.3,5.6,735,19001,0.65,0.15,0.65,0.11,0.09,0.98
Boombl4,Kirill Mikhailov,1WIN,24 years,19404,41.4%,19845,0.98,75.9,4.6,1098,29092,0.67,0.14,0.68,0.09,0.08,1.04
Sergiz,Sergey Atamanchuk,Doge Soldiers,22 years,7947,51.9%,7849,1.01,72.6,5.1,465,12322,0.64,0.13,0.64,0.08,0.09,1.03
RuStY,Alfred Karlsson,GODSENT,25 years,26429,52.9%,26597,0.99,73.3,4.4,1469,39863,0.66,0.13,0.67,0.1,0.1,1.03
PERCY,Martin Wessel,CEPTER,28 years,18414,58.5%,18795,0.98,73.5,4.2,1032,27424,0.67,0.12,0.69,0.09,0.09,0.98
NickelBack,Aleksei Trofimov,1WIN,25 years,26151,39.9%,26365,0.99,75.3,6.4,1484,39647,0.66,0.16,0.66,0.11,0.1,1.05
ice,Aman Seitkaliyev,N/A,22 years,9096,57.5%,9358,0.97,74.0,3.7,504,13509,0.67,0.12,0.69,0.11,0.11,1.02
RUSH,William Wierzba,EG Black,28 years,25824,47.4%,26190,0.99,72.0,3.9,1491,39020,0.66,0.15,0.67,0.11,0.1,0.98
sinnopsyy,Dionis Budeci,Bad News Eagles,27 years,13897,56.7%,14524,0.96,78.8,5.7,752,20221,0.69,0.14,0.72,0.08,0.07,1.03
FinigaN,Vladislav Usov,N/A,24 years,9648,50.0%,9544,1.01,70.3,4.7,560,15074,0.64,0.12,0.63,0.1,0.1,1.03
blocker,Yanko Panov,N/A,25 years,16276,49.5%,16799,0.97,76.8,4.9,895,23790,0.68,0.15,0.71,0.11,0.12,1.04
RpK,Cédric Guipouy,N/A,33 years,26056,50.7%,26673,0.98,72.1,2.9,1499,39100,0.67,0.13,0.68,0.11,0.11,0.97
prosus,David Hesse,BIG Academy,19 years,7246,55.7%,7483,0.97,74.6,5.1,408,10777,0.67,0.13,0.69,0.11,0.11,1.03
isak,Isak Fahlén,GamerLegion,21 years,11825,49.4%,11966,0.99,72.7,5.0,671,18150,0.65,0.13,0.66,0.09,0.09,1.02
WOOD7,Adriano Cerato,Fluxo,27 years,11175,29.9%,10885,1.03,69.9,5.9,671,17550,0.64,0.12,0.62,0.09,0.07,1.03
mono,Michał Gabszewicz,N/A,27 years,11692,44.7%,11716,1.0,75.5,5.7,665,17776,0.66,0.13,0.66,0.07,0.09,0.97
SHOOWTiME,Gustavo Gonçalves,Flamengo,25 years,18347,44.9%,18784,0.98,75.2,4.4,1050,27217,0.67,0.14,0.69,0.1,0.1,0.97
jmqa,Savelii Bragin,N/A,25 years,16152,51.0%,16425,0.98,73.8,4.4,922,24189,0.67,0.13,0.68,0.09,0.08,0.97
DeStRoYeR,JiaMing Gu,Invictus,28 years,10730,42.3%,10965,0.98,74.2,2.7,600,15845,0.68,0.12,0.69,0.09,0.09,0.97
doto,Joonas Forss,HAVU,27 years,13750,54.3%,14113,0.97,74.4,4.8,773,20811,0.66,0.14,0.68,0.09,0.09,0.97
seb,Sebastian Bucki,N/A,31 years,10456,45.5%,10680,0.98,76.0,4.1,603,15586,0.67,0.15,0.69,0.11,0.11,0.97
leman,Eryk Kocęba,N/A,26 years,10285,51.4%,10487,0.98,72.2,4.0,580,15648,0.66,0.13,0.67,0.11,0.12,0.97
kUcheR,Emil Akhundov,N/A,34 years,14944,44.0%,15089,0.99,74.2,2.6,852,22314,0.67,0.15,0.68,0.1,0.1,0.97
droid,Damian Boulware,timbermen,22 years,8288,46.4%,8387,0.99,73.2,6.5,483,12434,0.67,0.13,0.67,0.1,0.11,1.02
SPELLAN,Teodor Nikolov,TENSTAR,25 years,25435,39.5%,25802,0.99,73.9,5.4,1486,38905,0.65,0.13,0.66,0.08,0.08,1.03
stk,Anupong Mueangngam,LZ,26 years,10034,42.0%,10257,0.98,74.5,3.0,591,15136,0.66,0.15,0.68,0.13,0.11,1.05
oskarish,Oskar Stenborowski,N/A,25 years,19656,50.4%,20056,0.98,71.0,4.3,1122,30064,0.65,0.12,0.67,0.1,0.1,0.97
ELUSIVE,Ruan van Wyk,N/A,29 years,6410,43.9%,6354,1.01,69.6,3.6,397,10059,0.64,0.14,0.63,0.1,0.11,0.97
f4stzin,Arthur Schmitt,Flamengo,24 years,7510,55.6%,7816,0.96,74.8,2.8,408,11008,0.68,0.13,0.71,0.1,0.09,1.03
SOKER,Aitor Fernández,N/A,29 years,11508,42.6%,11950,0.96,75.8,2.8,645,16934,0.68,0.15,0.71,0.12,0.11,0.97
byr9,Yaroslav Buryak,IKLA,24 years,8565,54.8%,8744,0.98,75.3,5.3,482,13142,0.65,0.14,0.67,0.1,0.09,1.05
DEVIL,Timothée Démolon,UBITEAM,28 years,11006,48.2%,11297,0.97,73.3,3.7,636,16582,0.66,0.13,0.68,0.1,0.09,0.97
gabesson,Gábor Málovics,N/A,32 years,7943,42.1%,8207,0.97,76.0,4.6,441,11654,0.68,0.16,0.7,0.11,0.11,0.97
MAIROLLS,Maitri Sukrob,N/A,24 years,8578,49.1%,8804,0.97,73.2,3.5,498,12894,0.67,0.13,0.68,0.1,0.1,1.02
PKL,Vinicios Coelho,paiN,28 years,20908,51.8%,21349,0.98,74.1,4.1,1221,31922,0.65,0.15,0.67,0.1,0.09,0.97
Mayker,Daryl May,N/A,24 years,7380,49.1%,7600,0.97,72.9,4.6,433,11216,0.66,0.13,0.68,0.1,0.1,1.01
PR1mE,Mathias Carlsen,Tricked,21 years,11541,54.0%,11892,0.97,72.7,4.6,641,17294,0.67,0.11,0.69,0.09,0.1,1.0
KHRN,Jesse Grandell,N/A,33 years,15822,48.0%,16067,0.98,71.0,4.7,935,24443,0.65,0.14,0.66,0.1,0.1,0.97
Leaf,Sattawut Reathong,N/A,28 years,6618,44.2%,6689,0.99,72.1,3.5,398,10120,0.65,0.13,0.66,0.09,0.08,1.02
Keoz,Nicolas Dgus,GamerLegion,22 years,16335,54.6%,17131,0.95,74.7,4.9,911,24286,0.67,0.13,0.71,0.1,0.09,1.02
reltuC,Stephen Cutler,N/A,34 years,14788,40.5%,14862,1.0,73.3,3.7,865,22664,0.65,0.15,0.66,0.09,0.1,0.97
Hyper,Bartosz Wolny,N/A,33 years,11144,41.8%,11311,0.99,69.9,2.8,646,16949,0.66,0.12,0.67,0.08,0.08,0.96
chopper,Leonid Vishnyakov,Spirit,26 years,20359,57.1%,20790,0.98,72.0,4.4,1179,31302,0.65,0.13,0.66,0.1,0.09,0.96
Kristou,Kristoffer Aamand,Astralis Talent,21 years,8377,42.8%,8719,0.96,68.2,3.4,481,12826,0.65,0.09,0.68,0.09,0.08,1.0
LUCAS1,Lucas Teles,N/A,27 years,16073,47.0%,16554,0.97,76.6,3.9,943,24480,0.66,0.16,0.68,0.1,0.09,0.96
SADDYX,Tuomas Louhimaa,temp,21 years,11526,47.7%,11867,0.97,74.7,6.0,653,17513,0.66,0.14,0.68,0.1,0.1,1.03
Maniac,Mathieu Quiquerez,N/A,32 years,14478,39.4%,14866,0.97,74.4,2.1,837,22049,0.66,0.14,0.67,0.08,0.08,0.96
Queenix,Jonas Dideriksen,ECSTATIC,23 years,10805,56.2%,11058,0.98,70.8,4.7,631,17001,0.64,0.12,0.65,0.11,0.11,1.01
niki1,Nikolay Pantaleev,500,32 years,19978,48.6%,20675,0.97,75.6,6.6,1158,30330,0.66,0.16,0.68,0.1,0.09,0.96
bodito,Patrik Boda,Rapid Ninjas,25 years,8647,46.5%,9068,0.95,74.6,3.6,478,12798,0.68,0.14,0.71,0.11,0.1,0.96
seized,Denis Kostin,9 Pandas,28 years,27268,45.9%,28044,0.97,72.4,5.4,1566,41279,0.66,0.15,0.68,0.08,0.07,0.96
kaper,Kacper Słoma,GRAFICIARZE,27 years,9154,44.2%,9322,0.98,72.1,3.8,536,14240,0.64,0.14,0.65,0.1,0.1,1.02
SmithZz,Edouard Dubourdeaux,Nakama,34 years,19827,41.4%,20390,0.97,66.0,2.3,1168,30301,0.65,0.14,0.67,0.1,0.08,0.96
Drea3er,ZhiTao Zhang,N/A,28 years,7240,53.8%,7614,0.95,73.7,2.7,418,10753,0.67,0.13,0.71,0.09,0.1,1.01
The eLiVe,Erik Sith,Sampi,24 years,10952,51.8%,11246,0.97,72.2,5.0,624,16971,0.65,0.13,0.66,0.1,0.09,1.01
misutaaa,Kévin Rabier,Falcons,20 years,10021,53.3%,10398,0.96,69.2,3.0,583,15618,0.64,0.11,0.67,0.12,0.11,1.01
stanislaw,Peter Jarguz,EG Black,28 years,23607,47.5%,24091,0.98,73.0,6.0,1414,36625,0.64,0.14,0.66,0.1,0.09,0.96
phr,Tomasz Wójcik,N/A,26 years,24084,53.2%,24585,0.98,72.9,5.8,1384,37015,0.65,0.13,0.66,0.09,0.09,1.02
maeVe,Lasse Elgaard,N/A,33 years,8154,40.5%,8285,0.98,72.3,3.5,487,12606,0.65,0.14,0.66,0.08,0.07,0.96
w1nt3r,Alikhan Kopzhanov,AVANGAR,25 years,10771,49.4%,10968,0.98,72.3,4.0,626,16747,0.64,0.12,0.65,0.09,0.1,1.0
Surreal,Kia Man,Endpoint,26 years,27993,44.0%,28882,0.97,71.9,3.3,1636,42976,0.65,0.13,0.67,0.1,0.09,0.96
starix,Sergey Ischuk,Aurora,35 years,10985,47.7%,11296,0.97,72.9,3.9,640,16850,0.65,0.13,0.67,0.09,0.09,0.96
expro,Heng Yang,Lynn Vision,24 years,8967,44.7%,9269,0.97,75.7,4.7,503,13330,0.67,0.14,0.7,0.1,0.09,1.03
HOLMES,Petar Dimitrijević,N/A,30 years,8127,44.7%,8494,0.96,77.9,4.5,462,12092,0.67,0.15,0.7,0.1,0.1,0.96
ProbLeM,Dmitriy Martinov,Forward,24 years,11013,48.7%,11351,0.97,73.8,4.9,621,16852,0.65,0.13,0.67,0.1,0.1,1.02
JazzPimp,Dominick Dimpfel,Nouns,25 years,8862,53.9%,9224,0.96,74.7,3.6,496,13025,0.68,0.14,0.71,0.1,0.11,1.01
xms,Alexandre Forté,N/A,25 years,12206,59.0%,12830,0.95,71.0,2.9,712,18783,0.65,0.12,0.68,0.11,0.1,0.96
Uber,Michael Stapells,N/A,26 years,6674,50.2%,6973,0.96,73.6,3.9,398,10027,0.67,0.14,0.7,0.12,0.11,0.96
Marek,Tzu-Chi Huang,YK,29 years,7492,51.5%,7757,0.97,72.4,3.7,439,11573,0.65,0.13,0.67,0.09,0.1,0.96
Kairi,David de Miguel,N/A,34 years,6789,37.8%,7025,0.97,73.9,6.0,407,10374,0.65,0.15,0.68,0.1,0.09,0.96
glow,Min-Soo Kim,N/A,34 years,6438,51.9%,6537,0.98,69.5,3.2,395,10045,0.64,0.12,0.65,0.11,0.11,1.01
TMB,Thomas Bundsbæk,Copenhagen Flames,21 years,15171,47.3%,15839,0.96,76.9,7.5,858,23036,0.66,0.16,0.69,0.11,0.09,1.04
nafany,Vladislav Gorshkov,Cloud9,21 years,16392,50.8%,17233,0.95,74.1,4.9,934,24838,0.66,0.14,0.69,0.1,0.08,1.03
Kvik,Aurimas Kvakšys,Kalbos Egzaminas,27 years,13755,42.7%,14443,0.95,75.1,3.8,785,20509,0.67,0.14,0.7,0.1,0.1,0.96
LOGAN,Logan Corti,N/A,24 years,10091,55.2%,10391,0.97,70.6,2.6,590,15692,0.64,0.12,0.66,0.1,0.1,1.01
smF,Danni Dyg,CEPTER,30 years,13994,56.2%,14376,0.97,69.5,4.6,838,21953,0.64,0.13,0.65,0.11,0.11,0.96
Aleksib,Aleksi Virolainen,Ninjas in Pyjamas,25 years,18287,39.4%,18747,0.98,74.2,8.5,1080,28650,0.64,0.17,0.65,0.11,0.1,0.96
Walco,Colby Walsh,EG Black,21 years,10261,56.6%,10805,0.95,73.2,7.5,590,15639,0.66,0.13,0.69,0.1,0.09,1.01
RZU,Jeff Ngo,N/A,22 years,8905,52.3%,9459,0.94,73.9,3.7,502,13085,0.68,0.12,0.72,0.1,0.1,1.01
tiziaN,Tizian Feldbusch,BIG Academy,26 years,30155,56.1%,31121,0.97,71.2,4.6,1785,47248,0.64,0.13,0.66,0.09,0.09,0.96
kraghen,Tobias Kragh Jensen,ECSTATIC,20 years,7087,46.6%,7408,0.96,76.8,5.5,396,10653,0.67,0.14,0.7,0.1,0.11,1.03
nosraC,Carson O'Reilly,Nouns,22 years,10774,49.7%,11257,0.96,74.2,6.1,618,16367,0.66,0.14,0.69,0.09,0.08,1.02
0i,ZhiWei Liu,Invictus,26 years,8662,55.8%,9099,0.95,73.3,3.3,492,12863,0.67,0.13,0.71,0.1,0.1,1.0
ponczek,Patryk Wites,N/A,27 years,9982,44.1%,10230,0.98,70.6,4.1,585,15685,0.64,0.13,0.65,0.09,0.08,1.01
nbl,Nabil Aleua,VELOX,26 years,10437,51.6%,10960,0.95,72.1,3.6,611,15786,0.66,0.13,0.69,0.11,0.1,0.96
YJ,Lucas Yuji,N/A,27 years,8424,41.6%,8495,0.99,71.0,4.1,514,13425,0.63,0.13,0.63,0.07,0.08,1.0
kinqie,Semyon Lisitsyn,SUN,31 years,11139,57.1%,11746,0.95,74.7,4.6,632,16798,0.66,0.13,0.7,0.11,0.09,0.95
oxygeN,Blagoi Dimitrov,VOYVODA,19 years,10312,58.9%,10713,0.96,68.7,4.1,604,16295,0.63,0.11,0.66,0.1,0.08,1.01
NEO,Filip Kubski,HONORIS,35 years,34508,37.8%,36066,0.96,72.1,5.9,2037,53165,0.65,0.16,0.68,0.09,0.08,0.95
dezon,Adam Wahlqvist,N/A,25 years,9363,52.4%,9611,0.97,70.0,4.8,555,14946,0.63,0.13,0.64,0.09,0.1,1.01
SEMINTE,Valentin Bodea,N/A,25 years,12709,49.3%,13310,0.95,71.5,3.0,737,19460,0.65,0.12,0.68,0.09,0.09,0.95
denis,Denis Howell,N/A,28 years,32914,44.3%,34777,0.95,75.1,3.7,1840,48974,0.67,0.14,0.71,0.1,0.09,0.95
alexRr,Alexander Frisch,N/A,27 years,7438,39.8%,7992,0.93,72.6,3.8,433,11346,0.66,0.12,0.7,0.09,0.07,0.95
dumz,Miran Matković,N/A,27 years,7889,48.4%,8209,0.96,71.2,3.1,455,12074,0.65,0.12,0.68,0.1,0.09,0.95
tahsiN,Tahsin Broschk,Entropy,32 years,10491,44.7%,11162,0.94,72.6,5.0,606,15760,0.67,0.14,0.71,0.09,0.08,0.95
MAJ3R,Engin Küpeli,Eternal Fire,32 years,19599,48.1%,20271,0.97,73.4,5.1,1157,30434,0.64,0.14,0.67,0.08,0.08,0.95
rafftu,Kostadin Turbinov,N/A,23 years,9489,51.1%,9922,0.96,71.8,3.5,541,14489,0.65,0.13,0.68,0.12,0.11,1.01
friberg,Adam Friberg,N/A,31 years,33244,47.3%,34978,0.95,70.4,5.1,1966,51219,0.65,0.16,0.68,0.11,0.09,0.95
Grus,Sander Iversen,N/A,25 years,10906,63.5%,11737,0.93,73.4,5.2,603,16427,0.66,0.12,0.71,0.1,0.09,1.01
Snappi,Marco Pfeiffer,ENCE,32 years,28654,45.5%,29823,0.96,72.5,4.6,1672,44189,0.65,0.13,0.67,0.09,0.08,0.95
Console,Mads Skovby,N/A,27 years,11948,39.5%,12530,0.95,74.0,3.2,708,18612,0.64,0.15,0.67,0.11,0.09,0.95
CONNOR93,Connor Glover,N/A,29 years,7738,51.7%,8195,0.94,72.8,2.7,449,11544,0.67,0.12,0.71,0.11,0.1,0.95
soju_j,Jay Jeong,N/A,25 years,9148,41.2%,9558,0.96,72.1,4.2,554,14231,0.64,0.14,0.67,0.11,0.1,1.01
KrizzeN,Aidyn Turlybekov,N/A,23 years,12720,54.9%,13088,0.97,71.4,3.9,763,20020,0.64,0.14,0.65,0.1,0.09,1.01
H4RR3,Haris Hadzic,Metizport,25 years,12193,50.2%,13005,0.94,75.1,4.7,689,18503,0.66,0.14,0.7,0.12,0.1,1.03
dERZKIY,Igor Radosavlevich,SHIPACHI,26 years,7217,53.9%,7623,0.95,72.0,2.3,419,10917,0.66,0.13,0.7,0.1,0.11,0.95
devoduvek,David Dobrosavljevic,Mixfits,28 years,11768,49.4%,12416,0.95,75.5,3.6,681,18075,0.65,0.15,0.69,0.1,0.09,0.95
steel,Lucas Lopes,Case,29 years,24979,40.9%,25976,0.96,71.6,3.7,1485,38852,0.64,0.13,0.67,0.1,0.09,0.95
AcilioN,Asger Larsen,undefined,26 years,30836,44.0%,32374,0.95,72.5,4.4,1806,47619,0.65,0.15,0.68,0.11,0.09,0.95
flashie,Viktor Tamás Bea,CLG Red,27 years,10179,41.9%,10697,0.95,72.3,3.8,594,15719,0.65,0.14,0.68,0.1,0.09,0.95
maNkz,Marcus Kjeldsen,ECSTATIC,24 years,14552,52.5%,15365,0.95,73.0,5.0,842,22683,0.64,0.14,0.68,0.12,0.11,1.02
beastik,Sebastian Daňo,SINNERS,25 years,15062,54.9%,15946,0.94,70.5,4.7,883,23699,0.64,0.13,0.67,0.1,0.07,1.0
strux1,Hendrik Goetzendorff,N/A,32 years,6648,36.3%,6894,0.96,76.0,1.8,403,10276,0.65,0.14,0.67,0.09,0.09,0.95
caike,Caike Costa,N/A,28 years,9117,42.7%,9592,0.95,71.1,4.0,537,14117,0.65,0.14,0.68,0.1,0.09,0.95
darko,Kacper Ściera,PGE Turow,25 years,14878,44.9%,15778,0.94,74.8,6.6,839,22759,0.65,0.14,0.69,0.1,0.09,1.02
ecfN,Lukas Kauer,N/A,27 years,7387,53.8%,7858,0.94,75.1,3.1,426,11214,0.66,0.14,0.7,0.12,0.11,0.95
RAiLWAY,Artem Gradovich,Boston crab,27 years,9529,53.1%,10301,0.93,76.0,4.9,523,14108,0.68,0.13,0.73,0.09,0.08,1.0
Inzta,Peter Kragelund,N/A,29 years,12779,43.9%,13628,0.94,72.5,2.6,754,19798,0.65,0.14,0.69,0.1,0.09,0.94
uNdo,Alexander Kiziukevich,N/A,27 years,7217,54.3%,7588,0.95,70.3,2.8,431,11262,0.64,0.12,0.67,0.08,0.09,0.94
Karsa,QiFang Su,N/A,30 years,7412,48.7%,7731,0.96,70.4,3.7,461,11782,0.63,0.14,0.66,0.1,0.09,0.94
kzy,Oliver Heck,N/A,32 years,16491,47.6%,17326,0.95,72.6,4.8,991,25840,0.64,0.14,0.67,0.09,0.09,0.94
Fifflaren,Robin Johansson,N/A,35 years,7894,37.5%,7934,0.99,91.7,6.2,538,13220,0.6,0.15,0.6,0.04,0.16,0.94
SileNt,Samuel Portillo,N/A,27 years,10751,36.1%,11539,0.93,70.9,2.6,624,16235,0.66,0.12,0.71,0.1,0.09,0.94
TOAO,Mateusz Zawistowski,Illuminar,26 years,21053,48.1%,22239,0.95,69.4,4.7,1242,33234,0.63,0.12,0.67,0.09,0.08,0.99
TaZ,Wiktor Wojtas,HONORIS,36 years,39598,51.3%,41731,0.95,67.4,2.5,2334,61480,0.64,0.13,0.68,0.11,0.09,0.94
BRACE,Toby Barnes,VERTEX,23 years,7731,48.0%,8226,0.94,70.6,5.8,467,12059,0.64,0.13,0.68,0.1,0.09,0.99
boX,Anton Burko,Websterz,28 years,23349,43.7%,24798,0.94,75.1,5.9,1356,36206,0.64,0.16,0.68,0.1,0.08,1.04
Twixie,Samuli Herrala,N/A,20 years,13187,48.0%,13967,0.94,71.6,5.2,767,20821,0.63,0.13,0.67,0.1,0.09,1.0
Shakezullah,Alan Hardeman,N/A,25 years,13736,42.3%,14186,0.97,68.8,5.1,859,22364,0.61,0.13,0.63,0.1,0.08,1.0
Rock1nG,Ivan Stratiev,Prosapia,26 years,15879,55.2%,17021,0.93,73.8,5.0,923,24313,0.65,0.14,0.7,0.1,0.09,1.01
tonyblack,Anton Kolesnikov,N/A,30 years,13828,48.6%,14553,0.95,69.6,3.8,826,21699,0.64,0.13,0.67,0.08,0.08,0.94
arch,Vladyslav Svistov,N/A,26 years,10295,49.0%,10953,0.94,72.7,2.2,593,15530,0.66,0.13,0.71,0.1,0.1,0.94
Duplicate,Viktor Mitev,Partizan,21 years,15165,51.3%,16163,0.94,72.5,6.4,898,23973,0.63,0.14,0.67,0.1,0.1,1.01
interz,Timofey Yakushin,N/A,22 years,13894,49.5%,14053,0.99,62.8,5.0,908,24175,0.57,0.12,0.58,0.1,0.1,0.99
kade0,Aidos Khairzhan,N/A,23 years,6697,53.8%,7130,0.94,68.9,3.4,396,10735,0.62,0.11,0.66,0.08,0.08,0.97
RIZZZ,Rui Lima,Fourteen,30 years,7240,52.1%,7806,0.93,71.0,3.8,434,11367,0.64,0.13,0.69,0.12,0.11,1.0
JT,Johnny Theodosiou,Complexity,23 years,19178,48.7%,20461,0.94,71.6,4.7,1167,30312,0.63,0.14,0.68,0.12,0.11,1.01
LOMME,Frederik Nielsen,N/A,29 years,10221,42.5%,10753,0.95,72.0,4.5,623,16172,0.63,0.15,0.66,0.1,0.09,0.94
Ex6TenZ,Kévin Droolans,N/A,32 years,22665,41.5%,23729,0.96,74.8,4.0,1393,36352,0.62,0.15,0.65,0.09,0.08,0.94
ub1que,Alexey Polivanov,N/A,30 years,8319,41.8%,8815,0.94,73.3,3.1,491,12691,0.66,0.13,0.69,0.09,0.09,0.94
Sidney,Patryk Korab,N/A,24 years,10096,49.8%,10671,0.95,71.6,6.8,603,16222,0.62,0.14,0.66,0.09,0.09,1.0
arvid,Tony Niemelä,N/A,26 years,16681,44.5%,17955,0.93,72.6,4.4,963,25840,0.65,0.14,0.69,0.1,0.1,0.94
Noisia,Alec Gulabovski,N/A,26 years,9682,43.7%,10298,0.94,72.5,4.8,579,15033,0.64,0.14,0.69,0.09,0.08,0.99
ngiN,Engin Kor,N/A,29 years,16499,45.3%,17247,0.96,68.4,4.1,1025,26895,0.61,0.13,0.64,0.09,0.09,0.94
forget,Lei Li,N/A,33 years,7723,50.3%,8457,0.91,75.3,4.3,442,11512,0.67,0.14,0.73,0.1,0.08,0.94
Patrick,Ivan Ivanov,500,24 years,8490,56.2%,9208,0.92,71.6,4.3,485,13109,0.65,0.13,0.7,0.1,0.1,0.99
repo,Karol Cybulski,N/A,25 years,8647,46.6%,9304,0.93,69.4,3.8,505,13254,0.65,0.13,0.7,0.1,0.09,0.94
EXUS,Konrad Jeńczeń,N/A,25 years,16285,43.0%,17534,0.93,71.2,3.6,942,25185,0.65,0.13,0.7,0.09,0.09,0.94
ztr,Erik Gustafsson,GODSENT,19 years,9143,50.4%,9816,0.93,71.7,5.2,529,14232,0.64,0.12,0.69,0.1,0.1,0.98
dan1,Daniel Gligorov,BLUEJAYS,23 years,7485,48.3%,8025,0.93,68.8,4.2,444,11911,0.63,0.12,0.67,0.09,0.1,0.97
tutehen,Matias Canale,VELOX,30 years,7365,46.1%,7787,0.95,70.9,4.4,450,11640,0.63,0.14,0.67,0.11,0.11,0.93
Polly,Pål Kammen,N/A,31 years,7646,41.2%,8257,0.93,62.6,2.9,461,11987,0.64,0.12,0.69,0.09,0.07,0.93
kiR,Andreas Kirstein,MASONIC,22 years,12141,61.4%,13225,0.92,71.4,4.2,696,18746,0.65,0.11,0.71,0.1,0.1,0.98
hutji,Pavel Lashkov,N/A,27 years,7719,48.4%,8383,0.92,72.0,4.0,453,12010,0.64,0.14,0.7,0.1,0.1,0.93
crisby,Christian Schmitt,N/A,31 years,20610,54.4%,22423,0.92,71.5,3.4,1209,31542,0.65,0.13,0.71,0.11,0.1,0.93
neaLaN,Sanzhar Iskhakov,Evil Geniuses,22 years,19628,55.8%,21091,0.93,73.9,4.8,1134,30303,0.65,0.13,0.7,0.09,0.09,1.0
SkulL,Jordan Newland,Antic,25 years,11045,42.5%,12170,0.91,75.7,5.7,644,16817,0.66,0.15,0.72,0.11,0.1,1.01
emi,Luka Vuković,Partizan,29 years,19415,52.1%,20915,0.93,72.2,5.8,1165,30533,0.64,0.15,0.68,0.12,0.1,0.93
matty,Mateusz Kołodziejczyk,N/A,27 years,10526,40.6%,11362,0.93,75.6,6.0,617,16381,0.64,0.16,0.69,0.1,0.11,0.93
aVN,Filip Belojica,Zero Tenacity,26 years,10652,52.6%,11434,0.93,69.3,2.7,628,16790,0.63,0.12,0.68,0.11,0.1,0.93
mynio,Wiktor Kruk,9INE,27 years,15688,44.2%,17196,0.91,76.5,6.8,909,24432,0.64,0.16,0.7,0.09,0.08,0.93
quix,Max Lindkvist,Lilmix,30 years,17166,47.3%,19120,0.9,74.4,5.5,976,25842,0.66,0.14,0.74,0.09,0.08,0.93
stYleEeZ,Pavle Stojanovski,Juggernauts,22 years,6621,38.0%,7065,0.94,69.3,5.1,405,10826,0.61,0.13,0.65,0.08,0.08,0.97
hitMouse,Kirill Tsarev,NewBelarus,32 years,8785,49.0%,9410,0.93,71.2,4.5,538,14028,0.63,0.13,0.67,0.09,0.09,0.92
Xp3,David Garrido,N/A,35 years,8326,39.7%,9118,0.91,70.5,3.4,502,13113,0.63,0.13,0.7,0.09,0.08,0.92
S0tF1k,Dmitry Forostyanko,Spirit Academy,28 years,21826,49.2%,23815,0.92,71.3,5.4,1322,34842,0.63,0.14,0.68,0.1,0.09,0.92
pNshr,Nikolay Paunin,N/A,31 years,9886,43.2%,10698,0.92,71.0,3.1,600,15671,0.63,0.15,0.68,0.1,0.09,0.92
TACO,Epitacio de Melo,00NATION,28 years,23328,50.3%,24933,0.94,67.2,4.4,1482,38592,0.6,0.12,0.65,0.09,0.07,0.92
arki,Omar Chakkor,SAW,33 years,14525,52.5%,15799,0.92,70.5,5.6,889,23396,0.62,0.15,0.68,0.1,0.08,0.92
SANJI,Sanjar Kuliev,Virtus.pro,25 years,12151,62.2%,13149,0.92,68.8,3.9,743,19879,0.61,0.12,0.66,0.1,0.08,0.97
sorrow,Zhandarbek Mamyrbek,N/A,27 years,7796,54.9%,8621,0.9,70.5,3.7,456,12239,0.64,0.11,0.7,0.1,0.08,0.96
Zeus,Danylo Teslenko,N/A,35 years,23470,43.5%,25460,0.92,69.9,5.5,1405,37152,0.63,0.17,0.69,0.11,0.08,0.92
Luz,Maciek Bugaj,UNGENTIUM,28 years,10895,48.1%,11889,0.92,72.4,3.2,660,17302,0.63,0.14,0.69,0.1,0.09,0.92
MSL,Mathias Lauridsen,NtK,28 years,29396,39.9%,32804,0.9,70.5,3.8,1749,45720,0.64,0.15,0.72,0.12,0.08,0.92
dobbo,William Dobson,Into the Bin,19 years,7342,53.3%,7917,0.93,66.9,3.7,445,12084,0.61,0.11,0.66,0.09,0.1,0.96
SENER1,Sener Mahmuti,Bad News Eagles,26 years,7830,52.6%,8539,0.92,69.5,6.2,482,12862,0.61,0.14,0.66,0.1,0.09,0.98
arya,Arya Hekmat,N/A,30 years,7277,34.9%,8145,0.89,72.6,3.5,440,11291,0.64,0.14,0.72,0.11,0.09,0.92
akez,Kristian Kornbakk,777,30 years,9342,55.1%,10385,0.9,71.1,3.5,550,14806,0.63,0.13,0.7,0.11,0.1,0.92
nak,Renato Nakano,N/A,35 years,8234,44.6%,8934,0.92,70.8,4.5,519,13439,0.61,0.15,0.66,0.1,0.09,0.92
svyat,Svyatoslav Dovbakh,N/A,28 years,11975,51.9%,13035,0.92,69.7,4.7,734,19717,0.61,0.14,0.66,0.09,0.09,0.98
Dav,David Miljanić,N/A,31 years,7539,40.7%,8361,0.9,71.2,4.7,468,12095,0.62,0.15,0.69,0.11,0.11,0.91
xartE,Mikko Välimaa,HAVU,31 years,18389,37.2%,20049,0.92,69.7,6.3,1155,30358,0.61,0.15,0.66,0.09,0.09,0.91
ncl,Bold Batsuh,Mazaalai,28 years,8647,49.3%,9411,0.92,68.4,3.9,546,14042,0.62,0.13,0.67,0.11,0.09,0.91
LEGIJA,Nikola Ninić,N/A,32 years,14245,49.8%,15916,0.9,69.5,4.6,869,22614,0.63,0.14,0.7,0.09,0.08,0.91
roman,Roman Redihin,N/A,34 years,6787,55.0%,7451,0.91,69.6,3.0,414,10880,0.62,0.14,0.68,0.11,0.1,0.91
karrigan,Finn Andersen,FaZe,32 years,34286,43.2%,38181,0.9,68.7,5.1,2103,55200,0.62,0.13,0.69,0.09,0.07,0.91
BTN,Cătălin-Ionuț Stănescu,Nexus,33 years,20204,53.7%,22625,0.89,72.9,5.3,1202,31688,0.64,0.15,0.71,0.11,0.09,0.91
wayLander,Jan Rahkonen,N/A,28 years,13258,51.8%,14973,0.89,70.8,3.2,794,20857,0.64,0.13,0.72,0.08,0.07,0.91
BONA,Verneri Junkala,SJ,23 years,7931,52.1%,8874,0.89,69.9,4.5,476,12674,0.63,0.13,0.7,0.1,0.1,0.91
sAw,Eetu Saha,ENCE,30 years,20522,47.9%,22630,0.91,69.3,6.1,1267,33681,0.61,0.16,0.67,0.11,0.09,0.9
coolio,András Fercsák,N/A,22 years,6238,53.6%,6887,0.91,64.9,4.0,396,10638,0.59,0.11,0.65,0.1,0.1,0.94
kRYSTAL,Kevin Amend,undefined,29 years,29866,36.7%,33361,0.9,67.3,5.4,1888,49380,0.6,0.14,0.68,0.1,0.08,0.9
ben1337,Ben Smith,EG White,24 years,15776,46.7%,17606,0.9,69.5,5.1,988,25718,0.61,0.14,0.68,0.11,0.09,0.97
crush,Igor Shevchenko,NAVI Junior,27 years,11844,52.5%,13320,0.89,69.9,4.9,732,19295,0.61,0.13,0.69,0.09,0.07,0.9
balblna,Gregory Oleinick,NASR,27 years,9803,49.8%,11039,0.89,70.4,5.1,612,16045,0.61,0.15,0.69,0.11,0.1,0.9
sycrone,Dennis Nielsen,MOUZ,27 years,8771,41.1%,9749,0.9,70.4,4.3,553,14608,0.6,0.15,0.67,0.1,0.09,0.9
nkl,Nikolay Krastev,N/A,29 years,9990,42.9%,11036,0.91,68.3,3.3,642,16554,0.6,0.15,0.67,0.1,0.07,0.9
Golden,Maikil Selim,GODSENT,29 years,14239,53.5%,16255,0.88,69.2,5.4,873,23240,0.61,0.14,0.7,0.1,0.09,0.94
hooch,Dmitry Bogdanov,1WIN,35 years,14451,41.8%,16279,0.89,70.8,4.4,897,23538,0.61,0.14,0.69,0.08,0.07,0.9
MiGHTYMAX,Max Heath,Endpoint,25 years,20030,49.4%,22450,0.89,65.9,5.3,1292,34289,0.58,0.13,0.65,0.1,0.09,0.9
FNS,Pujan Mehta,N/A,30 years,15287,45.9%,17081,0.89,68.0,4.1,953,25080,0.61,0.14,0.68,0.1,0.08,0.89
spiker,Alexander Ivanov,N/A,28 years,6837,42.7%,7811,0.88,71.5,2.6,415,10974,0.62,0.14,0.71,0.08,0.08,0.89
Psycho,Alexandr Zlobin,IKLA,25 years,8322,52.2%,9388,0.89,70.2,6.5,514,13708,0.61,0.14,0.68,0.1,0.09,0.96
JiNKZ,Gaëtan Jamin,N/A,27 years,8657,53.5%,9850,0.88,69.7,3.8,542,14411,0.6,0.15,0.68,0.11,0.09,0.97
MAiNLiNE,Michael Jaber,N/A,26 years (,6904,51.7%,7968,0.87,69.1,2.4,437,11092,0.62,0.14,0.72,0.11,0.09,0.89
pronax,Markus Wallsten,N/A,31 years,18722,45.8%,20989,0.89,64.7,4.0,1199,31403,0.6,0.14,0.67,0.09,0.08,0.89
Polen,Adam Polen,N/A,26 years,7017,53.3%,7995,0.88,69.8,4.3,435,11470,0.61,0.14,0.7,0.1,0.08,0.89
lunAtic,Dawid Cieślak,HONORIS,29 years,16629,39.3%,18813,0.88,67.7,5.3,1015,27545,0.6,0.13,0.68,0.1,0.09,0.89
Adam9130,Adam Ahmad,Into the Bin,25 years,10464,39.8%,12097,0.87,73.0,5.8,618,16821,0.62,0.15,0.72,0.1,0.08,0.97
Lambert,Lambert Prigent,LDLC,31 years,11962,37.1%,13543,0.88,63.4,3.6,775,20411,0.59,0.11,0.66,0.09,0.08,0.88
LeX,Alexander Deily,N/A,32 years,7418,44.7%,8680,0.85,71.1,4.0,462,11931,0.62,0.14,0.73,0.1,0.08,0.88
IceBerg,Oliver Berg,Tricked,22 years,10307,52.8%,12243,0.84,72.3,4.2,608,16287,0.63,0.13,0.75,0.11,0.08,0.95
torben,Nicolai Amorim,N/A,27 years,8176,49.5%,9372,0.87,66.2,3.7,532,13939,0.59,0.12,0.67,0.1,0.09,0.93
seang@res,Sean Gares,Old Guys Club,34 years,10904,40.2%,12533,0.87,67.4,4.8,713,18391,0.59,0.14,0.68,0.11,0.08,0.88
ScrunK,Robin Röpke,Sangal,27 years,17229,46.3%,20271,0.85,70.7,7.1,1068,28522,0.6,0.14,0.71,0.1,0.08,0.88
daps,Damian Steele,Liquid,29 years,16274,40.2%,18638,0.87,66.8,4.4,1075,28101,0.58,0.14,0.66,0.1,0.07,0.88
flowsicK,Kyle Mendez,N/A,31 years,6257,47.4%,7304,0.86,73.6,3.7,395,10074,0.62,0.15,0.73,0.11,0.08,0.87
birdfromsky,Thomas Due-Frederiksen,Copenhagen Flames,29 years,15024,41.4%,17530,0.86,72.4,8.0,932,25301,0.59,0.18,0.69,0.14,0.09,0.98
nawrot,Piotr Nawrocki,9INE,24 years,9801,47.1%,11570,0.85,66.1,4.0,606,16271,0.6,0.12,0.71,0.1,0.09,0.92
advent,Zhuo Liang,Rare Atom,30 years,16478,50.0%,18843,0.87,62.1,4.5,1150,29589,0.56,0.13,0.64,0.11,0.1,0.87
BERRY,Danny Krüger,Sprout,32 years,13135,38.0%,15593,0.84,71.3,5.8,814,21328,0.62,0.15,0.73,0.1,0.08,0.87
def,Dima Lemeshchuk,N/A,28 years,9243,41.8%,10836,0.85,67.4,3.4,605,15797,0.59,0.14,0.69,0.11,0.08,0.86
HooXi,Rasmus Nielsen,G2,27 years,13311,49.6%,15803,0.84,67.5,5.9,870,23094,0.58,0.13,0.68,0.09,0.07,0.86
djL,Daniel Narancic,Ninjas in Pyjamas,29 years,10263,47.3%,11998,0.86,63.0,3.0,688,18180,0.56,0.12,0.66,0.1,0.08,0.91
Devilwalk,Jonatan Lundberg,Bad News Eagles,31 years,6222,51.2%,7368,0.84,68.6,3.9,408,10717,0.58,0.16,0.69,0.12,0.08,0.86
gob b,Fatih Dayik,BIG,35 years,14492,48.5%,17320,0.84,66.6,5.9,978,25799,0.56,0.13,0.67,0.1,0.08,0.85
Slemmy,Alec White,N/A,32 years,6638,49.6%,7951,0.83,63.7,3.2,445,11663,0.57,0.12,0.68,0.11,0.09,0.85
PASHANOJ,Pavel Legostaev,N/A,28 years,9433,53.4%,11804,0.8,68.0,3.9,620,16227,0.58,0.13,0.73,0.1,0.07,0.9
simix,Robin Bynens,EC Brugge,27 years,5819,50.8%,7197,0.81,62.1,4.0,396,10594,0.55,0.12,0.68,0.12,0.1,0.89
B1ad3,Andrey Gorodenskiy,Natus Vincere,36 years,13472,41.9%,16880,0.8,66.5,2.6,899,23232,0.58,0.16,0.73,0.1,0.07,0.83
netrick,Jonas Wenzelsen,N/A,27 years,6753,48.2%,8489,0.8,66.8,6.6,455,11976,0.56,0.14,0.71,0.11,0.09,0.82
HUNDEN,Nicolai Petersen,N/A,31 years,22470,48.7%,28708,0.78,64.4,4.5,1578,41153,0.55,0.14,0.7,0.11,0.09,0.81
RuFire,Aleksei Burakov,BakS,27 years,5796,47.9%,7776,0.75,66.5,4.6,398,10563,0.55,0.14,0.74,0.09,0.06,0.84
OCEAN,Kyle O'Brien,N/A,35 years,5530,44.3%,7492,0.74,59.7,3.6,410,10602,0.52,0.12,0.71,0.09,0.08,0.77
