,Name,Teams Played In,Number of Maps Played,Number of Rounds Played,Kill Death Difference,K/D Ratio,HLTV Rating,Total Deaths,Total Kills
0,ZywOo,"'Vitality', 'aAa'",985,25890,5999,1.38,1.27,15786.0,21785.0
1,s1mple,'Natus Vincere',1544,40788,8916,1.34,1.25,26223.0,35139.0
2,sh1ro,"'Gambit Youngsters', 'Gambit'",853,22639,5372,1.45,1.22,11937.0,17309.0
3,deko,'1WIN',382,10313,2270,1.38,1.22,5973.0,8243.0
4,saffee,"'FURIA', 'paiN'",374,9873,1936,1.32,1.21,6049.0,7985.0
5,Kaze,"'ViCi', 'Flash', 'MVP.karnal'",835,21806,4143,1.32,1.19,12946.0,17089.0
6,degster,"'Spirit', 'Espada'",675,17974,3316,1.31,1.19,10696.0,14012.0
7,smooya,"'BIG', 'Movistar Riders', 'Epsilon'",861,22775,3775,1.27,1.18,13981.0,17756.0
8,sterling,"'Looking For Org', 'AVANT', 'Dire Wolves'",845,21645,3960,1.31,1.17,12774.0,16734.0
9,XANTARES,"'Eternal Fire', 'Space Soldiers', 'BIG'",1734,45617,6183,1.2,1.17,30915.0,37098.0
10,torzsi,"'MOUZ', 'Budapest Five', 'MOUZ NXT', 'Salamander'",428,11450,1822,1.26,1.17,7007.0,8829.0
11,DANK1NG,"'TYLOO', 'EHOME'",374,9935,1597,1.25,1.16,6388.0,7985.0
12,device,"'Astralis', 'TSM'",1793,46666,7208,1.25,1.16,28832.0,36040.0
13,SENSEi,"'Run or Die', 'CR4ZY', 'Project X', 'Akuma'",427,11298,2090,1.33,1.16,6333.0,8423.0
14,NiKo,"'G2', 'FaZe', 'MOUZ'",1610,42813,5475,1.19,1.16,28815.0,34290.0
15,BnTeT,"'TYLOO', 'Gen.G', 'EXTREMUM'",1016,26493,3841,1.23,1.15,16700.0,20541.0
16,coldzera,"'SK', 'FaZe', 'Luminosity', 'MIBR'",1410,36822,5672,1.25,1.15,22688.0,28360.0
17,XigN,"'NKT', 'MVP PK', 'MVP Project'",705,18249,2434,1.2,1.15,12170.0,14604.0
18,blameF,"'Astralis', 'Complexity', 'Heroic', 'Epsilon'",841,22506,3488,1.26,1.15,13415.0,16903.0
19,Sico,"'Renegades', 'Grayhound', 'ORDER', 'Kings'",892,22621,3761,1.28,1.15,13432.0,17193.0
20,KSCERATO,'FURIA',900,23380,3732,1.28,1.15,13328.0,17060.0
21,Benkai,"'BOOT-d[S]', 'BOOT', 'dream[S]cape'",603,15560,2046,1.2,1.14,10230.0,12276.0
22,XELLOW,'Nexus',1061,27848,3273,1.18,1.14,18183.0,21456.0
23,Jame,"'AVANGAR', 'Virtus.pro'",1166,30922,5208,1.31,1.13,16799.0,22007.0
24,Texta,"'Chiefs', 'Athletico', 'Dark Sided'",625,15713,1750,1.16,1.13,10937.0,12687.0
25,mhL,"'MOUZ NXT', 'AGO'",458,12268,1592,1.2,1.13,7960.0,9552.0
26,El1an,"'Entropiq', 'Winstrike', 'EPG'",1264,33705,4695,1.23,1.13,20413.0,25108.0
27,oskar,"'MOUZ', 'SINNERS', 'HellRaisers'",1458,38450,4848,1.2,1.13,24240.0,29088.0
28,kennyS,"'G2', 'Envy', 'Titan'",1852,48898,6331,1.21,1.13,30147.0,36478.0
29,frozen,"'MOUZ', 'eXtatus'",1168,30540,3450,1.17,1.13,20294.0,23744.0
30,mantuu,"'OG', 'ALTERNATE aTTaX', 'PANTHERS'",682,18286,2345,1.21,1.12,11166.0,13511.0
31,huNter-,"'G2', 'Valiance', 'Binary Dragons'",1447,38234,4170,1.16,1.12,26062.0,30232.0
32,yuurih,'FURIA',992,25849,3125,1.19,1.12,16447.0,19572.0
33,Freeman,"'ViCi', 'TYLOO'",754,19211,2195,1.18,1.12,12194.0,14389.0
34,erkaSt,"'Grayhound', 'TIGER', 'Immunity'",859,22286,2504,1.17,1.12,14729.0,17233.0
35,chelleos,"'Paradox', 'Rooster', 'madlikewizards'",559,14429,1455,1.15,1.12,9700.0,11155.0
36,vsm,"'00NATION', 'DETONA'",533,14130,1485,1.16,1.12,9281.0,10766.0
37,woxic,"'Eternal Fire', 'HellRaisers', 'MOUZ', 'DarkPassage'",1140,29863,3729,1.2,1.12,18645.0,22374.0
38,INS,"'Renegades', 'Chiefs', 'ORDER', 'Tainted Minds'",936,23751,2625,1.17,1.12,15441.0,18066.0
39,liTTle,"'forZe', 'RuSh3D', 'Spartak', 'Enso'",458,12159,1550,1.2,1.12,7750.0,9300.0
40,ropz,'MOUZ',1103,29169,3689,1.21,1.12,17566.0,21255.0
41,dream3r,"'SKADE', 'E-frag.net', 'Fiend'",1241,32478,4209,1.21,1.12,20042.0,24251.0
42,kNgV-,"'MIBR', 'INTZ'",827,21606,2406,1.17,1.12,14152.0,16558.0
43,Jamppi,"'SJ', 'ENCE'",503,13449,1408,1.16,1.12,8800.0,10208.0
44,wrath,"'New Identity', 'Secret Club', 'BlackOut'",525,13568,1239,1.13,1.12,9530.0,10769.0
45,xsepower,"'K23', 'forZe'",1223,32796,4578,1.24,1.12,19075.0,23653.0
46,PTC,"'Lucid Dream', '5POWER'",476,12393,1408,1.18,1.11,7822.0,9230.0
47,GuardiaN,"'Natus Vincere', 'FaZe'",1568,41069,4811,1.19,1.11,25321.0,30132.0
48,splashske,"'BOOT-d[S]', 'HZ', 'BOOT', 'dream[S]cape'",722,18651,1811,1.15,1.11,12073.0,13884.0
49,Twistzz,"'FaZe', 'Liquid'",1349,35423,3891,1.18,1.11,21616.0,25507.0
50,oSee,"'Extra Salt', 'Singularity', 'Cloud9'",1079,27999,3355,1.19,1.11,17657.0,21012.0
51,NEOFRAG,'SINNERS',648,17364,1550,1.13,1.11,11923.0,13473.0
52,dgt,'9z',407,10750,1321,1.2,1.11,6605.0,7926.0
53,ottoNd,"'HAVU', 'Valiance', 'CR4ZY', 'c0ntact'",855,22591,2642,1.19,1.11,13905.0,16547.0
54,zorte,"'forZe', 'Unique'",694,18479,2228,1.2,1.11,11140.0,13368.0
55,FREDDyFROG,"'Chaos', 'Red Reserve', 'Apeks', 'Japaleno', 'Galaxy Racer'",1207,32156,3616,1.18,1.11,20088.0,23704.0
56,Brehze,"'Evil Geniuses', 'NRG'",1164,30296,2781,1.14,1.1,19864.0,22645.0
57,TenZ,"'Bad News Bears', 'ATK'",401,10399,839,1.12,1.1,6991.0,7830.0
58,f0rest,"'Dignitas', 'NIP'",2083,54162,5669,1.16,1.1,35431.0,41100.0
59,CeRq,"'Evil Geniuses', 'NRG', 'Outlaws'",1199,31114,3425,1.18,1.1,19027.0,22452.0
60,Infinite,'Party Astronauts',812,21189,1971,1.14,1.1,14078.0,16049.0
61,Olivia,"'Beyond', 'Alpha Red', 'Signature'",634,16189,1565,1.15,1.1,10433.0,11998.0
62,poizon,"'Complexity', 'Windigo', 'Bpro'",1101,29160,2855,1.15,1.1,19033.0,21888.0
63,mertz,"'North Academy', 'Heroic', 'North', 'Nordavind', 'Singularity'",955,25333,2594,1.16,1.1,16212.0,18806.0
64,ekul,"'Paradox', 'SYF'",449,11608,1003,1.13,1.1,7715.0,8718.0
65,WARDELL,"'Ghost', ""Bee's Money Crew"", 'Orgless'",609,15901,1648,1.17,1.1,9694.0,11342.0
66,dumau,"'GODSENT', 'Yeah'",439,11641,1322,1.18,1.1,7344.0,8666.0
67,nawwk,"'Apeks', 'GamerLegion', 'NIP', 'x6tence Galaxy'",857,22861,2645,1.19,1.1,13921.0,16566.0
68,swag,"'Swole Patrol', 'Torqued', 'iBUYPOWER', 'Lazarus'",556,14447,1629,1.18,1.1,9050.0,10679.0
69,HEN1,"'Immortals', 'FURIA', 'Luminosity'",1083,28128,3490,1.21,1.1,16619.0,20109.0
70,mir,"'Spirit', 'Vega Squadron', 'Gambit'",980,25665,2534,1.15,1.1,16893.0,19427.0
71,h4rn,"'FATE', 'Fiend'",511,13616,1525,1.18,1.1,8472.0,9997.0
72,aliStair,"'Renegades', 'ORDER', 'Chiefs'",1047,26607,2823,1.17,1.1,16605.0,19428.0
73,Ax1Le,"'Gambit Youngsters', 'Gambit'",926,24557,2461,1.16,1.1,15381.0,17842.0
74,Spinx,"'ENCE', 'c0ntact'",423,11206,1031,1.14,1.1,7364.0,8395.0
75,moose,"'eUnited', 'Rise Nation'",752,19559,1975,1.16,1.1,12343.0,14318.0
76,nython,"'paiN', 'RED Canids', 'Paquetá'",490,13082,1308,1.15,1.1,8720.0,10028.0
77,Calyx,"'Eternal Fire', 'Space Soldiers', 'DarkPassage'",1075,28035,2864,1.16,1.1,17900.0,20764.0
78,xccurate,"'TYLOO', 'Recca', 'BTRG', 'NKT'",698,18113,1724,1.15,1.09,11493.0,13217.0
79,mixwell,"'OpTic', 'Movistar Riders'",840,21804,1911,1.13,1.09,14700.0,16611.0
80,PwnAlone,"'Party Astronauts', 'New England Whalers', 'High Coast'",901,23484,2283,1.15,1.09,15220.0,17503.0
81,hades,"'ENCE', 'Wisla Krakow'",572,15337,1701,1.18,1.09,9450.0,11151.0
82,allu,"'ENCE', 'NIP', 'FaZe'",1610,42162,4305,1.16,1.09,26906.0,31211.0
83,electroNic,"'Natus Vincere', 'FlipSid3'",1291,34076,3033,1.14,1.09,21664.0,24697.0
84,lollipop21k,"'Nemiga', 'GoodJob'",1156,30907,2500,1.12,1.09,20833.0,23333.0
85,syrsoN,"'BIG', 'ALTERNATE aTTaX', 'Sprout'",1694,44968,4514,1.16,1.09,28212.0,32726.0
86,GeT_RiGhT,'NIP',1745,45030,4298,1.15,1.09,28653.0,32951.0
87,floppy,"'Cloud9', 'Singularity'",796,20906,1729,1.13,1.09,13300.0,15029.0
88,JUGi,"'Heroic', 'OpTic', 'Tricked', 'North'",940,24427,2676,1.18,1.09,14866.0,17542.0
89,dexter,"'MOUZ', 'Grayhound', 'Renegades'",956,24578,2061,1.13,1.09,15853.0,17914.0
90,Farlig,"'Copenhagen Flames', 'FunPlus Phoenix', 'GODSENT'",688,18382,1797,1.16,1.09,11231.0,13028.0
91,cynic,"'Gaimin Gladiators', 'Party Astronauts', 'Triumph'",639,16567,1604,1.15,1.09,10693.0,12297.0
92,Cooper,"'Swole Patrol', 'eUnited', 'Triumph'",754,19536,1965,1.16,1.09,12281.0,14246.0
93,gas,"'Wings Up', 'LGD', 'EDG', 'Aster'",446,11650,718,1.09,1.09,7977.0,8695.0
94,Sonic,"'Bravado', 'Extra Salt', 'Cloud9'",940,24238,2217,1.14,1.09,15835.0,18052.0
95,zehN,"'GODSENT', 'HAVU', 'PENTA', 'FunPlus Phoenix'",1073,28305,2384,1.13,1.09,18338.0,20722.0
96,JOTA,"'MIBR', 'Bravos', 'Keyd', 'Santos'",395,10285,952,1.14,1.09,6800.0,7752.0
97,ZOREE,"'HAVU', 'iGame.com', 'SJ'",1656,43985,4449,1.16,1.09,27806.0,32255.0
98,NAF,"'Liquid', 'OpTic'",1555,40791,3988,1.16,1.09,24925.0,28913.0
99,ryx,"'Echo Fox', 'Splyce', 'Ghost', 'Dignitas', 'Tempo Storm', 'Conquest'",491,12856,1181,1.14,1.09,8435.0,9616.0
100,mezii,"'fnatic', 'Endpoint', 'GamerLegion', 'Cloud9', 'Vexed'",500,13551,1240,1.14,1.09,8857.0,10097.0
101,BL1TZ,"'Chiefs', 'Legacy', 'AVANT', 'Funky Monkeys'",732,18819,1628,1.13,1.09,12523.0,14151.0
102,biguzera,'paiN',588,15659,1495,1.15,1.09,9966.0,11461.0
103,ScreaM,"'Envy', 'G2', 'Titan', 'VeryGames'",1430,37087,3105,1.13,1.09,23884.0,26989.0
104,dennyslaw,'SKADE',1129,30375,2805,1.14,1.09,20035.0,22840.0
105,EliGE,'Liquid',1594,41743,2992,1.1,1.09,29919.0,32911.0
106,HaZR,"'Looking For Org', 'AVANT', 'Breakaway', 'Dire Wolves'",768,19641,1318,1.1,1.09,13179.0,14497.0
107,faveN,"'Sprout', 'EURONICS'",1321,35296,3092,1.13,1.09,23784.0,26876.0
108,nex,"'BIG', 'MOUZ'",1074,28389,2435,1.13,1.09,18730.0,21165.0
109,fer,"'SK', 'MIBR', 'Luminosity'",1411,36818,2811,1.11,1.09,25554.0,28365.0
110,valde,"'North', 'OG', 'Heroic'",1230,32676,2826,1.13,1.09,21738.0,24564.0
111,k0nfig,"'Dignitas', 'OpTic', 'Complexity', 'North'",1519,40207,2491,1.09,1.08,27677.0,30168.0
112,nukkye,"'Imperial', 'HellRaisers', 'NoChance'",592,15492,1330,1.13,1.08,10230.0,11560.0
113,Attacker,"'TYLOO', 'Flash'",1244,32013,2709,1.13,1.08,20838.0,23547.0
114,dupreeh,"'Astralis', 'TSM'",1918,49949,4350,1.13,1.08,33461.0,37811.0
115,Magisk,"'Astralis', 'SK', 'Dignitas'",1376,36221,3232,1.14,1.08,23085.0,26317.0
116,exit,"'MIBR', 'Sharks'",704,18107,1857,1.17,1.08,10923.0,12780.0
117,Savage,"'VG.CyberZen', 'ViCi', 'CyberZen', '5POWER'",836,21434,1926,1.14,1.08,13757.0,15683.0
118,Machinegun,"'TheMongolz', 'Mazaalai', 'Splyce'",421,10714,671,1.09,1.08,7455.0,8126.0
119,DJOXiC,"'Binary Dragons', 'iNation', 'Valiance'",489,12531,1204,1.15,1.08,8026.0,9230.0
120,Detrony,'Bravado',412,10449,862,1.13,1.08,6630.0,7492.0
121,Summer,"'TYLOO', 'Flash'",1251,32235,2836,1.14,1.08,20257.0,23093.0
122,junior,"'Complexity', 'Triumph', 'Bad News Bears', 'FURIA'",468,12247,1307,1.18,1.08,7261.0,8568.0
123,keev,"'ALTERNATE aTTaX', 'BIG', 'KILLERFISH'",594,15524,1217,1.12,1.08,10141.0,11358.0
124,felps,"'SK', 'GODSENT', 'Immortals', 'Tempo Storm'",998,25554,1601,1.09,1.08,17788.0,19389.0
125,draken,"'Epsilon', 'NIP', 'Red Reserve'",1093,28857,2660,1.15,1.08,17733.0,20393.0
126,sergej,"'GORILLAZ', 'ENCE', 'HAVU'",776,20425,1816,1.14,1.08,12971.0,14787.0
127,Hatz,"'Renegades', 'ORDER', 'Kings'",937,23862,2023,1.13,1.08,15561.0,17584.0
128,pz,"'VERTEX', 'TRUCKERS WITH ATTITUDE', 'Airborne'",426,11132,949,1.14,1.08,6778.0,7727.0
129,ShahZaM,"'Complexity', 'Misfits', 'Echo Fox', 'Conquest', 'OpTic'",966,25252,2058,1.13,1.08,15830.0,17888.0
130,jayzaR,"'Valiance', 'Enyoy'",525,13870,953,1.1,1.08,9529.0,10482.0
131,MICHU,"'Virtus.pro', 'Kinguin', 'CSGL'",1732,45397,3065,1.1,1.08,30649.0,33714.0
132,Ryxxo,"'Tricked', 'Singularity'",835,21960,1885,1.14,1.08,13464.0,15349.0
133,FL1T,'forZe',1226,33074,2748,1.13,1.08,21138.0,23886.0
134,hAdji,"'LDLC', 'EnVyUs Academy', '3DMAX'",1130,29823,2256,1.11,1.08,20509.0,22765.0
135,Rickeh,"'ORDER', 'CLG', 'Rogue', 'Renegades'",948,24829,2351,1.15,1.07,15673.0,18024.0
136,slaxz-,"'Sprout', 'ALTERNATE aTTaX'",861,23253,2021,1.14,1.07,14435.0,16456.0
137,ptr,"'Bad News Bears', 'NRG', 'Complexity'",1132,29624,2697,1.15,1.07,17980.0,20677.0
138,Impulse,"'Valiance', 'ONYX', 'lvlUP', 'RESISTANCE'",766,20371,1598,1.12,1.07,13316.0,14914.0
139,nicoodoz,'Copenhagen Flames',708,19019,1761,1.15,1.07,11740.0,13501.0
140,dapr,'eUnited',594,15426,1002,1.1,1.07,10019.0,11021.0
141,YEKINDAR,"'pro100', 'Virtus.pro', 'EPG'",1091,28988,1460,1.07,1.07,20857.0,22317.0
142,NaToSaphiX,"'Sprout', 'Nordavind'",948,25338,2439,1.16,1.07,15243.0,17682.0
143,meyern,"'Furious', 'MIBR', 'Isurus', 'Sharks'",429,11185,715,1.1,1.07,7149.0,7864.0
144,Liazz,"'Renegades', 'ORDER', '100 Thieves', 'Kings', 'Athletico', 'EXTREMUM'",968,24980,2089,1.14,1.07,14921.0,17010.0
145,iDISBALANCE,"'Nemiga', 'Spirit'",858,22715,2041,1.14,1.07,14578.0,16619.0
146,autimatic,"'Cloud9', 'Gen.G'",1166,30439,2245,1.11,1.07,20409.0,22654.0
147,shox,"'G2', 'Vitality', 'Envy'",2011,52739,3791,1.11,1.07,34463.0,38254.0
148,trk,"'TeamOne', 'MIBR'",798,20906,1520,1.11,1.07,13818.0,15338.0
149,fejtZ,"'SMASH', 'ArchAngels'",737,19556,1351,1.1,1.07,13509.0,14860.0
150,jks,"'Renegades', 'Complexity', '100 Thieves'",1183,30912,2347,1.12,1.07,19558.0,21905.0
151,dycha,"'ENCE', 'Sprout', 'Aristocracy'",783,20961,1286,1.09,1.07,14288.0,15574.0
152,smike,"""spray'n'pray"", 'pro100', 'ACG', 'eXplosive', 'k1ck'",480,12461,655,1.08,1.07,8187.0,8842.0
153,NikoM,"'TeamOne', 'Isurus', 'DETONA'",475,12189,864,1.11,1.07,7854.0,8718.0
154,hallzerk,"'Dignitas', 'Nordavind'",746,20275,1405,1.11,1.07,12772.0,14177.0
155,xand,"'INTZ', 'Yeah'",515,13210,875,1.1,1.07,8749.0,9624.0
156,paz,"'Space Soldiers', 'Sangal'",1068,27990,1998,1.11,1.07,18163.0,20161.0
157,CRUC1AL,"'Endpoint', 'Epsilon'",1461,38299,2796,1.11,1.07,25418.0,28214.0
158,InfrequeNt,"'Athletico', 'Tainted Minds', 'Chiefs'",479,12350,920,1.11,1.07,8363.0,9283.0
159,EspiranTo,"'Imperial', 'Valiance', 'CR4ZY', 'c0ntact'",871,22800,1316,1.08,1.07,16449.0,17765.0
160,boltz,"'Immortals', 'Luminosity', 'SK', 'MIBR'",1279,33305,2631,1.12,1.07,21924.0,24555.0
161,HObbit,"'Gambit', 'Winstrike'",1153,30411,2217,1.11,1.07,20154.0,22371.0
162,WorldEdit,"'FlipSid3', 'pro100', 'Winstrike'",1328,34716,2476,1.11,1.07,22509.0,24985.0
163,QKA,"'5POWER', 'UYA', 'BOOT'",402,10409,702,1.1,1.07,7019.0,7721.0
164,hardzao,"'paiN', 'DETONA'",668,17570,1493,1.14,1.07,10664.0,12157.0
165,fame,"'K23', 'SG.pro'",495,13219,870,1.1,1.07,8699.0,9569.0
166,somebody,'TYLOO',1253,32437,2141,1.1,1.07,21409.0,23550.0
167,broky,"'FaZe', 'Epsilon'",669,17849,1546,1.14,1.07,11042.0,12588.0
168,FalleN,"'SK', 'MIBR', 'Luminosity'",1558,40764,3694,1.15,1.07,24626.0,28320.0
169,Brollan,"'fnatic', 'GODSENT'",977,25955,1514,1.09,1.07,16822.0,18336.0
170,anarkez,"'Finest', 'Secret'",670,17956,1244,1.11,1.07,11309.0,12553.0
171,shroud,'Cloud9',676,17460,1311,1.12,1.07,10924.0,12235.0
172,Pimp,"'Dignitas', 'SK', 'Liquid', 'CPH Wolves'",976,25052,2016,1.13,1.07,15507.0,17523.0
173,shz,"'Luminosity', 'Imperial', 'MIBR', 'INTZ', 'BOOM'",794,20588,1444,1.11,1.07,13127.0,14571.0
174,DD,"'TYLOO', 'OneThree'",913,23620,1521,1.1,1.07,15209.0,16730.0
175,NikkeZ,"'Ground Zero', 'Athletico', 'Legacy'",399,10276,556,1.08,1.06,6949.0,7505.0
176,chelo,"'MIBR', 'INTZ', 'Luminosity'",880,22771,1409,1.09,1.06,15655.0,17064.0
177,snatchie,"'AGO', 'Virtus.pro', 'Sprout'",1557,41766,2469,1.09,1.06,27433.0,29902.0
178,zhokiNg,"'ViCi', 'VG.CyberZen'",1209,30839,1481,1.07,1.06,21157.0,22638.0
179,b1t,"'Natus Vincere', 'NAVI Junior'",432,11477,861,1.12,1.06,7174.0,8035.0
180,roeJ,"'Copenhagen Flames', 'MAD Lions', 'Tricked'",877,23164,1371,1.09,1.06,15233.0,16604.0
181,ofnu,"'Tainted Minds', 'Chiefs', 'AVANT', 'Winterfox'",852,21778,1380,1.1,1.06,13799.0,15179.0
182,AnJ,"'NRG', 'Singularity', 'Tricked'",403,10503,763,1.11,1.06,6936.0,7699.0
183,Ethan,"'NRG', 'CLG', 'Evil Geniuses'",986,25998,1488,1.09,1.06,16533.0,18021.0
184,Happy,"'Envy', 'LDLC'",1464,37933,2745,1.11,1.06,24954.0,27699.0
185,acoR,"'Tricked', 'North Academy', 'MAD Lions', 'MOUZ'",1057,27637,1982,1.11,1.06,18018.0,20000.0
186,flying,'Invictus',402,10750,555,1.08,1.06,6937.0,7492.0
187,SHiPZ,"'SKADE', 'Windigo'",1653,44052,2145,1.07,1.06,30642.0,32787.0
188,COLDYY1,'Spirit',947,24917,1718,1.11,1.06,15618.0,17336.0
189,SLOWLY,"'TYLOO', 'EHOME'",523,13867,679,1.07,1.06,9699.0,10378.0
190,Valiance,"'ORDER', 'Paradox'",646,16727,1090,1.1,1.06,10899.0,11989.0
191,b4rtiN,"'GODSENT', 'TeamOne'",519,13592,889,1.1,1.06,8889.0,9778.0
192,Skadoodle,'Cloud9',1047,27129,2458,1.15,1.06,16386.0,18844.0
193,pancc,"'W7M', 'Sharks'",581,15327,787,1.08,1.06,9837.0,10624.0
194,Maka,"'Heretics', 'LDLC', '3DMAX'",1177,31287,2089,1.1,1.06,20889.0,22978.0
195,koosta,"'CLG', 'Ghost', 'Gen.G', 'Enemy'",977,25766,1341,1.08,1.06,16762.0,18103.0
196,suNny,"'ENCE', 'MOUZ', 'PENTA'",1311,34560,1609,1.07,1.06,22985.0,24594.0
197,tucks,'Chiefs',718,18208,1227,1.1,1.06,12269.0,13496.0
198,TOR,"'Signature', 'Beyond'",452,11472,657,1.09,1.06,7299.0,7956.0
199,olofmeister,"'fnatic', 'FaZe'",1560,40776,2696,1.1,1.06,26959.0,29655.0
200,malbsMd,"'TeamOne', 'Infinity'",525,13434,369,1.04,1.06,9224.0,9593.0
201,nexa,"'G2', 'Valiance', 'Imperial'",1231,32586,2160,1.1,1.05,21599.0,23759.0
202,Gratisfaction,"'Grayhound', 'Renegades', '100 Thieves', 'Immunity', 'EXTREMUM'",897,23347,1689,1.12,1.05,14074.0,15763.0
203,KEi,"'AVEZ', 'Anonymo', 'Sprout'",633,17036,650,1.05,1.05,12999.0,13649.0
204,REDSTAR,"'Fiend', 'Bpro'",618,16408,1150,1.11,1.05,10454.0,11604.0
205,Rainwaker,'SKADE',1085,29262,1894,1.1,1.05,18939.0,20833.0
206,rallen,"'Kinguin', 'AGO'",1749,46699,2997,1.1,1.05,29969.0,32966.0
207,bottle,"'Born Of Fire', 'Eclipse', 'Invictus', '5POWER', 'CyberZen'",768,19801,871,1.06,1.05,14516.0,15387.0
208,ISSAA,"'HellRaisers', 'OG'",870,22834,1402,1.09,1.05,15577.0,16979.0
209,tabseN,"'BIG', 'PENTA', 'MOUZ'",1912,50478,1552,1.04,1.05,38799.0,40351.0
210,zeph,"'ORDER', 'Chiefs', 'Ground Zero'",555,14146,585,1.06,1.05,9749.0,10334.0
211,Sobol,"'Wisla Krakow', 'PACT'",784,21196,1115,1.08,1.05,13937.0,15052.0
212,iM,"'GamerLegion', 'Nexus'",766,20549,833,1.06,1.05,13883.0,14716.0
213,JW,'fnatic',1932,50772,2519,1.07,1.05,35985.0,38504.0
214,Ramz1kBO$$,"'Tengri', 'Syman'",425,11070,553,1.07,1.05,7899.0,8452.0
215,HZ,"'TYLOO', 'CyberZen', 'AllGamers'",500,12856,691,1.08,1.05,8637.0,9328.0
216,cajunb,"'North', 'TSM', 'OpTic', 'Dignitas'",1745,45680,2884,1.1,1.05,28839.0,31723.0
217,mou,"'Gambit', 'K23', 'HellRaisers', 'Syman'",1489,39475,2484,1.1,1.05,24839.0,27323.0
218,sdy,'Spirit',1054,27638,1872,1.11,1.05,17018.0,18890.0
219,KRIMZ,'fnatic',1772,46627,3043,1.1,1.05,30429.0,33472.0
220,Marcelious,"'Apeks', '777', 'NOREG'",464,12520,627,1.08,1.05,7837.0,8464.0
221,TeSeS,"'Heroic', 'Copenhagen Flames'",812,21706,1011,1.07,1.05,14442.0,15453.0
222,yay,"'Complexity', 'Orgless'",653,17182,604,1.05,1.05,12079.0,12683.0
223,Grim,"'Liquid', 'Triumph', 'Dignitas', 'Spacestation'",875,23028,746,1.05,1.05,14919.0,15665.0
224,Qikert,"'AVANGAR', 'Virtus.pro'",1246,32938,1993,1.09,1.05,22144.0,24137.0
225,stavn,"'Heroic', 'Fragsters'",1100,29323,1412,1.07,1.05,20171.0,21583.0
226,juanflatroo,"'BLINK', 'Secret'",544,14533,402,1.04,1.05,10049.0,10451.0
227,SicK,"'Rogue', 'Misfits', 'TSM'",795,20701,1040,1.07,1.05,14857.0,15897.0
228,NEEX,"'Izako Boars', 'ESC'",429,11195,574,1.08,1.05,7174.0,7748.0
229,Aerial,"'HAVU', 'ENCE'",943,25018,1217,1.07,1.05,17385.0,18602.0
230,loWel,"'Movistar Riders', 'PENTA', 'MOUZ'",1008,26413,1739,1.1,1.05,17389.0,19128.0
231,Flarich,"'HellRaisers', 'pro100'",1058,28161,1801,1.1,1.05,18009.0,19810.0
232,raafa,"'W7M', 'Keyd'",640,16832,1092,1.1,1.05,10919.0,12011.0
233,Zellsis,"'Swole Patrol', 'Lazarus'",626,16210,803,1.07,1.05,11471.0,12274.0
234,WolfY,"'ECSTATIC', 'Lyngby Vikings', 'Secret Club'",527,14037,993,1.11,1.05,9027.0,10020.0
235,flusha,'fnatic',1870,49072,2703,1.08,1.05,33787.0,36490.0
236,rommi,"'Spirit Academy', 'HOLLYWOOD', 'PLINK', '1337'",516,13467,604,1.06,1.05,10066.0,10670.0
237,cadiaN,"'Heroic', 'Rogue', 'SK'",1455,38459,2513,1.1,1.05,25129.0,27642.0
238,malta,"'Grayhound', 'Chiefs', 'Renegades'",989,25205,1445,1.09,1.04,16055.0,17500.0
239,refrezh,"'Heroic', 'Fragsters', 'Copenhagen Flames', 'Tricked', 'OpTic'",966,25737,1336,1.08,1.04,16699.0,18035.0
240,MarKE,"'Extra Salt', 'eUnited', 'Swole Patrol'",926,23830,1348,1.09,1.04,14977.0,16325.0
241,Swahn,"'Bad News Bears', 'iNTACT', 'Detonate', 'Bushido Boyz'",374,9836,558,1.09,1.04,6199.0,6757.0
242,Kjaerbye,"'North', 'Dignitas', 'Astralis'",1519,39947,2110,1.08,1.04,26374.0,28484.0
243,FASHR,"'ECSTATIC', 'Lyngby Vikings', 'Defusekids'",696,18433,658,1.05,1.04,13159.0,13817.0
244,kabal,"'5POWER', 'TheMongolz', 'TIGER'",778,20398,1098,1.08,1.04,13724.0,14822.0
245,afro,"'HEET', 'DBL PONEY', 'LDLC'",547,14615,806,1.09,1.04,8955.0,9761.0
246,n0rb3r7,"'K23', 'Winstrike', 'Syman'",1053,28151,845,1.04,1.04,21124.0,21969.0
247,DavCost,"'INDE IRAE', 'Spirit', '1WIN'",1256,33101,1861,1.09,1.04,20677.0,22538.0
248,Bwills,"'Triumph', 'Infamous'",761,19695,920,1.07,1.04,13142.0,14062.0
249,zewsy,"'Tainted Minds', 'Chiefs', 'Winterfox'",618,15666,667,1.06,1.04,11116.0,11783.0
250,STOMP,"'x-kom', 'Izako Boars', 'Illuminar', 'HONORIS'",809,21729,1329,1.1,1.04,13289.0,14618.0
251,aumaN,'ViCi',874,22423,1183,1.08,1.04,14787.0,15970.0
252,jkaem,"'Apeks', 'Renegades', 'FaZe', '100 Thieves'",1282,33822,1102,1.05,1.04,22039.0,23141.0
253,Snakes,"'Spacestation', 'The Quest', 'SoaR'",403,10328,461,1.07,1.04,6585.0,7046.0
254,Hiko,"'Liquid', 'Rogue'",937,24398,1532,1.1,1.04,15319.0,16851.0
255,Geniuss,"'Signature', 'Beyond', 'Lucid Dream'",398,10155,309,1.04,1.04,7724.0,8033.0
256,Snax,"'Virtus.pro', 'Anonymo'",2103,55469,2796,1.08,1.04,34949.0,37745.0
257,KHTEX,"'Paquetá', 'Wild', 'Virtue'",607,15652,890,1.09,1.04,9888.0,10778.0
258,motm,"'ATK', 'Cloud9'",920,24275,890,1.05,1.04,17799.0,18689.0
259,Lucky,"'Tricked', 'Astralis'",434,11721,670,1.09,1.04,7444.0,8114.0
260,HSK,"'MVP PK', 'MVP Project', 'GOSU'",540,13851,845,1.1,1.04,8449.0,9294.0
261,Bubzkji,"'Tricked', 'Fragsters', 'MAD Lions', 'Astralis'",817,21619,963,1.07,1.04,13757.0,14720.0
262,eraa,'GamerLegion',559,15156,701,1.07,1.04,10014.0,10715.0
263,twist,"'GODSENT', 'fnatic', 'NIP'",1687,44685,1754,1.06,1.04,29233.0,30987.0
264,ANDROID,"'Complexity', 'Envy'",835,21741,1036,1.07,1.04,14799.0,15835.0
265,imoRR,"'Eternal Fire', 'Sangal', 'Royal Bandits'",612,16308,275,1.02,1.04,13749.0,14024.0
266,LOVEYY,"'Flash', 'VG.CyberZen', 'VG.Flash'",708,17977,699,1.06,1.04,11649.0,12348.0
267,buster,"'AVANGAR', 'Virtus.pro'",1252,33082,1966,1.1,1.04,19659.0,21625.0
268,Lucky,"'Heretics', 'DBL PONEY', 'G2', '3DMAX'",1180,31516,1508,1.07,1.03,21542.0,23050.0
269,Davidp,"'3DMAX', 'Heretics'",774,20539,1009,1.08,1.03,12612.0,13621.0
270,tb,"'VG.CyberZen', 'CyberZen', 'ViCi'",619,15737,708,1.07,1.03,10114.0,10822.0
271,TRAVIS,'1WIN',486,12942,437,1.05,1.03,8739.0,9176.0
272,dobu,"'5POWER', 'TIGER', 'TheMongolz'",779,20403,664,1.05,1.03,13279.0,13943.0
273,dEE,"'lvlUP', '4glory', 'Juggernauts', 'BLUEJAYS'",439,11583,551,1.07,1.03,7871.0,8422.0
274,tarik,"'CLG', 'Evil Geniuses', 'Cloud9', 'OpTic'",1438,37326,1316,1.05,1.03,26319.0,27635.0
275,Kntz,"'Alpha Red', 'Beyond', 'NSPR'",509,13117,627,1.07,1.03,8957.0,9584.0
276,rAge,"'Hard Legion', 'Windigo Academy'",382,10184,684,1.11,1.03,6218.0,6902.0
277,REZ,"'NIP', 'Epsilon'",1333,35066,1297,1.06,1.03,21616.0,22913.0
278,JUST,"'SAW', 'OFFSET'",860,22642,838,1.06,1.03,13966.0,14804.0
279,Maden,"'ENCE', 'GODSENT', 'FunPlus Phoenix', 'SMASH'",669,17803,408,1.03,1.03,13599.0,14007.0
280,NK4Y,"'Outlaws', 'Bpro', 'ex-Epsilon'",480,12325,429,1.05,1.03,8579.0,9008.0
281,USTILO,"'Renegades', 'ORDER'",1144,29584,928,1.05,1.03,18559.0,19487.0
282,land1n,"'paiN', 'Wild', 'Case', 'BigGods'",760,19874,1158,1.1,1.03,11579.0,12737.0
283,Subroza,"'Ghost', 'FRENCH CANADIANS', 'CLG', 'Lazarus', 'Orgless'",623,16275,375,1.03,1.03,12499.0,12874.0
284,F1KU,'AGO',583,15876,399,1.04,1.03,9974.0,10373.0
285,sjuush,"'Heroic', 'Tricked', 'MAD Lions'",805,21293,929,1.07,1.03,13271.0,14200.0
286,max,"'9z', 'Isurus', 'Furious'",542,14337,600,1.06,1.03,9999.0,10599.0
287,Lucaozy,"'Sharks', 'DETONA', 'Reapers'",390,10576,462,1.07,1.03,6599.0,7061.0
288,DannyG,"'Rooster', 'Paradox'",377,9748,294,1.04,1.03,7349.0,7643.0
289,yam,"'Renegades', 'Tainted Minds'",547,14003,650,1.07,1.03,9285.0,9935.0
290,fnx,"'Imperial', 'Luminosity', 'SK', 'Immortals', 'RED Canids', 'Não Tem Como'",664,17045,773,1.07,1.03,11042.0,11815.0
291,juho,"'ENCE', 'iGame.com'",756,19886,248,1.02,1.03,12399.0,12647.0
292,KENSI,"'forZe', 'ex-ETHEREAL'",486,13041,668,1.08,1.03,8349.0,9017.0
293,JonY BoY,"'Gale Force', 'Miami Flamingos', 'Furious', 'Isurus'",421,10813,368,1.05,1.03,7359.0,7727.0
294,alex,'Movistar Riders',1265,33492,1417,1.06,1.03,23616.0,25033.0
295,Relaxa,"'Chaos', 'Red Reserve', 'Japaleno', 'Apeks', 'Galaxy Racer'",1203,32043,1945,1.1,1.03,19449.0,21394.0
296,fleav,"'Budapest Five', 'GameAgents'",551,14495,343,1.03,1.03,11433.0,11776.0
297,znajder,"'GODSENT', 'fnatic', 'EURONICS'",1050,27577,1070,1.06,1.03,17833.0,18903.0
298,DEV7L,'eXtatus',549,14256,582,1.06,1.03,9699.0,10281.0
299,AiyvaN,"'pro100', ""spray'n'pray""",694,18045,592,1.05,1.03,11839.0,12431.0
300,rain,'FaZe',1582,41854,891,1.03,1.03,29699.0,30590.0
301,DiMKE,"'4glory', 'lvlUP', 'RESISTANCE', 'ONYX'",635,16721,506,1.04,1.03,12649.0,13155.0
302,captainMo,"'TYLOO', 'OneThree'",814,20980,617,1.04,1.03,15424.0,16041.0
303,phzy,"'Young Ninjas', 'NIP'",447,12013,620,1.08,1.03,7749.0,8369.0
304,Thomas,'Endpoint',922,24498,860,1.05,1.03,17199.0,18059.0
305,glowiing,"'1WIN', 'Trident', 'Cyber Legacy'",481,12795,225,1.03,1.03,7499.0,7724.0
306,stfN,'ALTERNATE aTTaX',1349,35834,1458,1.06,1.03,24299.0,25757.0
307,Patsi,"'Spirit', 'Espada', 'Spirit Academy'",502,13466,290,1.03,1.03,9666.0,9956.0
308,Spargo,"'KOVA', 'hREDS'",433,11725,380,1.05,1.03,7599.0,7979.0
309,RCF,"'Sharks', 'Yeah', 'High Coast'",644,16879,549,1.05,1.03,10979.0,11528.0
310,kressy,"'ALTERNATE aTTaX', 'Sprout', 'EURONICS'",1102,29508,1165,1.06,1.03,19416.0,20581.0
311,Patitek,"'Izako Boars', 'x-kom', 'VenatoreS'",377,9918,178,1.03,1.03,5933.0,6111.0
312,shuadapai,"'5POWER', 'Eclipse'",549,14214,492,1.05,1.03,9839.0,10331.0
313,aizy,"'North', 'Dignitas', 'FaZe'",1564,41206,1170,1.04,1.03,29249.0,30419.0
314,FrostMisty,"'Recca', 'nxl'",376,9498,411,1.07,1.03,5871.0,6282.0
315,Forester,"'Entropiq', 'DreamEaters', 'Hard Legion'",1171,31096,1067,1.05,1.03,21339.0,22406.0
316,fl0m,'Mythic',657,17320,639,1.06,1.03,10649.0,11288.0
317,RIKO,"'Monstars', 'Denial'",406,10568,155,1.02,1.03,7749.0,7904.0
318,dennis,"'Apeks', 'fnatic', 'NIP', 'GamerLegion'",1575,41834,1140,1.04,1.03,28499.0,29639.0
319,food,"'eUnited', 'Singularity', 'Freedom 35'",456,11711,380,1.05,1.03,7599.0,7979.0
320,flamie,'Natus Vincere',1605,42377,1400,1.05,1.03,27999.0,29399.0
321,cxzi,"'Triumph', 'Strife'",425,11022,102,1.01,1.02,10199.0,10301.0
322,pashaBiceps,"'Virtus.pro', 'ESC'",1592,41228,1019,1.04,1.02,25474.0,26493.0
323,Krad,"'Entropiq', 'DreamEaters', 'Hard Legion'",1139,30276,722,1.04,1.02,18049.0,18771.0
324,hoody,'HAVU',575,15453,402,1.04,1.02,10049.0,10451.0
325,FaNg,'Extra Salt',634,16523,536,1.05,1.02,10719.0,11255.0
326,Maluk3,'TeamOne',1032,26770,1161,1.07,1.02,16585.0,17746.0
327,CyberFocus,"'Nemiga', 'K29', 'Rebels', 'Empire'",491,12779,320,1.04,1.02,7999.0,8319.0
328,kai,"'Bravos', 'C4', 'RED Canids'",483,12692,415,1.05,1.02,8299.0,8714.0
329,sLowi,'HAVU',1121,30114,834,1.04,1.02,20849.0,21683.0
330,smiley,"'Unique', '100PG', 'Se7en'",478,12883,631,1.08,1.02,7887.0,8518.0
331,HexT,"'Carpe Diem', 'RBG'",471,12509,322,1.04,1.02,8049.0,8371.0
332,niko,"'OG', 'Heroic', 'OpTic'",1211,32024,1078,1.05,1.02,21559.0,22637.0
333,AMANEK,"'G2', 'LDLC', 'Misfits'",1030,27668,1199,1.07,1.02,17128.0,18327.0
334,dragonfly,'Fragsters',507,13234,502,1.06,1.02,8366.0,8868.0
335,szejn,"'MOUZ NXT', 'Izako Boars'",505,13478,275,1.03,1.02,9166.0,9441.0
336,kolor,"'GameAgents', 'Budapest Five', 'EURONICS'",552,14434,304,1.03,1.02,10133.0,10437.0
337,JDC,"'MOUZ NXT', 'expert', 'Unicorns of Love', 'PANTHERS'",471,12350,324,1.04,1.02,8099.0,8423.0
338,HS,"'Nordavind', 'PENTA'",1062,28402,427,1.02,1.02,21349.0,21776.0
339,NBK-,"'Envy', 'G2', 'Vitality', 'OG', 'VeryGames'",2050,53613,1331,1.04,1.02,33274.0,34605.0
340,jdm64,"'Liquid', 'CLG', 'Envy'",823,21321,825,1.06,1.02,13749.0,14574.0
341,Tuurtle,"'MIBR', 'DETONA', 'Bravos', 'C4'",715,18803,478,1.04,1.02,11949.0,12427.0
342,DeStiNy,"'Luminosity', 'Paquetá', 'INTZ', 'Wild'",1051,27310,464,1.02,1.02,23199.0,23663.0
343,bondik,"'HellRaisers', 'FlipSid3', 'Winstrike'",1454,38215,1456,1.06,1.02,24266.0,25722.0
344,MonttY,"'eXtatus', 'eSuba'",522,13451,338,1.04,1.02,8449.0,8787.0
345,FANAT ROCKA,"'Unique', 'Quantum Bellator Fire', 'Space Jam'",465,12150,453,1.06,1.02,7549.0,8002.0
346,disco doplan,"'GODSENT', 'Epsilon', 'Galaxy Racer', 'Red Reserve'",1207,32000,1094,1.05,1.02,21879.0,22973.0
347,Nico,"'Dignitas', 'CPH Wolves', 'Western Wolves'",399,10074,547,1.09,1.02,6077.0,6624.0
348,mouz,"'Kinguin', 'Illuminar'",1698,45118,1739,1.06,1.02,28983.0,30722.0
349,qqGOD,"'Signature', 'Beyond', 'Lucid Dream'",584,15180,280,1.03,1.02,9333.0,9613.0
350,MoeycQ,"'Immunity', 'Chiefs', 'Ground Zero', 'AVANT'",639,16594,410,1.04,1.02,10249.0,10659.0
351,Spongey,"'Bad News Bears', 'Triumph', 'The Quest'",782,20344,1000,1.08,1.02,12499.0,13499.0
352,v1c7oR,"'Windigo', 'E-frag.net', 'Fiend'",1859,48493,1212,1.04,1.02,30299.0,31511.0
353,NENO,"'Binary Dragons', 'Valiance'",651,16863,632,1.06,1.02,10533.0,11165.0
354,Xyp9x,"'Astralis', 'TSM'",1941,50562,2323,1.07,1.02,33185.0,35508.0
355,b0denmaster,"'ATK', 'Lilmix'",503,13448,423,1.05,1.02,8459.0,8882.0
356,spaze,"'PiTER', 'Gambit', 'EPG'",538,14117,89,1.01,1.02,8899.0,8988.0
357,apEX,"'Vitality', 'Envy', 'G2', 'Titan'",1968,51619,693,1.02,1.02,34649.0,35342.0
358,Plopski,"'NIP', 'x6tence Galaxy', 'Singularity'",1004,26595,849,1.05,1.02,16979.0,17828.0
359,mar,"'FATE', 'Finest'",724,19174,441,1.03,1.02,14699.0,15140.0
360,Ace,"'Rise Nation', 'eUnited'",456,11866,570,1.08,1.02,7124.0,7694.0
361,Markoś,"'AVEZ', 'Wisla Krakow'",666,17918,799,1.07,1.02,11414.0,12213.0
362,dimasick,"'AVANGAR', 'pro100'",585,15322,447,1.04,1.02,11174.0,11621.0
363,yel,"'Luminosity', 'INTZ', 'MIBR'",927,23986,1043,1.07,1.02,14899.0,15942.0
364,iDk,"'TeamOne', 'Paquetá', 'Yeah'",840,21908,539,1.04,1.02,13474.0,14013.0
365,Goofy,"'Wisla Krakow', 'PACT', 'x-kom'",1110,30021,333,1.02,1.02,16649.0,16982.0
366,queztone,'eXtatus',709,18569,235,1.02,1.02,11749.0,11984.0
367,ROBO,'Nemiga',667,17746,628,1.05,1.02,12559.0,13187.0
368,steel,"'Chaos', 'Ghost', 'Torqued'",617,16290,261,1.02,1.02,13049.0,13310.0
369,TENZKI,"'Nordavind', 'Dignitas'",1494,39305,1336,1.05,1.02,26719.0,28055.0
370,fr0slev,"'AGF', 'Fragsters'",611,15973,470,1.04,1.02,11749.0,12219.0
371,LETN1,"'Valiance', 'Binary Dragons', 'iNation', 'CR4ZY'",1111,28880,1164,1.06,1.02,19399.0,20563.0
372,fox,"'Giants', 'k1ck', 'Kinguin', 'OFFSET'",1057,27606,523,1.03,1.02,17433.0,17956.0
373,n0thing,"'Cloud9', 'Complexity'",813,21021,484,1.03,1.02,16133.0,16617.0
374,SKYTTEN,"'Orbit', 'LGB'",382,10157,328,1.05,1.02,6559.0,6887.0
375,roseau,"'Recca', 'nxl'",412,10376,119,1.02,1.02,5949.0,6068.0
376,roca,"'Splyce', 'Echo Fox', 'Complexity', 'ELEVATE'",660,17324,195,1.02,1.02,9749.0,9944.0
377,flickz,"'Chiefs', 'Athletico', 'Dark Sided'",461,11606,357,1.05,1.02,7139.0,7496.0
378,es3tag,"'Heroic', 'Tricked'",1302,34110,807,1.04,1.01,20174.0,20981.0
379,xCeeD,"'The Quest', 'Triumph', 'SoaR'",438,11341,167,1.02,1.01,8349.0,8516.0
380,chrisJ,'MOUZ',1727,45400,1085,1.04,1.01,27124.0,28209.0
381,aproto,"'CLG Academy', 'Vision', 'BlackOut'",383,10053,85,1.01,1.01,8499.0,8584.0
382,Nodios,"'Copenhagen Flames', 'x6tence'",718,19257,529,1.04,1.01,13224.0,13753.0
383,Jyo,'Nemiga',1165,31131,985,1.05,1.01,19699.0,20684.0
384,bedonka,"'Paradox', 'SYF'",379,9815,123,1.02,1.01,6149.0,6272.0
385,Zyphon,'Copenhagen Flames',415,10947,300,1.04,1.01,7499.0,7799.0
386,Voltage,"'The Quest', 'Triumph', 'SoaR', 'Dignitas'",420,10848,509,1.08,1.01,6362.0,6871.0
387,delboNi,"'Imperial', 'Case', 'Yeah'",519,13450,318,1.04,1.01,7949.0,8267.0
388,Kylar,"'AVEZ', 'Anonymo'",577,15557,315,1.03,1.01,10499.0,10814.0
389,byali,"'Virtus.pro', 'AVEZ'",1841,48359,1333,1.04,1.01,33324.0,34657.0
390,tatazin,"'paiN', 'Wild', 'Yeah', 'BigGods'",762,19976,995,1.08,1.01,12437.0,13432.0
391,GruBy,"'AGO', 'AGG'",1644,43738,753,1.03,1.01,25099.0,25852.0
392,desi,"'Winterfox', 'Complexity', 'SKDC'",430,10986,99,1.01,1.01,9899.0,9998.0
393,shokz,"'Finest', 'Movistar Riders'",610,16254,339,1.03,1.01,11299.0,11638.0
394,b0RUP,"'Tricked', 'Heroic', 'MAD Lions'",1405,37152,465,1.02,1.01,23249.0,23714.0
395,HUGHMUNGUS,"'Chiefs', 'Legacy', 'Genuine', 'Funky Monkeys'",743,19269,474,1.04,1.01,11849.0,12323.0
396,PlesseN,"'Galaxy Racer', 'Chaos', 'Japaleno', 'Red Reserve', 'fnatic Academy'",1263,33840,211,1.01,1.01,21099.0,21310.0
397,kreaz,"'Finest', 'Apeks', 'Epsilon'",700,18596,559,1.05,1.01,11179.0,11738.0
398,Maikelele,"'NoChance', 'GODSENT'",1067,28134,945,1.05,1.01,18899.0,19844.0
399,Lekr0,"'Dignitas', 'NIP', 'fnatic', 'GODSENT'",1302,34804,774,1.03,1.01,25799.0,26573.0
400,mitch,"'Selfless', 'Bad News Bears', 'Dignitas', 'Riot Squad'",807,20719,632,1.05,1.01,12639.0,13271.0
401,SHOCK,'SINNERS',675,18121,421,1.04,1.01,10524.0,10945.0
402,hampus,"'NIP', 'GamerLegion', 'Red Reserve', 'GODSENT'",1357,36082,243,1.01,1.01,24299.0,24542.0
403,jedqr,"'Wisla Krakow', 'x-kom'",819,22194,590,1.04,1.01,14749.0,15339.0
404,Noobster,"'Ground Zero', 'Paradox', 'SYF'",496,12790,203,1.02,1.01,10149.0,10352.0
405,Viva,"'Invictus', '5POWER', 'CyberZen'",597,15834,480,1.05,1.01,9599.0,10079.0
406,Swisher,"'Bad News Bears', 'Yeah'",580,15133,182,1.02,1.01,9099.0,9281.0
407,obj,"'OFFSET', 'eXploit', 'Giants', 'AlienTech'",418,10936,423,1.06,1.01,7049.0,7472.0
408,1962,"'Isurus', 'Leviatan'",572,14881,-12,1.0,1.01,,
409,spyleadeR,"'E-frag.net', 'MK', 'GPlay'",899,23232,93,1.01,1.01,9299.0,9392.0
410,ap0c,"'Looking For Org', 'AVANT', 'Tainted Minds', 'Chiefs'",915,23424,265,1.02,1.01,13249.0,13514.0
411,EasTor,"'Movistar Riders', 'OFFSET'",493,13123,345,1.04,1.01,8624.0,8969.0
412,stadodo,"'SAW', 'OFFSET'",761,20009,598,1.05,1.01,11959.0,12557.0
413,arT,'FURIA',978,25368,129,1.01,1.01,12899.0,13028.0
414,mirbit,"'ALTERNATE aTTaX', 'EURONICS', 'Sprout', 'Nordavind'",866,23162,926,1.06,1.01,15433.0,16359.0
415,Friis,"'SK', 'fnatic', 'Heroic', 'Tricked'",938,24254,747,1.05,1.01,14939.0,15686.0
416,grux,"'Savage', 'Red Reserve', 'SMASH'",490,13084,238,1.03,1.01,7933.0,8171.0
417,dazzLe,"'eUnited', 'Rise Nation', 'New Identity'",690,17971,-8,1.0,1.01,,
418,ayaya,"'Eclipse', 'Born Of Fire', 'Flash', 'AllGamers'",462,11695,102,1.01,1.01,10199.0,10301.0
419,reatz,"'PRIDE', 'Illuminar', 'Kinguin'",1510,40591,733,1.03,1.01,24433.0,25166.0
420,Stewie2K,"'Cloud9', 'Liquid'",1525,39802,376,1.01,1.01,37599.0,37975.0
421,kalinka,"'HellRaisers', 'Playing Ducks'",855,22891,157,1.01,1.01,15699.0,15856.0
422,Jinxx,"'Genuine', 'Taboo', 'Chiefs'",400,10511,283,1.04,1.01,7074.0,7357.0
423,siuhy,"'MOUZ NXT', 'Izako Boars'",478,12807,43,1.0,1.01,,
424,to1nou,"'LDLC', 'LDLC White'",850,22377,520,1.04,1.01,12999.0,13519.0
425,DickStacy,"'Grayhound', 'Dark Sided'",624,15708,346,1.03,1.01,11533.0,11879.0
426,jR,"'Vega Squadron', 'HellRaisers'",892,23804,554,1.04,1.01,13849.0,14403.0
427,zqkS,"'Imperial', 'Yeah', 'Keyd'",755,19530,722,1.06,1.01,12033.0,12755.0
428,DESPE,'Space Soldiers',468,12127,320,1.04,1.01,7999.0,8319.0
429,kioShiMa,"'Envy', 'Heretics', 'FaZe'",1495,39250,1292,1.05,1.01,25839.0,27131.0
430,speed4k,"'DreamEaters', 'Nemiga'",767,20579,568,1.04,1.01,14199.0,14767.0
431,FugLy,"'NRG', 'Liquid', 'Envy'",1083,28153,621,1.03,1.01,20699.0,21320.0
432,emagine,"'ORDER', 'Kings', 'Winterfox', 'Immunity'",751,18931,487,1.04,1.01,12174.0,12661.0
433,Polt,"'1WIN', 'Unique'",510,13490,417,1.05,1.01,8339.0,8756.0
434,Nifty,"'Renegades', 'Envy', 'Selfless'",865,22686,310,1.02,1.01,15499.0,15809.0
435,Tsogoo,"'TheMongolz', 'Mazaalai'",472,12038,137,1.02,1.0,6849.0,6986.0
436,MINISE,"'PACT', 'PRIDE', 'Kinguin'",1871,49905,605,1.02,1.0,30249.0,30854.0
437,waterfaLLZ,"'Quantum Bellator Fire', 'PiTER', 'AVE', 'EPG'",899,23842,341,1.02,1.0,17049.0,17390.0
438,pounh,"'Playing Ducks', 'Imperial', '1337HUANIA'",401,10552,91,1.01,1.0,9099.0,9190.0
439,Zero,"'GamerLegion', 'HellRaisers'",1070,28470,765,1.04,1.0,19124.0,19889.0
440,innocent,"'Anonymo', 'Illuminar', 'CSGL'",1755,46195,542,1.02,1.0,27099.0,27641.0
441,Relyks,"'eUnited', 'Enemy', 'Selfless', 'New Identity'",832,21258,161,1.01,1.0,16099.0,16260.0
442,fenvicious,"'Unique', 'Spirit Academy', 'EPG'",729,19059,141,1.01,1.0,14099.0,14240.0
443,glace,"'North Academy', 'Tricked', 'Rogue', 'No Problem!'",589,15307,366,1.04,1.0,9149.0,9515.0
444,Oderus,"'Spacestation', 'BlackOut', 'The Pioneers'",473,12356,-52,0.99,1.0,5199.0,5147.0
445,1uke,"'Spirit Academy', 'HOLLYWOOD', 'PLINK'",623,16179,223,1.02,1.0,11149.0,11372.0
446,Edward,'Natus Vincere',1473,38787,689,1.03,1.0,22966.0,23655.0
447,leo_drk,"'Sharks', '00NATION'",597,15378,31,1.0,1.0,,
448,R0b3n,"'Unique', 'Space Jam', 'ex-ETHEREAL'",526,13849,235,1.03,1.0,7833.0,8068.0
449,Lack1,"'Entropiq', 'Winstrike'",881,23558,103,1.01,1.0,10299.0,10402.0
450,SIXER,"'LDLC', 'Envy'",1084,28593,963,1.05,1.0,19259.0,20222.0
451,hazed,"'CLG', 'Mythic'",736,19138,-81,0.99,1.0,8099.0,8018.0
452,xiaosaGe,"'5POWER', 'Invictus', 'UYA'",847,22333,35,1.0,1.0,,
453,ALLE,"'Isurus', 'Liberty', 'Redemption POA', 'C4'",409,10862,122,1.02,1.0,6099.0,6221.0
454,nitr0,'Liquid',1381,35984,561,1.02,1.0,28049.0,28610.0
455,kenzor,'pro100',598,15627,57,1.01,1.0,5699.0,5756.0
456,Djoko,"'HEET', 'DBL PONEY'",459,12166,5,1.0,1.0,,
457,almazer,'forZe',1307,35123,576,1.03,1.0,19199.0,19775.0
458,cbbk,"'Lucid Dream', 'Beyond'",404,10342,163,1.02,1.0,8149.0,8312.0
459,dzt,"'Imperial', 'Case', 'BigGods'",676,17504,148,1.01,1.0,14799.0,14947.0
460,KILLDREAM,"'AlienTech', 'k1ck', 'Giants'",429,11159,-16,1.0,1.0,,
461,Basso,'Copenhagen Flames',582,15218,265,1.03,1.0,8833.0,9098.0
462,RoLEX,"'Signature', 'ZIGMA', 'Beyond', 'MiTH'",492,12610,33,1.0,1.0,,
463,zeff,'MVP PK',482,12229,54,1.01,1.0,5399.0,5453.0
464,cromen,'Nordavind',653,17335,67,1.01,1.0,6699.0,6766.0
465,SZPERO,"'Wisla Krakow', 'Kinguin', 'AGO'",2058,54420,850,1.02,1.0,42499.0,43349.0
466,adreN,"'Liquid', 'Mythic'",697,18241,380,1.03,1.0,12666.0,13046.0
467,supra,"'Gambit Youngsters', 'Nordavind'",531,14249,65,1.01,1.0,6499.0,6564.0
468,xseveN,"'HAVU', 'ENCE', 'iGame.com', 'RCTIC'",1275,33704,360,1.02,1.0,17999.0,18359.0
469,mopoz,'Movistar Riders',1108,29419,-46,1.0,1.0,,
470,void,"'Ground Zero', 'Dark Sided'",437,11368,127,1.02,1.0,6349.0,6476.0
471,pyth,"'NIP', 'Vexed'",756,19801,-5,1.0,1.0,,
472,mds,'Nemiga',1087,29074,459,1.02,1.0,22949.0,23408.0
473,MODDII,"'Heroic', 'SK'",1170,30550,401,1.02,1.0,20049.0,20450.0
474,ImpressioN,"'NKT', 'BOOT-d[S]', 'BTRG', 'dream[S]cape'",674,17451,106,1.01,1.0,10599.0,10705.0
475,cam,"'Singularity', 'Gorilla Gang', 'Chaos'",544,13974,169,1.02,1.0,8449.0,8618.0
476,freakazoid,"'Swole Patrol', 'Cloud9', 'Echo Fox'",886,22716,43,1.0,1.0,,
477,peet,"'AGG', 'Vexed', 'SEAL', 'eBettle'",379,9993,97,1.01,1.0,9699.0,9796.0
478,STYKO,"'HellRaisers', 'MOUZ', 'GODSENT'",1532,40373,448,1.02,1.0,22399.0,22847.0
479,pecks,'Chiefs',389,9930,162,1.03,1.0,5399.0,5561.0
480,Cabbi,"'MASONIC', 'Lyngby Vikings', 'AGF'",438,11688,-122,0.99,1.0,12199.0,12077.0
481,Noktse,'Isurus',775,20277,241,1.02,1.0,12049.0,12290.0
482,Liki,"'Looking For Org', 'Dire Wolves', 'Bizarre', 'Skyfire'",388,9830,210,1.03,1.0,6999.0,7209.0
483,magixx,'Spirit',624,16486,314,1.03,1.0,10466.0,10780.0
484,truth,"'Apeks', 'ATK', 'Vexed'",479,12857,49,1.01,1.0,4899.0,4948.0
485,vice,"'Rogue', 'Cloud9'",493,12707,128,1.01,1.0,12799.0,12927.0
486,Bååten,"'x6tence Galaxy', 'Red Reserve', 'fnatic Academy', 'Chaos'",738,19661,39,1.0,1.0,,
487,Jerry,'forZe',1538,41337,350,1.01,1.0,34999.0,35349.0
488,xelos,"'Lemondogs', 'Epsilon', 'AliGon'",433,11435,28,1.0,1.0,,
489,uli,'KOVA',560,15011,198,1.02,1.0,9899.0,10097.0
490,reversive,"'Leviatan', 'Isurus'",612,16009,150,1.01,0.99,14999.0,15149.0
491,freddieb,"'Epsilon', 'GODSENT', 'Red Reserve'",1135,30119,180,1.01,0.99,17999.0,18179.0
492,SEMPHIS,"'Splyce', 'TSM', 'Complexity'",848,21936,-33,1.0,0.99,,
493,dephh,'Complexity',768,20106,-232,0.98,0.99,11599.0,11367.0
494,MUTiRiS,"'SAW', 'k1ck', 'Giants'",1206,31501,162,1.01,0.99,16199.0,16361.0
495,DeathZz,'Movistar Riders',483,12896,133,1.02,0.99,6649.0,6782.0
496,Vegi,"'Virtus.pro', 'PACT', 'Illuminar'",775,21174,-131,0.99,0.99,13099.0,12968.0
497,robiin,"'Endpoint', 'DenDD'",1502,40013,-52,1.0,0.99,,
498,YDNA,"'Breakaway', 'Funky Monkeys', 'Dark Sided'",435,11265,103,1.01,0.99,10299.0,10402.0
499,gMd,"'Rogue', 'FRENCH CANADIANS', 'LiViD', 'Spacestation'",464,12098,-47,0.99,0.99,4699.0,4652.0
500,ALEX,"'LDLC', 'Vitality', 'fnatic'",1162,30750,-372,0.98,0.99,18599.0,18227.0
501,notaN,"'MASONIC', 'Singularity', 'OPAA', 'Alpha'",424,11256,46,1.01,0.99,4599.0,4645.0
502,markeloff,"'FlipSid3', 'HellRaisers'",1143,29624,488,1.03,0.99,16266.0,16754.0
503,VINI,'FURIA',975,25398,33,1.0,0.99,,
504,Puls3,"'Endpoint', 'FMESPORTS'",436,11572,74,1.01,0.99,7399.0,7473.0
505,neptune,"'Ghost', ""Bee's Money Crew"", 'Recon 5'",498,13218,-23,1.0,0.99,,
506,rbz,"'Paradox', 'Corvidae'",647,16903,138,1.01,0.99,13799.0,13937.0
507,BENDJI,"'Singularity', 'DenDD'",878,23318,137,1.01,0.99,13699.0,13836.0
508,dukefissura,"'Unique', '100PG'",381,10223,-117,0.98,0.99,5849.0,5732.0
509,jaxi,'Nexus',472,12125,183,1.02,0.99,9149.0,9332.0
510,BARBARR,"'Epsilon', 'x6tence Galaxy', 'Singularity'",876,23180,-20,1.0,0.99,,
511,realz1n,"'W7M', 'Sharks', 'FURIA Academy'",555,14699,103,1.01,0.99,10299.0,10402.0
512,kory,"'Sangal', 'Budapest Five', 'Salamander'",462,12291,-78,0.99,0.99,7799.0,7721.0
513,Dima,"'Spirit', 'Espada'",1310,34466,-527,0.98,0.99,26349.0,25822.0
514,JIaYm,"'HellRaisers', 'bankaPEPSI'",523,14183,-291,0.97,0.99,9699.0,9408.0
515,ANGE1,'HellRaisers',1728,45027,-685,0.98,0.99,34249.0,33564.0
516,kaboose,"'Selfless', 'Vision'",549,14235,-305,0.97,0.99,10166.0,9861.0
517,bubble,"'Windigo', 'E-frag.net', 'Fiend'",2177,57121,704,1.02,0.99,35199.0,35903.0
518,morelz,"'PRIDE', 'Virtus.pro'",1066,28354,-217,0.99,0.99,21699.0,21482.0
519,facecrack,"'forZe', 'PiTER'",1686,45000,-727,0.98,0.99,36349.0,35622.0
520,Drone,"'Splyce', 'Envy'",454,11841,-168,0.98,0.99,8399.0,8231.0
521,krii,"'EPG', 'Wolsung'",398,10522,5,1.0,0.99,,
522,djay,"'Party Astronauts', 'New England Whalers'",827,21378,-33,1.0,0.99,,
523,k1to,"'BIG', 'ALTERNATE aTTaX', 'Sprout'",1215,32305,-378,0.98,0.99,18899.0,18521.0
524,sXe,"'Nexus', 'XPC'",567,14684,-56,0.99,0.99,5599.0,5543.0
525,Dosia,"'Gambit', 'HellRaisers'",1431,37517,293,1.01,0.99,29299.0,29592.0
526,vanity,"'Chaos', 'eUnited', 'Gorilla Gang'",609,15688,80,1.01,0.99,7999.0,8079.0
527,JACKZ,"'G2', 'EnVyUs Academy', '3DMAX'",1068,28401,-118,0.99,0.99,11799.0,11681.0
528,fitch,"'AVANGAR', 'Tengri', 'Gambit'",574,15207,-210,0.98,0.99,10499.0,10289.0
529,gade,"'North', 'North Academy', 'OpTic'",964,25326,-128,0.99,0.99,12799.0,12671.0
530,SAGGERTON,"'iGame.com', 'RCTIC', 'LGR'",540,14097,-231,0.98,0.99,11549.0,11318.0
531,larsen,"'Tricked', 'Movistar Riders'",607,16049,141,1.01,0.99,14099.0,14240.0
532,jabbi,"'Copenhagen Flames', 'Singularity'",767,20580,75,1.01,0.99,7499.0,7574.0
533,Lukki,"'Tricked', 'AGF', 'Singularity'",893,23437,-9,1.0,0.99,,
534,rmn,"'SAW', 'k1ck', 'Giants'",1100,28738,-64,1.0,0.99,,
535,pesadelo,"'TeamOne', 'RED Canids'",584,15257,-245,0.98,0.99,12249.0,12004.0
536,AZR,"'Renegades', '100 Thieves', 'EXTREMUM'",1093,28528,-175,0.99,0.99,17499.0,17324.0
537,ryotzz,'W7M',447,11613,-154,0.98,0.99,7699.0,7545.0
538,J1rah,"'ORDER', 'Breakaway'",782,20288,-14,1.0,0.99,,
539,gla1ve,"'Astralis', 'CPH Wolves'",1649,43332,187,1.01,0.99,18699.0,18886.0
540,DAVEY,"'Splyce', 'Mythic', 'Spacestation'",800,20694,-283,0.98,0.99,14149.0,13866.0
541,Jonji,"'Bad News Bears', 'Rise Nation', 'Chaos'",1061,27190,-453,0.98,0.98,22649.0,22196.0
542,Furlan,'AGO',2078,55329,-615,0.98,0.98,30749.0,30134.0
543,bodyy,"'G2', 'DBL PONEY', 'LDLC'",1297,34380,-255,0.99,0.98,25499.0,25244.0
544,stellar,"'Party Astronauts', 'Vireo.pro', 'Divine', 'AA'",427,10968,26,1.0,0.98,,
545,Xizt,"'NIP', 'fnatic'",1665,42830,507,1.02,0.98,25349.0,25856.0
546,Daffu,"'ECSTATIC', 'Lyngby Vikings', 'Copenhagen Flames'",681,18217,126,1.01,0.98,12599.0,12725.0
547,RUBINO,"'Dignitas', 'Nordavind', 'LGB'",998,26140,-170,0.99,0.98,16999.0,16829.0
548,AdreN,"'Gambit', 'HellRaisers', 'K23'",1767,46454,-217,0.99,0.98,21699.0,21482.0
549,apocdud,"'VERTEX', 'Chiefs', 'Genuine'",726,18826,-62,1.0,0.98,,
550,bew,"'New England Whalers', 'High Coast', 'Yeah'",376,10079,-57,0.99,0.98,5699.0,5642.0
551,Perfecto,"'Natus Vincere', 'Syman'",695,18375,418,1.04,0.98,10449.0,10867.0
552,ryann,"'Singularity', 'Swole Patrol', 'Envy', 'Gorilla Gang'",697,17857,-269,0.98,0.98,13449.0,13180.0
553,Zix,'Bpro',400,10329,-166,0.98,0.98,8299.0,8133.0
554,chop,"'Carpe Diem', 'RBG', 'Kinship'",429,11442,-57,0.99,0.98,5699.0,5642.0
555,NEKIZ,"'paiN', 'Luminosity'",959,25204,-212,0.99,0.98,21199.0,20987.0
556,DeadFox,'HellRaisers',807,21060,-54,1.0,0.98,,
557,NickelBack,"'Entropiq', 'pro100', 'Winstrike'",1355,36025,-33,1.0,0.98,,
558,isak,"'GamerLegion', 'Lilmix'",580,15698,-30,1.0,0.98,,
559,zende,"'DenDD', 'Property'",397,10444,-1,1.0,0.98,,
560,bq,'Lilmix',395,10650,-196,0.97,0.98,6533.0,6337.0
561,Spiidi,"'Sprout', 'MOUZ'",2029,53839,181,1.01,0.98,18099.0,18280.0
562,anger,"'Mythic', 'Winterfox', 'Denial', 'Luminosity'",682,17700,-229,0.98,0.98,11449.0,11220.0
563,WOOD7,"'Bravos', 'MIBR', 'RED Canids'",547,14292,274,1.03,0.98,9133.0,9407.0
564,Llamas,"'Ground Zero', 'Breakaway', 'SYF'",451,11530,-25,1.0,0.98,,
565,doto,"'HAVU', 'ENCE'",648,17287,-184,0.98,0.98,9199.0,9015.0
566,raalz,"'Sprout', 'Lyngby Vikings', 'Ambush'",883,23816,-228,0.99,0.98,22799.0,22571.0
567,tifa,"'Imperial', 'BigGods', 'Keyd'",407,10476,-109,0.98,0.98,5449.0,5340.0
568,kwezz,'Tricked',599,16062,-109,0.99,0.98,10899.0,10790.0
569,wiz,"'Carpe Diem', 'RBG'",471,12523,56,1.01,0.98,5599.0,5655.0
570,BIT,"'TeamOne', '9z', 'Não Tem Como'",727,18792,64,1.01,0.98,6399.0,6463.0
571,SHOOWTiME,"'Luminosity', 'Imperial', 'Tempo Storm'",972,25140,-280,0.98,0.98,13999.0,13719.0
572,syken,"'expert', 'EURONICS'",413,10832,-248,0.97,0.98,8266.0,8018.0
573,sinnopsyy,"'BLINK', 'Secret'",619,16633,-479,0.96,0.98,11974.0,11495.0
574,Radifaction,"'Secret', 'Nordavind', 'NoChance', 'Apeks'",506,13559,-157,0.98,0.98,7849.0,7692.0
575,jnt,'Sharks',628,16249,137,1.01,0.98,13699.0,13836.0
576,prt,"'TeamOne', 'DETONA'",732,18994,-110,0.99,0.98,10999.0,10889.0
577,niki1,"'FATE', 'Bpro', 'Outlaws'",1020,26614,-320,0.98,0.98,15999.0,15679.0
578,BURNRUOk,"'Ground Zero', 'Grayhound', 'Immunity'",860,22168,-518,0.97,0.98,17266.0,16748.0
579,Boombl4,"'Natus Vincere', 'Winstrike', 'Quantum Bellator Fire'",1085,28745,-420,0.98,0.98,20999.0,20579.0
580,Sergiz,"'CR4ZY', 'Project X', 'Akuma', 'Windigo Academy'",456,12110,86,1.01,0.98,8599.0,8685.0
581,PERCY,"'Secret', 'Sprout', 'Tricked'",1030,27376,-400,0.98,0.98,19999.0,19599.0
582,blocker,"'Windigo', 'FATE', 'Bpro'",864,22973,-511,0.97,0.97,17033.0,16522.0
583,RUSH,"'Cloud9', 'Complexity', 'OpTic'",1413,36954,-371,0.99,0.97,37099.0,36728.0
584,Fadey,"'ATK', 'Bravado'",673,17326,-549,0.96,0.97,13724.0,13175.0
585,SPELLAN,"'SKADE', 'Outlaws', 'Windigo', 'Epsilon'",1432,37492,-231,0.99,0.97,23099.0,22868.0
586,DeStRoYeR,"'Invictus', 'EHOME', 'BOOT'",592,15658,-188,0.98,0.97,9399.0,9211.0
587,RpK,"'Vitality', 'Envy', 'Titan', 'G2'",1499,39100,-617,0.98,0.97,30849.0,30232.0
588,mono,"'x-kom', 'Illuminar', 'Izako Boars'",662,17680,-17,1.0,0.97,,
589,ZEDKO,"'SINNERS', 'eXtatus'",1097,29065,-252,0.99,0.97,25199.0,24947.0
590,FinigaN,'Espada',496,13338,84,1.01,0.97,8399.0,8483.0
591,leman,'AGO',486,13115,-135,0.98,0.97,6749.0,6614.0
592,propleh,"'1WIN', 'Monolith', 'Spartak'",392,10418,-98,0.99,0.97,9799.0,9701.0
593,jmqa,"'Quantum Bellator Fire', 'PiTER', 'EPG'",922,24189,-273,0.98,0.97,13649.0,13376.0
594,Keoz,"'Syman', 'LDLC', 'K23'",810,21571,-584,0.96,0.97,14599.0,14015.0
595,seb,"'Ghost', 'New Identity', ""Bee's Money Crew""",603,15586,-224,0.98,0.97,11199.0,10975.0
596,RuStY,"'GamerLegion', 'Singularity', 'Red Reserve'",1287,34770,-374,0.98,0.97,18699.0,18325.0
597,oskarish,"'x-kom', 'Illuminar', 'AGO'",1028,27383,-303,0.98,0.97,15149.0,14846.0
598,Queenix,"'MASONIC', 'x6tence', 'Copenhagen Flames', 'Singularity'",442,11868,-80,0.99,0.97,7999.0,7919.0
599,kUcheR,"'HellRaisers', 'Virtus.pro'",852,22314,-145,0.99,0.97,14499.0,14354.0
600,Marek,"'EHOME', 'After'",415,10887,-140,0.98,0.97,6999.0,6859.0
601,stk,"'Beyond', 'Signature', 'Alpha Red'",591,15136,-223,0.98,0.97,11149.0,10926.0
602,ELUSIVE,'Bravado',397,10059,56,1.01,0.97,5599.0,5655.0
603,ice,"'Unique', '100PG'",430,11515,-241,0.97,0.97,8033.0,7792.0
604,SOKER,"'Movistar Riders', 'x6tence', 'k1ck'",642,16858,-424,0.96,0.97,10599.0,10175.0
605,Drea3er,"'New4', 'FIVE', 'BTRG'",406,10435,-307,0.96,0.97,7674.0,7367.0
606,PKL,"'paiN', 'Luminosity', 'Wild'",1124,29388,-394,0.98,0.97,19699.0,19305.0
607,DEVIL,"'LDLC', 'Envy', 'LDLC White', '3DMAX'",636,16582,-291,0.97,0.97,9699.0,9408.0
608,seized,'Natus Vincere',1507,39658,-592,0.98,0.97,29599.0,29007.0
609,MAIROLLS,"'Alpha Red', 'Beyond', 'NSPR'",495,12791,-213,0.98,0.97,10649.0,10436.0
610,gabesson,"'GameAgents', 'volgare'",441,11654,-264,0.97,0.97,8799.0,8535.0
611,Sapec,'Young Ninjas',428,11466,-362,0.96,0.97,9049.0,8687.0
612,Mayker,"'Genuine', 'Chiefs', 'Surge'",433,11216,-220,0.97,0.97,7333.0,7113.0
613,TMB,"'MAD Lions', 'AGF', 'Copenhagen Flames'",685,18224,-407,0.97,0.97,13566.0,13159.0
614,The eLiVe,"'Enterprise', 'Universe'",470,12703,-181,0.98,0.97,9049.0,8868.0
615,KHRN,"'SJ', 'HAVU'",935,24443,-245,0.98,0.97,12249.0,12004.0
616,Leaf,"'Lucid Dream', 'Maple', 'Signature'",398,10120,-71,0.99,0.97,7099.0,7028.0
617,starix,"'Natus Vincere', 'Spirit'",625,16451,-241,0.98,0.97,12049.0,11808.0
618,chopper,"'Spirit', 'Vega Squadron'",1089,28848,-394,0.98,0.97,19699.0,19305.0
619,reltuC,'CLG',865,22664,-74,1.0,0.97,,
620,Surreal,"'Endpoint', 'Epsilon', 'Complexity'",1507,39489,-721,0.97,0.97,24033.0,23312.0
621,phr,"'Illuminar', 'AGO', 'Virtus.pro'",1291,34592,-403,0.98,0.96,20149.0,19746.0
622,Hyper,"'AGG', 'Vexed', 'Kinguin', 'Izako Boars'",646,16949,-167,0.99,0.96,16699.0,16532.0
623,LUCAS1,"'Immortals', 'Luminosity', 'MIBR', 'Tempo Storm'",943,24480,-481,0.97,0.96,16033.0,15552.0
624,Maniac,"'LDLC', 'Titan'",837,22049,-388,0.97,0.96,12933.0,12545.0
625,SmithZz,"'G2', 'Titan', 'VeryGames', 'Envy', 'LDLC'",1161,30130,-543,0.97,0.96,18099.0,17556.0
626,nafany,"'Gambit Youngsters', 'Gambit'",854,22679,-670,0.96,0.96,16749.0,16079.0
627,ProbLeM,"'HellRaisers', 'bankaPEPSI'",547,14838,-268,0.97,0.96,8933.0,8665.0
628,kaper,"'AGO', 'Kinguin', 'Wisla Krakow', 'adwokacik'",536,14240,-168,0.98,0.96,8399.0,8231.0
629,Walco,"'Carpe Diem', 'RBG'",474,12594,-411,0.95,0.96,8219.0,7808.0
630,SEMINTE,"'Nexus', 'XPC'",663,17364,-441,0.96,0.96,11024.0,10583.0
631,SADDYX,'SJ',647,17350,-363,0.97,0.96,12099.0,11736.0
632,maeVe,"'Tricked', 'Escape', 'Reason'",487,12606,-131,0.98,0.96,6549.0,6418.0
633,Kairi,"'x6tence', 'PENTA'",404,10297,-204,0.97,0.96,6799.0,6595.0
634,Tommy,'BOOT-d[S]',387,9900,-323,0.95,0.96,6459.0,6136.0
635,HOLMES,"'Squared', 'BLUEJAYS'",430,11258,-314,0.96,0.96,7849.0,7535.0
636,stanislaw,"'Evil Geniuses', 'OpTic', 'Complexity', 'Liquid'",1314,33991,-487,0.98,0.96,24349.0,23862.0
637,w1nt3r,"'Unique', '100PG', 'Se7en', 'BOOT-d[S]'",552,14753,-167,0.98,0.96,8349.0,8182.0
638,Aleksib,"'OG', 'ENCE', 'HAVU'",1010,26800,-328,0.98,0.96,16399.0,16071.0
639,bodito,"'Budapest Five', 'Salamander', 'Pixel', 'Sensei'",427,11471,-404,0.95,0.96,8079.0,7675.0
640,nosraC,"'Gaimin Gladiators', 'Rebirth', 'ChocoCheck', 'Recon 5'",461,12164,-372,0.96,0.96,9299.0,8927.0
641,xms,"'Envy', 'Heretics', 'LDLC'",712,18783,-624,0.95,0.96,12479.0,11855.0
642,0i,"'Invictus', 'New4', 'FIVE', 'After'",484,12676,-383,0.96,0.96,9574.0,9191.0
643,JazzPimp,"'Gaimin Gladiators', 'Recon 5', 'ChocoCheck'",407,10648,-315,0.96,0.96,7874.0,7559.0
644,Uber,"'Enemy', 'Complexity', 'Selfless'",398,10027,-299,0.96,0.96,7474.0,7175.0
645,tiziaN,"'BIG', 'ALTERNATE aTTaX'",1729,45729,-797,0.97,0.96,26566.0,25769.0
646,misutaaa,'Vitality',423,11199,-336,0.95,0.96,6719.0,6383.0
647,glow,'MVP PK',395,10045,-99,0.98,0.96,4949.0,4850.0
648,Kvik,"'Quantum Bellator Fire', 'Winstrike'",780,20389,-667,0.95,0.96,13339.0,12672.0
649,Kristou,"'AGF', 'North'",390,10304,-326,0.95,0.96,6519.0,6193.0
650,Snappi,"'ENCE', 'Heroic', 'OpTic'",1561,41172,-845,0.97,0.96,28166.0,27321.0
651,expro,"'Lynn Vision', 'Invictus', 'EHOME'",424,11240,-286,0.96,0.96,7149.0,6863.0
652,MAJ3R,"'Space Soldiers', 'Sangal'",1050,27515,-524,0.97,0.96,17466.0,16942.0
653,nbl,'Isurus',588,15168,-503,0.95,0.96,10059.0,9556.0
654,LOGAN,"'LDLC', 'Heretics'",590,15692,-300,0.97,0.96,9999.0,9699.0
655,smF,"'CPH Wolves', 'Secret', 'LPSP'",817,21404,-376,0.97,0.96,12533.0,12157.0
656,YJ,'W7M',514,13425,-71,0.99,0.96,7099.0,7028.0
657,kinqie,"'DreamEaters', 'Hard Legion'",631,16775,-597,0.95,0.96,11939.0,11342.0
658,tahsiN,"'Berzerk', 'PENTA', 'KILLERFISH'",591,15363,-630,0.94,0.96,10499.0,9869.0
659,maNkz,"'ECSTATIC', 'Lyngby Vikings', 'Copenhagen Flames', 'x6tence'",656,17640,-489,0.96,0.96,12224.0,11735.0
660,NEO,"'HONORIS', 'Virtus.pro'",2026,52885,-1524,0.96,0.96,38099.0,36575.0
661,ponczek,'Wisla Krakow',499,13450,-245,0.97,0.95,8166.0,7921.0
662,denis,"'Sprout', 'MOUZ'",1830,48692,-1848,0.95,0.95,36959.0,35111.0
663,alexRr,"'expert', 'Planetkey', 'DIVIZON'",433,11346,-554,0.93,0.95,7914.0,7360.0
664,dezon,"'Savage', 'Galaxy Racer', 'Japaleno'",547,14700,-248,0.97,0.95,8266.0,8018.0
665,dumz,"'DenDD', 'Singularity', 'Manatee'",455,12074,-320,0.96,0.95,7999.0,7679.0
666,RZU,"'Triumph', 'Bad News Bears', 'Rugratz'",443,11610,-499,0.94,0.95,8316.0,7817.0
667,friberg,"'Dignitas', 'NIP', 'Heroic'",1957,50987,-1696,0.95,0.95,33919.0,32223.0
668,caike,"'g3x', 'Yeah', 'Isurus', 'TeamOne'",501,13104,-374,0.96,0.95,9349.0,8975.0
669,H4RR3,"'777', 'Nordavind'",640,17259,-709,0.94,0.95,11816.0,11107.0
670,JT,"'Extra Salt', 'Bravado', 'ATK', 'Cloud9'",1044,27089,-833,0.95,0.95,16659.0,15826.0
671,TaZ,"'HONORIS', 'Virtus.pro', 'Kinguin'",2157,56623,-1492,0.96,0.95,37299.0,35807.0
672,steel,"'Movistar Riders', 'Luminosity', 'Immortals'",1447,37826,-869,0.97,0.95,28966.0,28097.0
673,devoduvek,"'LDLC', 'Misfits', 'Heretics'",643,17057,-588,0.95,0.95,11759.0,11171.0
674,Console,"'Tricked', 'ALTERNATE aTTaX', 'Copenhagen Flames', 'Singularity'",708,18612,-582,0.95,0.95,11639.0,11057.0
675,CONNOR93,"'Ghost', ""Bee's Money Crew"", 'BlackOut', 'The Pioneers'",449,11544,-457,0.94,0.95,7616.0,7159.0
676,soju_j,"'Legacy', 'AVANT', 'Chiefs', 'Dire Wolves'",554,14231,-410,0.96,0.95,10249.0,9839.0
677,PR1mE,'Tricked',396,10694,-396,0.95,0.95,7919.0,7523.0
678,dERZKIY,"'K29', 'ANOX'",414,10809,-400,0.95,0.95,7999.0,7599.0
679,darko,'PACT',799,21686,-801,0.95,0.95,16019.0,15218.0
680,KrizzeN,"'AVANGAR', 'Winstrike'",763,20020,-368,0.97,0.95,12266.0,11898.0
681,Grusarn,"'777', 'Apeks'",543,14836,-779,0.93,0.95,11128.0,10349.0
682,AcilioN,"'Apeks', 'Copenhagen Flames', 'SK'",1728,45574,-1467,0.95,0.95,29339.0,27872.0
683,RAiLWAY,"'INDE IRAE', 'Espada'",445,11946,-653,0.93,0.95,9328.0,8675.0
684,beastik,'SINNERS',665,17860,-649,0.95,0.95,12979.0,12330.0
685,flashie,"'GameAgents', 'Orgless'",585,15493,-522,0.95,0.95,10439.0,9917.0
686,strux1,"'PENTA', '3DMAX', 'Planetkey'",403,10276,-246,0.96,0.95,6149.0,5903.0
687,ecfN,'ALTERNATE aTTaX',426,11214,-471,0.94,0.95,7849.0,7378.0
688,oxygeN,'SKADE',507,13623,-446,0.95,0.95,8919.0,8473.0
689,Karsa,"'Flash', 'OneThree', 'EHOME'",457,11674,-290,0.96,0.95,7249.0,6959.0
690,arvid,'SJ',892,23926,-1030,0.94,0.95,17166.0,16136.0
691,Inzta,"'Tricked', 'Singularity'",754,19798,-849,0.94,0.94,14149.0,13300.0
692,Rock1nG,"'SKADE', 'Outlaws', 'Bpro'",883,23271,-1025,0.94,0.94,17083.0,16058.0
693,uNdo,"'Unique', 'Quantum Bellator Fire', 'Space Jam'",432,11267,-371,0.95,0.94,7419.0,7048.0
694,vSa,"'Rise Nation', 'Vision', 'Ghost'",385,10066,-322,0.95,0.94,6439.0,6117.0
695,Fifflaren,'NIP',538,13220,-40,0.99,0.94,3999.0,3959.0
696,boX,"'Nemiga', 'GoodJob'",1248,33224,-1306,0.94,0.94,21766.0,20460.0
697,kzy,"'EURONICS', 'ALTERNATE aTTaX', 'Unicorns of Love'",986,25705,-845,0.95,0.94,16899.0,16054.0
698,TOAO,"'AGO', 'Izako Boars'",1106,29520,-1061,0.95,0.94,21219.0,20158.0
699,SileNt,"'Swole Patrol', 'Method', 'NRG'",624,16235,-788,0.93,0.94,11257.0,10469.0
700,Twixie,"'KOVA', 'HAVU'",745,20248,-747,0.95,0.94,14939.0,14192.0
701,tonyblack,'Spirit',826,21699,-725,0.95,0.94,14499.0,13774.0
702,BRACE,'VERTEX',393,10219,-437,0.94,0.94,7283.0,6846.0
703,rafftu,"'SKADE', 'Bpro', 'FATE'",491,13172,-517,0.94,0.94,8616.0,8099.0
704,arch,"'Preparation', 'Spirit', 'Worst Players'",593,15530,-658,0.94,0.94,10966.0,10308.0
705,Sidney,"'UNGENTIUM', 'AGO', 'PACT', 'Illuminar'",443,11990,-395,0.95,0.94,7899.0,7504.0
706,interz,"'Gambit Youngsters', 'Gambit'",836,22227,-175,0.99,0.94,17499.0,17324.0
707,EXUS,"'PRIDE', 'Izako Boars'",882,23538,-1079,0.93,0.94,15414.0,14335.0
708,RIZZZ,"'OFFSET', 'Giants'",422,11051,-552,0.93,0.94,7885.0,7333.0
709,LOMME,"'North Academy', 'Tricked', 'No Problem!'",623,16172,-532,0.95,0.94,10639.0,10107.0
710,Polly,"'LGB', 'London Conspiracy', 'Apeks'",451,11723,-545,0.93,0.94,7785.0,7240.0
711,Ex6TenZ,"'Titan', 'LDLC', 'VeryGames', 'G2'",1393,36352,-1064,0.96,0.94,26599.0,25535.0
712,ub1que,"'EPG', 'PiTER', 'Preparation'",491,12691,-496,0.94,0.94,8266.0,7770.0
713,Noisia,"'AVANT', 'Breakaway', 'Dark Sided'",579,15033,-616,0.94,0.94,10266.0,9650.0
714,tutehen,"'VELOX', 'Isurus', 'Gale Force', 'Miami Flamingos'",447,11563,-394,0.95,0.94,7879.0,7485.0
715,ngiN,"'Space Soldiers', 'Sangal'",1025,26895,-748,0.96,0.94,18699.0,17951.0
716,forget,"'5POWER', 'UYA'",442,11512,-734,0.91,0.94,8155.0,7421.0
717,Shakezullah,"'Bad News Bears', 'Triumph', 'Singularity', 'iNTACT'",797,20767,-500,0.96,0.94,12499.0,11999.0
718,neaLaN,"'K23', 'Syman'",1047,27900,-1277,0.93,0.94,18242.0,16965.0
719,repo,"'PRIDE', 'ESC', 'AGG', 'Vexed'",505,13254,-657,0.93,0.94,9385.0,8728.0
720,DANZ,"'Kanga', 'Corvidae', 'AVANT'",391,10173,-620,0.92,0.93,7750.0,7130.0
721,emi,"'Valiance', 'Binary Dragons', 'iNation'",1067,27762,-1223,0.94,0.93,20383.0,19160.0
722,Duplicate,"'SKADE', 'FATE'",804,21453,-1029,0.93,0.93,14700.0,13671.0
723,hutji,'Vega Squadron',453,12010,-664,0.92,0.93,8300.0,7636.0
724,crisby,"'ALTERNATE aTTaX', 'EURONICS', 'Unicorns of Love'",1209,31542,-1813,0.92,0.93,22662.0,20849.0
725,matty,"'EC Brugge', 'Izako Boars'",536,14203,-696,0.93,0.93,9942.0,9246.0
726,mynio,"'Wisla Krakow', 'Anonymo'",768,20598,-1225,0.92,0.93,15312.0,14087.0
727,SkulL,"'Genuine', 'Taboo', 'Masterminds', 'Chiefs'",596,15590,-1057,0.91,0.93,11744.0,10687.0
728,quix,"'Lilmix', 'Vexed', 'Publiclir.se'",930,24640,-1792,0.9,0.93,17920.0,16128.0
729,ztr,"'Young Ninjas', 'NIP'",381,10224,-571,0.92,0.93,7137.0,6566.0
730,kiR,'Tricked',558,15039,-957,0.91,0.93,10633.0,9676.0
731,TACO,"'GODSENT', 'SK', 'MIBR', 'Liquid', 'Luminosity'",1384,35965,-1346,0.94,0.93,22433.0,21087.0
732,aVN,"'4glory', 'lvlUP', 'BLUEJAYS', 'Juggernauts'",550,14647,-696,0.93,0.92,9942.0,9246.0
733,S0tF1k,"'Spirit', 'Espada'",1289,33952,-1903,0.92,0.92,23787.0,21884.0
734,hitMouse,"'Nemiga', 'K29'",538,14028,-625,0.93,0.92,8928.0,8303.0
735,arki,'SAW',865,22719,-1188,0.92,0.92,14850.0,13662.0
736,Xp3,"'Winterfox', 'Denial', 'ELEVATE'",502,13113,-792,0.91,0.92,8800.0,8008.0
737,sorrow,"'Unique', '100PG'",382,10245,-659,0.91,0.92,7322.0,6663.0
738,pNshr,"'Windigo', 'ex-Outlaws'",595,15532,-809,0.92,0.92,10112.0,9303.0
739,MSL,"'Dignitas', 'North'",1716,44836,-3251,0.9,0.92,32510.0,29259.0
740,SANJI,"'Virtus.pro', 'AVANGAR', 'Syman'",743,19879,-998,0.92,0.92,12475.0,11477.0
741,akez,"'777', 'Apeks'",471,12758,-882,0.9,0.92,8820.0,7938.0
742,ncl,"'TheMongolz', 'TIGER', 'Mazaalai'",516,13234,-617,0.93,0.92,8814.0,8197.0
743,Luz,"'PRIDE', 'Izako Boars'",650,17062,-971,0.92,0.92,12137.0,11166.0
744,Zeus,'Natus Vincere',1405,37152,-1990,0.92,0.92,24875.0,22885.0
745,nak,"'Sharks', 'RED Canids'",514,13305,-671,0.92,0.92,8387.0,7716.0
746,arya,"'Splyce', '3sUP'",440,11291,-868,0.89,0.92,7890.0,7022.0
747,Dav,"'Squared', 'ONYX'",439,11340,-752,0.9,0.92,7520.0,6768.0
748,karrigan,"'FaZe', 'MOUZ', 'TSM'",1985,52027,-3477,0.9,0.91,34770.0,31293.0
749,pietola,'KOVA',383,10178,-592,0.91,0.91,6577.0,5985.0
750,svyat,"'Hard Legion', 'DreamEaters', 'AVE'",734,19717,-1060,0.92,0.91,13250.0,12190.0
751,BTN,'Nexus',1053,27584,-2026,0.9,0.91,20260.0,18234.0
752,xartE,"'SJ', 'HAVU', 'ENCE', 'hREDS'",1151,30254,-1635,0.92,0.91,20437.0,18802.0
753,tecek,"'Izako Boars', 'x-kom', 'VenatoreS'",376,9987,-838,0.88,0.91,6983.0,6145.0
754,LEGIJA,"'BIG', 'MOUZ', 'NRG'",869,22614,-1671,0.9,0.91,16710.0,15039.0
755,roman,"'Nemiga', 'K29'",414,10880,-664,0.91,0.91,7377.0,6713.0
756,Shara,"""spray'n'pray"", 'FlipSid3'",383,9929,-742,0.9,0.91,7420.0,6678.0
757,wayLander,"'FlipSid3', 'pro100', 'Winstrike'",794,20857,-1715,0.89,0.91,15590.0,13875.0
758,BONA,"'SJ', 'VITALIS', 'hREDS'",476,12674,-943,0.89,0.91,8572.0,7629.0
759,sAw,"'HAVU', 'iGame.com', 'RCTIC'",1267,33681,-2108,0.91,0.9,23422.0,21314.0
760,kRYSTAL,"'PENTA', 'ALTERNATE aTTaX', 'GODSENT'",1858,48588,-3407,0.9,0.9,34070.0,30663.0
761,MiGHTYMAX,'Endpoint',1163,30802,-2009,0.9,0.9,20090.0,18081.0
762,ben1337,"'Party Astronauts', 'New England Whalers', 'High Coast'",923,24088,-1761,0.89,0.9,16009.0,14248.0
763,crush,"'pro100', 'Vega Squadron', 'HellRaisers'",729,19205,-1467,0.89,0.9,13336.0,11869.0
764,balblna,"'Quantum Bellator Fire', 'Winstrike'",611,16017,-1233,0.89,0.9,11209.0,9976.0
765,sycrone,"'Sprout', 'North Academy', 'Tricked', 'Team123'",553,14608,-978,0.9,0.9,9780.0,8802.0
766,nkl,"'E-frag.net', 'GPlay', 'MK', 'Orbit'",642,16554,-1046,0.91,0.9,11622.0,10576.0
767,hooch,"'EPG', 'Gambit'",894,23450,-1802,0.89,0.9,16381.0,14579.0
768,Golden,"'fnatic', 'fnatic Academy', 'Cloud9'",872,23212,-2006,0.88,0.9,16716.0,14710.0
769,lunAtic,'PACT',884,24035,-1729,0.89,0.9,15718.0,13989.0
770,Adam9130,"'Into the Breach', 'GamerLegion', 'Vexed'",436,11743,-1077,0.87,0.9,8284.0,7207.0
771,FNS,"'CLG', 'TSM'",953,25080,-1794,0.89,0.89,16309.0,14515.0
772,spiker,"'Monolith', 'PiTER', 'Empire', 'Rebels'",415,10974,-974,0.88,0.89,8116.0,7142.0
773,JiNKZ,"'3DMAX', 'Heretics'",542,14411,-1193,0.88,0.89,9941.0,8748.0
774,MAiNLiNE,"'Enemy', 'Selfless', 'eUnited', 'Method'",437,11092,-1064,0.87,0.89,8184.0,7120.0
775,Psycho,"'Run or Die', 'Project X', 'CR4ZY', 'Akuma', 'Windigo Academy'",500,13349,-1069,0.88,0.89,8908.0,7839.0
776,pronax,"'fnatic', 'GODSENT'",1199,31403,-2267,0.89,0.89,20609.0,18342.0
777,Polen,'Mythic',435,11470,-978,0.88,0.89,8150.0,7172.0
778,ScrunK,"'ALTERNATE aTTaX', 'expert', 'EURONICS'",905,24046,-2454,0.86,0.88,17528.0,15074.0
779,Lambert,"'LDLC', 'EnVyUs Academy'",775,20411,-1581,0.88,0.88,13175.0,11594.0
780,LeX,"'Mythic', 'Winterfox', 'Luminosity'",463,11937,-1263,0.85,0.88,8419.0,7156.0
781,torben,'Fragsters',532,13939,-1196,0.87,0.88,9200.0,8004.0
782,JD,"'madlikewizards', 'Athletico', 'TRUCKERS WITH ATTITUDE', 'Airborne', 'Noxide'",374,9620,-1105,0.85,0.88,7366.0,6261.0
783,seang@res,"'Cloud9', 'Misfits', 'Echo Fox'",713,18391,-1629,0.87,0.88,12530.0,10901.0
784,daps,"'NRG', 'OpTic', 'Gen.G'",1075,28101,-2364,0.87,0.88,18184.0,15820.0
785,advent,"'ViCi', 'VG.CyberZen'",1072,27530,-2044,0.88,0.87,17033.0,14989.0
786,flowsicK,"'Denial', 'Winterfox', 'Liquid'",395,10074,-1047,0.86,0.87,7478.0,6431.0
787,BERRY,"'Ambush', 'OPAA'",801,20959,-2342,0.85,0.87,15613.0,13271.0
788,birdfromsky,"'ECSTATIC', 'Lyngby Vikings'",774,20813,-2024,0.86,0.87,14457.0,12433.0
789,nawrot,"'AVEZ', 'Izako Boars'",603,16182,-1737,0.85,0.87,11579.0,9842.0
790,HooXi,'Copenhagen Flames',798,21225,-2206,0.85,0.87,14706.0,12500.0
791,def,"'pro100', 'ACG'",605,15797,-1593,0.85,0.86,10619.0,9026.0
792,djL,"'Chaos', 'Japaleno', 'Red Reserve'",688,18180,-1735,0.86,0.86,12392.0,10657.0
793,Devilwalk,"'fnatic', 'Epsilon'",400,10494,-1101,0.85,0.86,7339.0,6238.0
794,Twista,"'RCTIC', 'iGame.com', 'LGR'",380,9970,-1149,0.84,0.85,7181.0,6032.0
795,gob b,"'BIG', 'MOUZ', 'NRG'",975,25707,-2811,0.84,0.85,17568.0,14757.0
796,Slemmy,"'Complexity', 'Cloud9', 'Selfless'",445,11663,-1313,0.83,0.85,7723.0,6410.0
797,SolEk,"'ALTERNATE aTTaX', 'Berzerk'",377,9498,-1285,0.81,0.84,6763.0,5478.0
798,PASHANOJ,"'Unique', 'ex-ETHEREAL'",599,15675,-2251,0.8,0.84,11255.0,9004.0
799,B1ad3,'FlipSid3',899,23232,-3408,0.8,0.83,17040.0,13632.0
800,netrick,"'AGF', 'unknown', 'LPSP', 'Forcebuy'",455,11976,-1736,0.8,0.82,8680.0,6944.0
801,HUNDEN,"'Tricked', 'ALTERNATE aTTaX'",1578,41153,-6238,0.78,0.81,28354.0,22116.0
802,RuFire,"'SG.pro', '5balls', 'VP.Prodigy'",384,10185,-1927,0.74,0.78,7411.0,5484.0
803,OCEAN,"'subtLe', 'SKDC', 'Splyce'",410,10602,-1962,0.74,0.77,7546.0,5584.0
