Ingame Name,Real Name,Current Team,Age,Total Kills,Headshot %,Total Deaths,K/D Ratio,Damage / Round,Greande Damage / Round,Maps Played,Rounds Played,Kills / Round,Assists / Round,Deaths / Round,Saved by Teammates / Round,Saved Teammates / Round,Rating,Role
ZywOo,Mathieu Herbaut,Vitality,22 years,24631,0.41100000000000003,17853,1.38,87.8,3.7,1108,29209,0.84,0.12,0.61,0.09,0.12,1.32,AWPer
s1mple,Oleksandr Kostyliev,Natus Vincere,25 years,37131,0.41200000000000003,27727,1.34,85.9,2.4,1649,43626,0.85,0.1,0.64,0.08,0.11,1.24,AWPer
sh1ro,Dmitry Sokolov,Cloud9,21 years,19146,0.27899999999999997,13224,1.45,78.7,3.9,933,24798,0.77,0.11,0.53,0.08,0.11,1.26,Lurker
deko,Denis Zhukov,1WIN,21 years,10722,0.368,7851,1.37,80.5,3.7,494,13410,0.8,0.1,0.59,0.08,0.11,1.23,Lurker
Kaze,Andrew Khong,Rare Atom,28 years,18529,0.304,14102,1.31,79.5,2.9,913,23865,0.78,0.11,0.59,0.08,0.1,1.19,Lurker
saffee,Rafael Costa,FURIA,28 years,9240,0.306,7180,1.29,79.2,3.0,446,11796,0.78,0.1,0.61,0.08,0.09,1.2,AWPer
smooya,Owen Butterfield,,23 years,19173,0.27899999999999997,15135,1.27,79.7,2.6,917,24315,0.79,0.1,0.62,0.08,0.1,1.2,Entry Fragger
degster,Abdul Gasanov,OG,21 years,16181,0.348,12464,1.3,78.5,2.9,778,20777,0.78,0.09,0.6,0.07,0.1,1.2,Entry Fragger
XANTARES,Ismailcan Dörtkardeş,Eternal Fire,27 years,40750,0.5329999999999999,33938,1.2,89.3,4.9,1901,50228,0.81,0.15,0.68,0.1,0.1,1.17,Support
sterling,Euan Moore,Encore,24 years,17960,0.317,13834,1.3,78.0,4.0,906,23220,0.77,0.1,0.6,0.08,0.1,1.2,Lurker
DANK1NG,Zhenghao Lv,TYLOO,23 years,9063,0.391,7237,1.25,80.1,2.3,434,11481,0.79,0.1,0.63,0.09,0.1,1.21,AWPer
SENSEi,Dmitriy Shvorak,IKLA,24 years,12224,0.31,9060,1.35,75.9,3.1,615,16456,0.74,0.09,0.55,0.07,0.09,1.21,Entry Fragger
device,Nicolai Reedtz,Astralis,27 years,37204,0.35,29771,1.25,80.4,4.3,1835,47799,0.78,0.13,0.62,0.07,0.08,1.16,AWPer
blameF,Benjamin Bremer,Astralis,25 years,20182,0.392,15978,1.26,85.8,7.1,979,26288,0.77,0.14,0.61,0.07,0.09,1.23,Support
NiKo,Nikola Kovač,G2,26 years,36082,0.505,30256,1.19,86.0,4.5,1709,45395,0.79,0.13,0.67,0.08,0.1,1.15,AWPer
JamYoung,Yi Yang,Rare Atom,21 years,7957,0.547,6485,1.23,81.4,3.3,394,10398,0.77,0.13,0.62,0.09,0.12,1.19,AWPer
KSCERATO,Kaike Cerato,FURIA,23 years,18704,0.49200000000000005,14659,1.28,79.5,5.4,972,25303,0.74,0.13,0.58,0.08,0.1,1.19,Lurker
BnTeT,Hansel Ferdinand,NKT,27 years,21318,0.397,17478,1.22,82.7,5.1,1074,27975,0.76,0.14,0.62,0.1,0.12,1.15,Support
torzsi,Ádám Torzsás,MOUZ,20 years,10967,0.29100000000000004,8875,1.24,76.6,2.5,542,14454,0.76,0.09,0.61,0.08,0.1,1.16,Entry Fragger
Benkai,Benedict Tan,,26 years,12164,0.467,10118,1.2,85.4,4.2,603,15560,0.78,0.14,0.65,0.07,0.1,1.14,Support
Woro2k,Volodymyr Veletniuk,Monte,21 years,9544,0.34,7821,1.22,79.1,3.1,456,12329,0.77,0.1,0.63,0.08,0.1,1.17,AWPer
coldzera,Marcelo David,00NATION,28 years,29682,0.494,24046,1.23,78.8,2.5,1490,38979,0.76,0.11,0.62,0.08,0.1,1.14,AWPer
Sico,Simon Williams,Grayhound,28 years,18189,0.359,14421,1.26,78.6,6.8,964,24408,0.75,0.14,0.59,0.09,0.1,1.13,Support
XigN,Hyun-Pyo Lee,NKT,25 years,15725,0.526,13251,1.19,81.8,2.8,782,20318,0.77,0.12,0.65,0.09,0.1,1.13,AWPer
Texta,Matthew O'Rourke,,21 years,12537,0.40299999999999997,10789,1.16,87.1,3.6,626,15749,0.8,0.18,0.69,0.11,0.13,1.21,In-Game Leader
Jame,Dzhami Ali,Outsiders,24 years,23826,0.251,18203,1.31,72.7,4.0,1258,33337,0.71,0.09,0.55,0.07,0.09,1.17,Entry Fragger
XELLOW,Adrian Guță,Sprout,22 years,24300,0.39799999999999996,20652,1.18,79.7,1.8,1188,31370,0.77,0.1,0.66,0.09,0.1,1.13,AWPer
oskar,Tomáš Šťastný,SINNERS,31 years,30870,0.305,25750,1.2,78.2,3.4,1532,40471,0.76,0.1,0.64,0.07,0.08,1.13,AWPer
mhL,Miłosz Knasiak,Endpoint,20 years,12284,0.287,10172,1.21,80.1,3.7,598,16068,0.76,0.12,0.63,0.09,0.11,1.17,Entry Fragger
forsyy,David Bílý,SINNERS,21 years,9197,0.293,7457,1.23,76.7,4.2,461,12453,0.74,0.1,0.6,0.08,0.09,1.16,Lurker
El1an,Aleksei Gusev,Boston crab,23 years,26798,0.27,21924,1.22,78.0,2.8,1340,35763,0.75,0.11,0.61,0.07,0.08,1.17,Entry Fragger
frozen,David Čerňanský,MOUZ,20 years,25436,0.542,21568,1.18,82.8,5.2,1285,33626,0.76,0.13,0.64,0.09,0.11,1.12,AWPer
sk0R,Tengis Batjargal,IHC,20 years,8964,0.486,7719,1.16,82.4,4.7,426,11495,0.78,0.12,0.67,0.09,0.1,1.16,AWPer
Freeman,WingHei Cheung,TYLOO,23 years,15580,0.489,13223,1.18,80.6,3.0,802,20514,0.76,0.13,0.64,0.09,0.11,1.16,AWPer
mantuu,Mateusz Wilczewski,,25 years,13904,0.35700000000000004,11530,1.21,76.7,3.4,696,18646,0.75,0.11,0.62,0.09,0.12,1.16,AWPer
kennyS,Kenny Schrub,Falcons,27 years,38685,0.312,32187,1.2,74.4,3.4,1936,51280,0.75,0.11,0.63,0.09,0.11,1.12,AWPer
huNter-,Nemanja Kovač,G2,27 years,31502,0.493,27098,1.16,84.5,5.5,1546,40816,0.77,0.14,0.66,0.1,0.11,1.12,Support
liTTle,Anatoliy Yashin,9 Pandas,34 years,9317,0.27699999999999997,7766,1.2,78.5,2.6,457,12154,0.77,0.1,0.64,0.07,0.09,1.12,Entry Fragger
INS,Joshua Potter,Grayhound,24 years,19482,0.426,16661,1.17,85.7,8.6,1013,25672,0.76,0.17,0.65,0.1,0.09,1.19,In-Game Leader
yuurih,Yuri Santos,FURIA,23 years,20918,0.442,17658,1.18,84.1,5.0,1064,27772,0.75,0.15,0.64,0.09,0.11,1.18,Support
woxic,Özgür Eker,,24 years,24364,0.321,20225,1.2,76.4,2.5,1257,33092,0.74,0.11,0.61,0.08,0.1,1.12,AWPer
kNgV-,Vito Giuseppe,O PLANO,30 years,17894,0.324,15276,1.17,78.3,2.1,894,23430,0.76,0.1,0.65,0.08,0.09,1.12,AWPer
dgt,Franco Garcia,9z,21 years,9754,0.496,8002,1.22,78.0,3.7,498,13203,0.74,0.12,0.61,0.09,0.12,1.15,AWPer
Jamppi,Elias Olkkonen,,21 years,10302,0.318,8894,1.16,78.2,2.8,503,13449,0.77,0.1,0.66,0.08,0.09,1.15,AWPer
ropz,Robin Kool,FaZe,23 years,23861,0.517,19834,1.2,78.4,2.5,1220,32318,0.74,0.11,0.61,0.07,0.09,1.14,AWPer
wrath,Collin McSweegan,,21 years,10634,0.501,9395,1.13,83.9,3.5,525,13568,0.78,0.14,0.69,0.11,0.14,1.12,Support
SunPayus,Alvaro Garcia,ENCE,24 years,7931,0.297,6464,1.23,74.3,3.6,409,10958,0.72,0.1,0.59,0.08,0.1,1.16,Lurker
h4rn,Deyvid Benchev,VOYVODA,22 years,13385,0.285,10988,1.22,74.8,3.4,684,18337,0.73,0.1,0.6,0.08,0.09,1.15,Lurker
chelleos,Michael Hawkins,Rooster,22 years,12005,0.319,10528,1.14,83.5,4.1,601,15529,0.77,0.13,0.68,0.1,0.09,1.19,AWPer
PTC,Kitikawin Rattanasukol,,24 years,9304,0.361,7896,1.18,76.9,2.0,476,12393,0.75,0.1,0.64,0.08,0.09,1.14,AWPer
nawwk,Tim Jonasson,Apeks,25 years,19704,0.35100000000000003,16252,1.21,73.3,2.8,999,26751,0.74,0.09,0.61,0.09,0.11,1.13,Entry Fragger
erkaSt,Erdenetsogt Gantulga,NKT,27 years,18366,0.5,15902,1.15,82.7,5.1,924,24030,0.76,0.15,0.66,0.09,0.09,1.16,Support
splashske,Nevin Aw,,23 years,14145,0.384,12334,1.15,78.5,3.5,722,18651,0.76,0.11,0.66,0.09,0.09,1.11,AWPer
zorte,Aleksandr Zagodyrenko,forZe,24 years,17402,0.361,14369,1.21,73.7,2.7,894,23988,0.73,0.09,0.6,0.09,0.11,1.15,Entry Fragger
Twistzz,Russel Van Dulken,FaZe,23 years,28178,0.62,23972,1.18,76.9,3.5,1466,38566,0.73,0.12,0.62,0.1,0.12,1.11,AWPer
vsm,Vinicius Moreira,Fluxo,23 years,13115,0.478,11416,1.15,82.3,3.3,657,17388,0.75,0.13,0.66,0.09,0.09,1.16,AWPer
GuardiaN,Ladislav Kovács,,31 years,30757,0.29600000000000004,25994,1.18,71.8,2.8,1590,41693,0.74,0.11,0.62,0.08,0.09,1.11,Entry Fragger
ottoNd,Otto Sihvo,HAVU,25 years,17557,0.27,14796,1.19,76.1,3.3,898,23724,0.74,0.1,0.62,0.09,0.11,1.15,Entry Fragger
dream3r,Simeon Ganev,VOYVODA,26 years,26128,0.495,21814,1.2,76.5,3.1,1354,35532,0.74,0.12,0.61,0.08,0.11,1.11,AWPer
xsepower,Bogdan Chernikov,Nemiga,24 years,25734,0.249,20941,1.23,72.3,2.2,1337,35899,0.72,0.08,0.58,0.07,0.08,1.15,
CacaNito,Aleksandar Kjulukoski,BLUEJAYS,22 years,8133,0.462,7283,1.12,86.1,5.0,394,10579,0.77,0.15,0.69,0.09,0.11,1.16,Support
FREDDyFROG,Fredrik Gustafsson,,29 years,23752,0.40299999999999997,20146,1.18,80.4,3.9,1208,32176,0.74,0.14,0.63,0.09,0.11,1.11,Support
TenZ,Tyson Ngo,,21 years,7931,0.513,7092,1.12,82.4,3.2,401,10399,0.76,0.14,0.68,0.1,0.12,1.15,Support
Vexite,Declan Portelli,Grayhound,18 years,8004,0.5710000000000001,7150,1.12,83.2,5.0,411,10477,0.76,0.14,0.68,0.1,0.11,1.16,Support
f0rest,Patrik Lindberg,,34 years,41243,0.519,35568,1.16,76.3,3.7,2102,54673,0.75,0.12,0.65,0.09,0.1,1.1,AWPer
Olivia,Peeratch Ingkudanonda,LZ,25 years,12279,0.37,10714,1.15,78.5,2.4,634,16189,0.76,0.11,0.66,0.08,0.09,1.13,AWPer
dumau,Eduardo Wolkmer,00NATION,19 years,10545,0.41600000000000004,8945,1.18,80.7,4.7,536,14244,0.74,0.14,0.63,0.08,0.11,1.16,Support
poizon,Valentin Vasilev,,24 years,21623,0.336,18761,1.15,78.0,3.8,1108,29354,0.74,0.12,0.64,0.09,0.1,1.14,AWPer
mir,Nikolay Bityukov,,27 years,21326,0.52,18534,1.15,81.5,4.9,1066,28082,0.76,0.13,0.66,0.1,0.11,1.1,AWPer
mertz,Daniel Mertz,XI,24 years,19106,0.324,16519,1.16,77.4,2.4,957,25381,0.75,0.1,0.65,0.1,0.1,1.1,AWPer
HEN1,Henrique Teles,MIBR,27 years,22966,0.292,18755,1.22,74.9,4.1,1255,32610,0.7,0.12,0.58,0.08,0.09,1.1,Lurker
WARDELL,Matthew Yu,,24 years,11627,0.272,9979,1.17,74.2,2.1,609,15901,0.73,0.1,0.63,0.09,0.1,1.13,Entry Fragger
CeRq,Tsvetelin Dimitrov,,23 years,23391,0.27899999999999997,19954,1.17,73.9,2.4,1234,32056,0.73,0.1,0.62,0.1,0.11,1.14,Entry Fragger
oSee,Josh Ohm,Liquid,23 years,22947,0.314,19450,1.18,75.6,2.8,1197,31238,0.73,0.11,0.62,0.11,0.12,1.14,AWPer
swag,Braxton Pierce,,26 years,10527,0.495,8898,1.18,77.6,4.7,556,14447,0.73,0.14,0.62,0.08,0.09,1.1,Support
Brehze,Vincent Cayonte,Evil Geniuses,24 years,24232,0.527,21467,1.13,80.2,2.5,1228,32018,0.76,0.12,0.67,0.1,0.12,1.1,AWPer
hades,Olek Miskiewicz,9INE,23 years,14722,0.298,12424,1.18,74.0,2.3,742,20079,0.73,0.09,0.62,0.07,0.08,1.12,Entry Fragger
ekul,Luke Blakey,,27 years,8895,0.366,7909,1.12,80.0,2.9,452,11703,0.76,0.11,0.68,0.08,0.09,1.14,AWPer
Ax1Le,Sergey Rykhtorov,Cloud9,20 years,19463,0.486,16755,1.16,80.5,5.2,1006,26716,0.73,0.14,0.63,0.09,0.09,1.16,Support
moose,Kaleb Jayne,,24 years,14503,0.441,12528,1.16,79.2,2.0,752,19559,0.74,0.12,0.64,0.08,0.09,1.14,AWPer
allu,Aleksi Jalli,JANO,30 years,33422,0.287,28810,1.16,75.2,3.7,1717,45044,0.74,0.11,0.64,0.07,0.09,1.1,Entry Fragger
nython,Gabriel Lino,Paquetá,25 years,11024,0.374,9528,1.16,76.4,2.3,553,14736,0.75,0.1,0.65,0.09,0.1,1.14,AWPer
Infinite,Gage Green,Strife,24 years,17371,0.511,15372,1.13,81.0,5.0,899,23439,0.74,0.14,0.66,0.1,0.11,1.15,Support
PwnAlone,Josh Pigue,EG White,32 years,18415,0.316,15949,1.15,76.2,3.5,972,25271,0.73,0.12,0.63,0.1,0.1,1.14,AWPer
xccurate,Kevin Susanto,,25 years,13334,0.312,11610,1.15,74.2,1.9,698,18113,0.74,0.1,0.64,0.1,0.1,1.09,AWPer
mixwell,Oscar Cañellas,,27 years,16275,0.381,14364,1.13,79.5,5.7,840,21804,0.75,0.13,0.66,0.1,0.1,1.09,AWPer
Sonic,Aran Groesbeek,,24 years,18216,0.46399999999999997,15854,1.15,78.7,4.3,963,24799,0.73,0.13,0.64,0.11,0.11,1.09,AWPer
aliStair,Alistair Johnston,Grayhound,24 years,20680,0.34700000000000003,17756,1.16,75.4,3.3,1125,28555,0.72,0.12,0.62,0.09,0.08,1.14,AWPer
syrsoN,Florian Rische,BIG,26 years,34921,0.294,30094,1.16,74.2,2.5,1800,47847,0.73,0.09,0.63,0.08,0.09,1.09,Entry Fragger
JUGi,Jakob Hansen,,25 years,17527,0.278,14851,1.18,74.1,2.4,940,24427,0.72,0.1,0.61,0.08,0.1,1.09,Entry Fragger
GeT_RiGhT,Christopher Alesund,,32 years,33295,0.493,29011,1.15,76.5,4.4,1747,45082,0.74,0.15,0.64,0.09,0.08,1.09,Support
Cooper,Austin Abadir,Mythic,28 years,16118,0.327,13982,1.15,74.3,2.3,840,21866,0.74,0.09,0.64,0.09,0.1,1.12,Entry Fragger
Calyx,Buğra Arkın,Eternal Fire,24 years,22346,0.57,19370,1.15,77.1,3.7,1172,30771,0.73,0.12,0.63,0.09,0.1,1.09,AWPer
ryx,Ronnie Bylicki,,29 years,9797,0.363,8616,1.14,83.7,3.6,491,12856,0.76,0.16,0.67,0.09,0.12,1.09,Support
zehN,Jesse Linjala,,31 years,22941,0.455,20322,1.13,80.4,8.0,1183,31410,0.73,0.15,0.65,0.08,0.09,1.09,Support
electroNic,Denis Sharipov,Natus Vincere,24 years,27330,0.5,24261,1.13,82.6,4.6,1396,36878,0.74,0.14,0.66,0.09,0.1,1.09,Support
JOTA,Jhonatan Willian,Imperial,25 years,10532,0.418,9140,1.15,81.9,6.3,556,14491,0.73,0.16,0.63,0.09,0.1,1.16,Support
ScreaM,Adil Benrlitom,,28 years,27501,0.6809999999999999,24396,1.13,79.1,3.3,1430,37087,0.74,0.12,0.66,0.1,0.11,1.09,AWPer
ritchiEE,Richard Mestdagh,undefined,24 years,8938,0.506,7951,1.12,82.4,5.0,449,11922,0.75,0.14,0.67,0.1,0.13,1.14,Support
biguzera,Rodrigo Bittencourt,paiN,26 years,13555,0.507,11819,1.15,80.5,5.5,704,18720,0.72,0.15,0.63,0.1,0.11,1.16,Support
NAF,Keith Markovic,Liquid,25 years,31844,0.41700000000000004,27574,1.15,81.1,5.8,1669,43922,0.73,0.15,0.63,0.09,0.11,1.09,Support
BL1TZ,Peter Athanasatos,VERTEX,30 years,14086,0.43,12485,1.13,75.0,2.4,740,19035,0.74,0.1,0.66,0.08,0.09,1.1,AWPer
nex,Johannes Maget,,30 years,21063,0.515,18628,1.13,78.8,4.7,1074,28389,0.74,0.15,0.66,0.1,0.12,1.09,Support
nukkye,Žygimantas Chmieliauskas,,25 years,11227,0.392,9897,1.13,78.3,2.6,592,15492,0.72,0.12,0.64,0.08,0.09,1.12,AWPer
draken,William Sundin,GODSENT,27 years,24519,0.307,21194,1.16,74.6,2.2,1275,33953,0.72,0.1,0.62,0.08,0.08,1.08,AWPer
NEOFRAG,Adam Zouhar,OG,21 years,15278,0.49200000000000005,13904,1.1,84.7,8.3,768,20573,0.74,0.15,0.68,0.1,0.12,1.15,Support
fer,Fernando Alvarenga,,31 years,28823,0.449,26000,1.11,82.8,5.0,1468,38442,0.75,0.15,0.68,0.09,0.08,1.08,Support
hazr,Jared O'Bree,VERTEX,21 years,15826,0.5589999999999999,14484,1.09,80.9,4.4,832,21272,0.74,0.14,0.68,0.11,0.11,1.13,Support
EliGE,Jonathan Jablonowski,Liquid,25 years,33767,0.48700000000000004,30664,1.1,83.3,4.1,1708,44874,0.75,0.15,0.68,0.1,0.12,1.08,Support
pz,Jordan White,VERTEX,23 years,9314,0.293,8161,1.14,76.0,5.6,501,13000,0.72,0.12,0.63,0.09,0.09,1.13,Entry Fragger
gas,Yi Ding,Wings Up,27 years,10462,0.598,9689,1.08,81.5,2.4,518,13599,0.77,0.12,0.71,0.1,0.12,1.11,AWPer
exit,Raphael Lacerda,MIBR,26 years,16097,0.45299999999999996,13620,1.18,75.9,5.2,893,23062,0.7,0.13,0.59,0.09,0.12,1.12,Lurker
Savage,Bin Liu,TCG,33 years,15647,0.37,13721,1.14,78.2,5.5,836,21434,0.73,0.13,0.64,0.09,0.09,1.08,AWPer
lollipop21k,Igor Solodkov,Websterz,26 years,25430,0.489,22967,1.11,81.4,3.7,1272,34113,0.75,0.13,0.67,0.09,0.1,1.13,AWPer
DJOXiC,Đorđe Niciforović,GamerS1337,30 years,9002,0.298,7798,1.15,73.0,2.9,489,12531,0.72,0.1,0.62,0.09,0.1,1.08,Entry Fragger
dennyslaw,Denislav Dimitrov,500,23 years,26203,0.314,22974,1.14,74.4,3.0,1340,36119,0.73,0.1,0.64,0.08,0.1,1.12,AWPer
Detrony,Dimitri Hadjipaschali,,32 years,7633,0.34700000000000003,6771,1.13,77.4,4.4,412,10449,0.73,0.13,0.65,0.1,0.09,1.08,AWPer
faveN,Josef Baumann,BIG,23 years,27730,0.5429999999999999,24584,1.13,78.3,3.3,1412,37730,0.73,0.12,0.65,0.1,0.12,1.13,AWPer
ZOREE,Lasse Uronen,JANO,29 years,33635,0.32899999999999996,29245,1.15,73.6,3.8,1763,46867,0.72,0.1,0.62,0.08,0.1,1.08,AWPer
Machinegun,Enkhtaivan Lkhagva,NKT,32 years,8352,0.503,7676,1.09,81.4,3.2,431,10994,0.76,0.13,0.7,0.08,0.09,1.08,AWPer
Attacker,YuanZhang Sheng,TYLOO,26 years,24761,0.46399999999999997,22069,1.12,79.2,2.3,1294,33272,0.74,0.14,0.66,0.11,0.11,1.08,Support
Spinx,Lotan Giladi,Vitality,22 years,10180,0.555,9040,1.13,77.6,3.4,525,14004,0.73,0.11,0.65,0.08,0.1,1.11,AWPer
valde,Valdemar Bjørn Vangså,ENCE,27 years,25237,0.46799999999999997,22372,1.13,79.6,5.0,1299,34539,0.73,0.14,0.65,0.1,0.1,1.08,Support
keev,Kevin Bartholomäus,,31 years,11408,0.29100000000000004,10191,1.12,73.6,2.8,594,15524,0.73,0.09,0.66,0.08,0.08,1.08,Entry Fragger
sergej,Jere Salo,GORILLAZ,20 years,14855,0.48200000000000004,13039,1.14,79.3,4.0,776,20425,0.73,0.14,0.64,0.1,0.11,1.13,Support
cynic,David Polster,Nouns,23 years,16055,0.401,14207,1.13,80.3,5.7,835,21818,0.74,0.14,0.65,0.1,0.11,1.13,Support
felps,João Vasconcellos,Fluxo,26 years,21900,0.434,20097,1.09,84.6,3.6,1122,28812,0.76,0.16,0.7,0.1,0.09,1.08,Support
k0nfig,Kristian Wienecke,Ninjas in Pyjamas,25 years,32019,0.556,29543,1.08,80.8,2.9,1610,42667,0.75,0.13,0.69,0.09,0.1,1.08,AWPer
mezii,William Merriman,fnatic,24 years,11643,0.5,10272,1.13,79.5,5.4,602,16224,0.72,0.14,0.63,0.09,0.12,1.13,Support
gxx-,Genc Kolgeci,Bad News Eagles,23 years,8816,0.307,7492,1.18,70.3,2.7,468,12517,0.7,0.08,0.6,0.08,0.09,1.09,Entry Fragger
ShahZaM,Shahzeb Khan,,29 years,18509,0.34,16451,1.13,74.8,2.4,966,25252,0.73,0.1,0.65,0.09,0.1,1.08,AWPer
junior,Paytyn Johnson,Complexity,22 years,9370,0.293,7984,1.17,71.2,2.2,508,13273,0.71,0.09,0.6,0.08,0.1,1.1,Entry Fragger
FL1T,Evgenii Lebedev,Outsiders,22 years,25957,0.466,22947,1.13,80.4,4.4,1318,35489,0.73,0.13,0.65,0.09,0.11,1.13,AWPer
Hatz,Jordan Bajic,,24 years,17725,0.509,15679,1.13,77.6,5.1,970,24686,0.72,0.14,0.64,0.1,0.1,1.14,Support
floppy,Ricky Kemery,Complexity,23 years,17576,0.494,15839,1.11,80.2,3.2,919,24129,0.73,0.14,0.66,0.11,0.13,1.14,Support
Farlig,Asger Jensen,Astralis,23 years,14833,0.33399999999999996,13056,1.14,71.4,2.4,775,20762,0.71,0.09,0.63,0.08,0.1,1.09,Entry Fragger
iDISBALANCE,Artem Egorov,K23,26 years,18026,0.26899999999999996,15647,1.15,74.0,2.5,946,25187,0.72,0.1,0.62,0.09,0.09,1.13,Entry Fragger
meyern,Ignacio Meyer,BESTIA,20 years,9783,0.541,8856,1.1,76.6,3.6,516,13481,0.73,0.11,0.66,0.1,0.13,1.11,AWPer
Magisk,Emil Reif,Vitality,24 years,28260,0.475,24969,1.13,79.5,5.9,1497,39488,0.72,0.15,0.63,0.09,0.09,1.08,Support
fejtZ,Kristjan Allsaar,sYnck ,25 years,16980,0.451,15271,1.11,76.8,3.6,870,23016,0.74,0.12,0.66,0.1,0.12,1.08,AWPer
Liazz,Jay Tregillgas,Grayhound,25 years,18811,0.45899999999999996,16501,1.14,78.3,4.6,1040,26767,0.7,0.15,0.62,0.1,0.11,1.08,Support
dupreeh,Peter Rasmussen,Vitality,29 years,38637,0.503,34343,1.13,76.6,3.3,2036,53134,0.73,0.14,0.65,0.09,0.09,1.08,Support
jayzaR,Aleksandar Zarkovic,,25 years,10481,0.364,9546,1.1,78.8,3.5,531,14033,0.75,0.12,0.68,0.09,0.1,1.08,AWPer
Rickeh,Ricardo Mulholland,,31 years,17834,0.377,15446,1.15,77.3,5.2,962,25181,0.71,0.13,0.61,0.08,0.09,1.07,AWPer
broky,Helvijs Saukants,FaZe,22 years,14766,0.376,12795,1.15,73.1,3.5,786,20996,0.7,0.1,0.61,0.1,0.11,1.1,AWPer
Summer,YuLun Cai,TYLOO,25 years,24529,0.49,21747,1.13,79.5,5.6,1311,33781,0.73,0.14,0.64,0.09,0.09,1.07,Support
MICHU,Michał Müller,,26 years,34982,0.508,31881,1.1,79.9,4.0,1791,47050,0.74,0.13,0.68,0.09,0.1,1.07,AWPer
Ryxxo,Thomas Nielsen,CEPTER,26 years,16547,0.332,14592,1.13,76.0,6.4,880,23128,0.72,0.12,0.63,0.09,0.1,1.07,AWPer
ptr,Peter Gurney,,32 years,20971,0.26,18272,1.15,73.3,3.4,1136,29729,0.71,0.11,0.61,0.09,0.1,1.07,Entry Fragger
jL,Justinas Lekavicius,Apeks,23 years,8973,0.483,8115,1.11,78.0,4.1,456,12238,0.73,0.12,0.66,0.09,0.1,1.11,AWPer
dapr,Michael Gulino,,24 years,11313,0.441,10311,1.1,80.8,6.4,594,15426,0.73,0.15,0.67,0.1,0.11,1.13,Support
NaToSaphiX,Niels Christian Sillassen,undefined,26 years,18513,0.368,15993,1.16,71.9,3.2,988,26353,0.7,0.1,0.61,0.09,0.1,1.07,AWPer
Impulse,Aleksa Stankić,ex-4glory,26 years,14902,0.353,13313,1.12,75.5,3.6,781,20768,0.72,0.11,0.64,0.1,0.11,1.11,AWPer
dexter,Christopher Nong,MOUZ,28 years,20198,0.486,18398,1.1,80.3,5.2,1070,27582,0.73,0.14,0.67,0.09,0.09,1.07,Support
nicoodoz,Nico Tamjidi,fnatic,22 years,15240,0.317,13282,1.15,71.5,3.3,807,21614,0.71,0.08,0.61,0.08,0.1,1.09,Entry Fragger
hAdji,Ali Haïnouss,Falcons,27 years,24011,0.491,21653,1.11,79.5,4.1,1243,32898,0.73,0.13,0.66,0.1,0.12,1.07,AWPer
jks,Justin Savage,G2,27 years,23035,0.53,20567,1.12,77.3,5.3,1255,32781,0.7,0.13,0.63,0.09,0.11,1.07,AWPer
xand,Alexandre Zizi,,27 years,9681,0.502,8806,1.1,80.4,4.7,515,13210,0.73,0.14,0.67,0.1,0.1,1.07,Support
InfrequeNt,Jesse Barker,,28 years,8969,0.337,8038,1.12,76.3,4.2,480,12386,0.72,0.12,0.65,0.09,0.1,1.07,AWPer
autimatic,Timothy Ta,Evil Geniuses,26 years,23778,0.445,21512,1.11,79.4,4.0,1228,32115,0.74,0.13,0.67,0.1,0.1,1.07,AWPer
EspiranTo,Rokas Milasauskas,Budapest Five,21 years,17165,0.6,15815,1.09,77.5,3.2,880,23040,0.75,0.11,0.69,0.1,0.1,1.11,AWPer
YEKINDAR,Mareks Gaļinskis,Liquid,23 years,23819,0.591,22304,1.07,82.7,4.0,1199,31969,0.75,0.13,0.7,0.09,0.09,1.14,AWPer
anarkez,Guy Trachtman,ECLOT,23 years,15389,0.307,13832,1.11,73.1,2.3,793,21380,0.72,0.09,0.65,0.09,0.08,1.1,Entry Fragger
shox,Richard Papillon,Nakama,30 years,39295,0.488,35559,1.11,75.3,3.0,2053,53896,0.73,0.12,0.66,0.08,0.08,1.07,AWPer
hallzerk,Håkon Fjærli,Complexity,22 years,16549,0.34299999999999997,14974,1.11,73.4,3.2,852,23055,0.72,0.09,0.65,0.1,0.1,1.1,Entry Fragger
somebody,HaoWen Xu,,27 years,23795,0.457,21633,1.1,79.9,3.5,1257,32545,0.73,0.13,0.66,0.1,0.09,1.07,AWPer
CRUC1AL,Joey Steusel,Into the Breach,26 years,28961,0.29,26040,1.11,73.5,2.6,1533,40278,0.72,0.1,0.65,0.09,0.11,1.07,Entry Fragger
QKA,ZhiHai Fu,WDNMD,29 years,7690,0.40399999999999997,6988,1.1,75.8,1.6,402,10409,0.74,0.1,0.67,0.08,0.09,1.1,AWPer
chelo,Marcelo Cespedes,Imperial,24 years,17914,0.606,16360,1.09,78.1,3.6,960,24962,0.72,0.13,0.66,0.1,0.1,1.07,AWPer
FalleN,Gabriel Toledo,Imperial,31 years,29614,0.308,25738,1.15,71.7,3.5,1629,42726,0.69,0.11,0.6,0.08,0.08,1.07,Lurker
NikoM,Nicolas Miozzi,,25 years,10105,0.47100000000000003,9139,1.11,79.9,4.7,537,13864,0.73,0.14,0.66,0.1,0.11,1.07,Support
WorldEdit,Georgi Yaskin,,31 years,25244,0.281,22791,1.11,75.0,2.6,1330,34767,0.73,0.12,0.66,0.08,0.08,1.07,Entry Fragger
shroud,Mike Grzesiek,,28 years,12588,0.529,11277,1.12,76.1,3.9,676,17460,0.72,0.14,0.65,0.09,0.11,1.07,Support
Pimp,Jacob Winneche,,27 years,18116,0.466,16100,1.13,78.3,3.9,976,25052,0.72,0.14,0.64,0.1,0.11,1.07,Support
reiko,Kamil Cegiełko,HONORIS,23 years,10340,0.47700000000000004,9860,1.05,83.7,5.1,510,13695,0.76,0.14,0.72,0.11,0.13,1.12,Support
Lucaozy,Lucas Neves,Fluxo,21 years,10095,0.508,9002,1.12,76.6,3.2,523,14073,0.72,0.11,0.64,0.09,0.1,1.11,AWPer
dycha,Paweł Dycha,ENCE,25 years,17414,0.532,16037,1.09,81.1,4.8,894,23982,0.73,0.14,0.67,0.09,0.09,1.12,Support
DD,Hui Wu,,28 years,17450,0.419,15927,1.1,81.5,3.1,917,23728,0.74,0.16,0.67,0.11,0.1,1.06,Support
fame,Petr Bolyshev,Outsiders,19 years,11309,0.574,10269,1.1,77.4,3.5,587,15634,0.72,0.11,0.66,0.09,0.11,1.11,AWPer
snatchie,Michał Rudzki,Entropiq,25 years,31588,0.295,28999,1.09,72.7,1.6,1629,43656,0.72,0.09,0.66,0.08,0.09,1.06,Entry Fragger
shalfey,Aleksandr Marenov,forZe,20 years,10486,0.46299999999999997,9232,1.14,77.8,3.8,544,14712,0.71,0.12,0.63,0.08,0.09,1.12,AWPer
HObbit,Abay Khassenov,Cloud9,28 years,23546,0.465,21289,1.11,80.0,5.6,1233,32570,0.72,0.14,0.65,0.08,0.08,1.06,Support
CLASIA,Anthony Kearney,yur,19 years,7545,0.498,6877,1.1,79.7,4.7,397,10389,0.73,0.14,0.66,0.09,0.1,1.11,Support
s4ltovsk1yy,Kyrylo Lytvynov,IKLA,21 years,9232,0.40700000000000003,8150,1.13,71.1,2.9,485,13226,0.7,0.09,0.62,0.08,0.09,1.1,Entry Fragger
smike,Sergey Sklyarenko,schadE halt,24 years,9538,0.33,8937,1.07,75.3,1.3,496,12846,0.74,0.1,0.7,0.09,0.08,1.06,AWPer
ofnu,Chris Hanley,,29 years,15793,0.489,14413,1.1,79.7,5.2,852,21778,0.73,0.15,0.66,0.1,0.1,1.06,Support
acoR,Frederik Gyldstrand,GamerLegion,25 years,21100,0.376,18896,1.12,73.2,3.7,1140,29898,0.71,0.1,0.63,0.09,0.1,1.06,AWPer
boltz,Ricardo Prass,Imperial,25 years,24980,0.392,22338,1.12,81.6,8.9,1349,35243,0.71,0.17,0.63,0.08,0.09,1.06,In-Game Leader
AnJ,Allan Jensen,,28 years,7530,0.507,6767,1.11,77.2,3.8,403,10503,0.72,0.12,0.64,0.09,0.12,1.06,AWPer
slaxz-,Fritz Dietrich,ALTERNATE aTTaX,24 years,20416,0.293,18092,1.13,72.1,3.3,1078,29303,0.7,0.1,0.62,0.09,0.09,1.1,Entry Fragger
Ethan,Ethan Arnold,,22 years,18853,0.494,17365,1.09,81.4,4.3,986,25998,0.73,0.15,0.67,0.11,0.11,1.14,Support
NikkeZ,Nikhil Victor,,27 years,8060,0.465,7511,1.07,82.7,4.5,420,10817,0.75,0.15,0.69,0.09,0.1,1.06,Support
Rainwaker,Aleks Petrov,500,21 years,24562,0.41600000000000004,22033,1.11,77.8,4.5,1294,34943,0.7,0.13,0.63,0.08,0.1,1.11,AWPer
SHiPZ,Georgi Grigorov,500,22 years,36748,0.498,34243,1.07,79.5,3.8,1862,49733,0.74,0.13,0.69,0.1,0.1,1.11,AWPer
trk,Alencar Rossato,TeamOne,27 years,17844,0.486,16196,1.1,78.6,5.0,950,24822,0.72,0.14,0.65,0.12,0.12,1.13,Support
Happy,Vincent Schopenhauer,,31 years,28022,0.41200000000000003,25277,1.11,77.5,2.7,1464,37933,0.74,0.12,0.67,0.06,0.07,1.06,AWPer
roeJ,Fredrik Jørgensen,fnatic,29 years,19117,0.5489999999999999,17651,1.08,83.3,4.3,976,25759,0.74,0.15,0.69,0.11,0.11,1.15,Support
zhokiNg,WeiJie Zhong,Take me away,29 years,23839,0.509,22397,1.06,83.7,3.8,1240,31723,0.75,0.17,0.71,0.12,0.1,1.06,In-Game Leader
malbsMd,Mario Samayoa,TeamOne,20 years,12667,0.63,12079,1.05,80.5,5.3,661,16933,0.75,0.12,0.71,0.11,0.11,1.11,AWPer
Maka,Bryan Canda,HEET,25 years,23942,0.355,21580,1.11,74.6,4.6,1272,33821,0.71,0.11,0.64,0.09,0.09,1.1,AWPer
afro,Aurélien Drapier,LDLC,23 years,12967,0.33899999999999997,11724,1.11,72.7,5.1,691,18495,0.7,0.11,0.63,0.08,0.09,1.09,AWPer
Brollan,Ludvig Brolin,Ninjas in Pyjamas,20 years,20543,0.524,19044,1.08,78.9,4.9,1071,28421,0.72,0.13,0.67,0.09,0.1,1.11,AWPer
COLDYY1,Pavel Veklenko,,30 years,17902,0.551,16184,1.11,77.5,3.9,947,24917,0.72,0.13,0.65,0.09,0.11,1.06,AWPer
Valiance,Matthew Hartrick,,22 years,11998,0.517,10865,1.1,75.6,3.6,662,17113,0.7,0.13,0.63,0.1,0.11,1.1,AWPer
b4rtiN,Bruno Câmara,,21 years,10164,0.551,9216,1.1,74.7,3.6,547,14329,0.71,0.12,0.64,0.1,0.11,1.1,AWPer
shz,Bruno Martinelli,O PLANO,24 years,15673,0.51,14241,1.1,77.0,3.2,847,21981,0.71,0.13,0.65,0.1,0.11,1.1,AWPer
paz,Ahmet Karahoca,,25 years,21471,0.513,19561,1.1,75.2,2.5,1147,30130,0.71,0.12,0.65,0.1,0.1,1.06,AWPer
Skadoodle,Tyler Latham,,29 years,18365,0.248,15907,1.15,67.5,2.7,1047,27129,0.68,0.11,0.59,0.09,0.09,1.06,Lurker
koosta,Kenneth Suen,,26 years,18522,0.373,17181,1.08,76.1,3.6,977,25766,0.72,0.12,0.67,0.09,0.1,1.06,AWPer
pancc,Fillipe Martins,,25 years,11462,0.537,10644,1.08,79.9,5.3,602,15875,0.72,0.14,0.67,0.09,0.1,1.11,Support
remix,Victor Monteiro,ODDIK,29 years,9167,0.275,8378,1.09,71.7,2.1,483,12908,0.71,0.09,0.65,0.09,0.09,1.08,Entry Fragger
TOR,Tosapol Saekow,,29 years,8271,0.289,7614,1.09,77.0,2.9,452,11472,0.72,0.12,0.66,0.08,0.09,1.06,Entry Fragger
tucks,Tyler Reilly,Majestic Foghorns,26 years,13116,0.44,11886,1.1,76.0,4.1,727,18442,0.71,0.13,0.64,0.09,0.09,1.06,AWPer
Grim,Michael Wince,Complexity,22 years,19030,0.488,18038,1.05,78.7,3.6,1001,26317,0.72,0.13,0.69,0.12,0.13,1.11,AWPer
suNny,Miikka Kemppi,Believe,28 years,26260,0.474,24637,1.07,80.6,5.0,1353,35708,0.74,0.14,0.69,0.09,0.09,1.05,Support
Krimbo,Karim Moussa,BIG,20 years,8687,0.51,7846,1.11,76.1,7.1,465,12461,0.7,0.12,0.63,0.08,0.1,1.09,AWPer
flying,Peiqi Song,Wings Up,22 years,8377,0.507,7843,1.07,78.8,3.7,429,11438,0.73,0.12,0.69,0.09,0.1,1.09,AWPer
SLOWLY,Kelun Sun,TYLOO,21 years,10944,0.59,10272,1.07,79.0,2.9,569,15083,0.73,0.13,0.68,0.1,0.1,1.11,AWPer
olofmeister,Olof Kajbjer,FaZe,31 years,29175,0.467,26512,1.1,72.8,4.4,1568,40998,0.71,0.13,0.65,0.09,0.08,1.05,AWPer
Sobol,Kamil Sobolewski,HONORIS,25 years,18517,0.52,17052,1.09,78.3,4.2,954,25876,0.72,0.13,0.66,0.08,0.09,1.09,AWPer
rallen,Karol Rodowicz,Into the Breach,28 years,35275,0.433,32076,1.1,82.1,7.5,1827,48883,0.72,0.16,0.66,0.09,0.09,1.05,Support
hardzao,Wesley Lopes,paiN,22 years,14300,0.466,12753,1.12,74.6,4.6,784,20631,0.69,0.13,0.62,0.1,0.1,1.1,AWPer
KEi,Kamil Pietkun,9INE,21 years,15844,0.452,14999,1.06,82.9,4.5,795,21409,0.74,0.14,0.7,0.09,0.09,1.12,Support
flameZ,Shahar Shushan,OG,19 years,9138,0.528,8548,1.07,79.3,6.0,477,12794,0.71,0.14,0.67,0.11,0.11,1.12,Support
bottle,Lei Mao,,29 years,14489,0.568,13618,1.06,79.5,3.6,768,19801,0.73,0.14,0.69,0.1,0.1,1.05,Support
Gratisfaction,Sean Kaiwai,Encore,26 years,16662,0.324,14987,1.11,73.3,3.4,923,24032,0.69,0.12,0.62,0.1,0.1,1.05,AWPer
ISSAA,Issa Murad,,26 years,16229,0.555,14827,1.09,75.7,3.6,870,22834,0.71,0.12,0.65,0.1,0.11,1.05,AWPer
iM,Mihai Ivan,GamerLegion,23 years,16884,0.48,15935,1.06,82.1,3.7,851,22853,0.74,0.13,0.7,0.09,0.09,1.11,AWPer
b1t,Valeriy Vakhovskiy,Natus Vincere,20 years,9957,0.672,9021,1.1,75.5,4.3,538,14303,0.7,0.11,0.63,0.09,0.1,1.11,AWPer
Ramz1kBO$$,Ramazan Bashizov,Golden Knights,23 years,8110,0.33799999999999997,7557,1.07,75.9,1.5,425,11070,0.73,0.1,0.68,0.07,0.08,1.09,AWPer
HZ,Zhen Huang,TSG,32 years,9305,0.494,8614,1.08,81.7,3.8,500,12856,0.72,0.17,0.67,0.13,0.12,1.05,In-Game Leader
stavn,Martin Lund,Heroic,20 years,23554,0.43,21879,1.08,81.0,4.3,1217,32382,0.73,0.14,0.68,0.1,0.1,1.12,Support
cajunb,René Borg,,33 years,32080,0.41,29212,1.1,73.5,3.1,1751,45848,0.7,0.12,0.64,0.09,0.1,1.05,AWPer
JW,Jesper Wecksell,EYEBALLERS,27 years,40649,0.36200000000000004,38006,1.07,76.1,4.1,2117,55745,0.73,0.14,0.68,0.08,0.08,1.05,Support
WolfY,Adam Andersson,,24 years,11531,0.33799999999999997,10275,1.12,71.3,3.1,622,16556,0.7,0.1,0.62,0.09,0.1,1.09,AWPer
mou,Rustem Telepov,Forward,31 years,28890,0.27899999999999997,26323,1.1,73.8,4.0,1535,40730,0.71,0.11,0.65,0.08,0.09,1.05,Entry Fragger
tabseN,Johannes Wodarz,BIG,27 years,39469,0.491,37918,1.04,84.5,8.2,2045,54077,0.73,0.16,0.7,0.09,0.09,1.05,Support
Lucky,Philip Ewald,Tricked,20 years,12783,0.39399999999999996,11493,1.11,71.4,3.0,684,18487,0.69,0.09,0.62,0.09,0.1,1.08,
yay,Jaccob Whiteaker,,24 years,12452,0.467,11848,1.05,77.6,3.4,653,17182,0.72,0.13,0.69,0.1,0.11,1.05,AWPer
zeph,Charlie Dodd,,20 years,11209,0.47600000000000003,10609,1.06,79.7,3.9,600,15248,0.74,0.13,0.7,0.1,0.1,1.11,AWPer
REDSTAR,Hristiyan Pironkov,VOYVODA,21 years,13763,0.49,12460,1.1,74.7,4.4,735,19581,0.7,0.12,0.64,0.1,0.1,1.1,AWPer
KRIMZ,Freddy Johansson,fnatic,28 years,34313,0.408,31173,1.1,76.3,4.2,1862,48979,0.7,0.15,0.64,0.09,0.1,1.05,Support
nin9,Yesuntumur Gantulga,NKT,24 years,8361,0.36700000000000005,7578,1.1,75.1,5.0,453,11946,0.7,0.12,0.63,0.08,0.09,1.1,AWPer
SicK,Hunter Mims,,24 years,15002,0.498,13962,1.07,77.7,2.6,795,20701,0.72,0.13,0.67,0.1,0.12,1.05,AWPer
c0llins,Luka Živanović,Partizan,24 years,8087,0.5429999999999999,7624,1.06,79.8,4.8,410,11085,0.73,0.13,0.69,0.09,0.11,1.1,AWPer
NEEX,Sebastian Trela,,26 years,8076,0.313,7502,1.08,71.5,1.6,429,11195,0.72,0.09,0.67,0.08,0.1,1.05,Entry Fragger
juanflatroo,Flatron Halimi,Bad News Eagles,25 years,13627,0.5670000000000001,13109,1.04,82.7,5.4,677,18121,0.75,0.13,0.72,0.09,0.1,1.1,AWPer
loWel,Christian Garcia Antoran,,26 years,18549,0.475,16810,1.1,75.8,4.5,1008,26413,0.7,0.13,0.64,0.09,0.11,1.05,AWPer
MarKE,Edgar Maldonado,Nouns,24 years,17199,0.532,15779,1.09,79.2,5.2,948,24403,0.7,0.15,0.65,0.11,0.12,1.12,Support
Bwills,Brendan Williams,Nouns,21 years,17564,0.506,16291,1.08,78.2,6.4,951,24800,0.71,0.15,0.66,0.11,0.14,1.1,Support
raafa,Rafael Lima,,28 years,11650,0.27399999999999997,10558,1.1,72.4,3.7,640,16832,0.69,0.11,0.63,0.07,0.08,1.07,
Marcelious,Ole Kristian Langan,,23 years,9864,0.314,9197,1.07,74.0,3.2,515,13889,0.71,0.1,0.66,0.1,0.11,1.07,AWPer
sdy,Viktor Orudzhev,Monte,25 years,22065,0.502,20013,1.1,76.5,4.1,1210,31845,0.69,0.13,0.63,0.1,0.11,1.1,AWPer
Zellsis,Jordan Montemurro,,24 years,11657,0.46399999999999997,10854,1.07,79.2,4.8,626,16210,0.72,0.15,0.67,0.1,0.11,1.11,Support
Jeorge,Jeorge  Endicott,EG Black,19 years,7674,0.473,7181,1.07,78.8,5.9,414,10872,0.71,0.15,0.66,0.1,0.11,1.1,Support
nexa,Nemanja Isaković,OG,25 years,24649,0.51,22561,1.09,75.9,4.5,1340,35515,0.69,0.13,0.64,0.1,0.11,1.05,AWPer
rommi,Roman Golubev,Linx Legacy,29 years,9899,0.508,9295,1.06,81.1,3.7,516,13467,0.74,0.14,0.69,0.08,0.1,1.05,Support
rigoN,Rigon Gashi,Bad News Eagles,23 years,9713,0.542,9528,1.02,81.2,3.4,484,12964,0.75,0.13,0.73,0.1,0.1,1.09,AWPer
Flarich,Vadim Karetin,EC Kyiv,26 years,19803,0.5529999999999999,17982,1.1,73.9,3.7,1083,28855,0.69,0.11,0.62,0.08,0.1,1.07,AWPer
cadiaN,Casper Møller,Heroic,27 years,28897,0.27699999999999997,26132,1.11,73.2,4.9,1578,41691,0.69,0.11,0.63,0.09,0.08,1.04,
TeSeS,René Madsen,Heroic,22 years,17790,0.547,16679,1.07,78.1,4.8,935,24938,0.71,0.14,0.67,0.11,0.12,1.1,Support
latto,Bruno Rebelatto,00NATION,20 years,8067,0.46299999999999997,7404,1.09,77.0,6.1,440,11684,0.69,0.14,0.63,0.09,0.11,1.1,Support
phzy,Love Smidebrant,Sangal,20 years,11087,0.28300000000000003,10019,1.11,72.1,2.9,598,16192,0.68,0.1,0.62,0.08,0.09,1.08,
jkaem,Joakim Myrbostad,Apeks,28 years,27536,0.515,26254,1.05,80.3,3.8,1422,37658,0.73,0.14,0.7,0.11,0.1,1.04,Support
fleav,Fodor Levente,Juggernauts,22 years,11342,0.396,10773,1.05,80.0,2.8,590,15468,0.73,0.13,0.7,0.09,0.1,1.09,AWPer
malta,Liam Schembri,VERTEX,27 years,18577,0.39399999999999996,17093,1.09,77.4,3.9,1052,26781,0.69,0.15,0.64,0.09,0.08,1.1,Support
Kjaerbye,Markus Kjærbye,,24 years,28943,0.528,26849,1.08,78.4,3.9,1549,40780,0.71,0.14,0.66,0.09,0.1,1.04,Support
FASHR,Dion Derksen,fnatic,27 years,15366,0.489,14607,1.05,78.8,5.4,811,21491,0.71,0.15,0.68,0.11,0.13,1.1,Support
aumaN,ZhiHong Liu,Take me away,28 years,16141,0.41700000000000004,14919,1.08,80.8,5.8,888,22785,0.71,0.16,0.65,0.08,0.08,1.04,Support
zewsy,Ryan Palmer,,25 years,11142,0.41,10475,1.06,79.0,3.4,618,15666,0.71,0.16,0.67,0.11,0.1,1.04,Support
STOMP,Daniel Płomiński,,28 years,15139,0.261,13810,1.1,73.3,3.9,809,21729,0.7,0.11,0.64,0.08,0.09,1.09,Entry Fragger
skullz,Felipe Medeiros,paiN,20 years,8301,0.54,7668,1.08,75.4,3.9,444,11939,0.7,0.13,0.64,0.1,0.12,1.09,AWPer
motm,Ian Hardy,,23 years,19904,0.503,18804,1.06,76.2,3.4,1055,27749,0.72,0.12,0.68,0.11,0.12,1.09,AWPer
Hiko,Spencer Martin,,32 years,16611,0.539,15079,1.1,71.6,5.0,937,24398,0.68,0.14,0.62,0.1,0.11,1.04,Support
Geniuss,Kritthee Sawatmuang,,24 years,7345,0.564,7036,1.04,78.5,3.3,398,10155,0.72,0.13,0.69,0.11,0.11,1.11,AWPer
DavCost,Vadim Vasilyev,Invictus International,26 years,24540,0.32299999999999995,22611,1.09,73.5,3.2,1335,35173,0.7,0.12,0.64,0.08,0.09,1.04,AWPer
HSK,Hae-Sung Kim,,28 years,9678,0.311,8833,1.1,75.2,4.5,540,13851,0.7,0.14,0.64,0.12,0.12,1.04,Support
Aerial,Jani Jussila,HAVU,29 years,20207,0.413,18982,1.06,77.7,2.8,1066,28493,0.71,0.15,0.67,0.11,0.11,1.1,Support
Swisher,Michael Schmid,ATK,24 years,14723,0.48100000000000004,13958,1.05,79.9,5.5,788,20503,0.72,0.15,0.68,0.1,0.11,1.1,Support
Bubzkji,Lucas Andersen,,24 years,15534,0.508,14571,1.07,80.4,5.4,817,21619,0.72,0.14,0.67,0.09,0.1,1.04,Support
Snax,Janusz Pogorzelski,Let us cook,29 years,40913,0.368,38079,1.07,74.7,4.4,2204,58221,0.7,0.13,0.65,0.08,0.08,1.04,AWPer
ANDROID,Bradley Fodor,,28 years,15394,0.507,14358,1.07,75.7,3.0,835,21741,0.71,0.13,0.66,0.1,0.12,1.04,AWPer
Qikert,Alexey Golubev,Outsiders,24 years,24525,0.562,22698,1.08,76.9,4.9,1338,35353,0.69,0.13,0.64,0.1,0.09,1.1,AWPer
LOVEYY,KunHua Bai,,34 years,12939,0.52,12240,1.06,78.0,3.5,708,17977,0.72,0.15,0.68,0.11,0.11,1.04,Support
land1n,Paulo Felipe,TropiCaos,29 years,14506,0.31,13192,1.1,69.9,2.3,822,21494,0.67,0.1,0.61,0.08,0.09,1.04,AWPer
eraa,Sean Knutsson,Young Ninjas,21 years,13184,0.33399999999999996,12288,1.07,72.8,3.4,692,18724,0.7,0.1,0.66,0.08,0.09,1.06,AWPer
n0rb3r7,David Danielyan,Outsiders,21 years,21527,0.508,20710,1.04,79.2,4.2,1132,30205,0.71,0.13,0.69,0.08,0.07,1.09,AWPer
b0denmaster,Jonathan Bodenmalm,ATK,24 years,12718,0.326,11795,1.08,73.3,4.5,695,18424,0.69,0.11,0.64,0.09,0.08,1.08,AWPer
KHTEX,Dener Barchfield,,26 years,11300,0.45399999999999996,10433,1.08,75.1,4.3,628,16208,0.7,0.13,0.64,0.09,0.1,1.08,AWPer
buster,Timur Tulepov,Cloud9,23 years,22612,0.479,20668,1.09,73.4,3.5,1260,33293,0.68,0.12,0.62,0.08,0.09,1.08,AWPer
Davidp,David Prins,,28 years,14255,0.397,13246,1.08,77.9,7.6,774,20539,0.69,0.14,0.64,0.07,0.08,1.03,Support
tb,BingYuan Li,WDNMD,32 years,11088,0.499,10380,1.07,76.7,3.5,619,15737,0.7,0.15,0.66,0.11,0.11,1.03,Support
TRAVIS,Aleksandr Timkiv,1WIN,25 years,11248,0.54,10704,1.05,78.7,4.4,598,16039,0.7,0.13,0.67,0.09,0.08,1.1,AWPer
dEE,Miloš Marčeta,,27 years,9215,0.32799999999999996,8590,1.07,72.2,2.8,496,13121,0.7,0.1,0.65,0.09,0.1,1.07,AWPer
tarik,Tarik Celik,,27 years,26620,0.37799999999999995,25304,1.05,76.8,2.9,1438,37326,0.71,0.14,0.68,0.11,0.1,1.03,Support
REZ,Fredrik Sterner,Ninjas in Pyjamas,25 years,26216,0.494,24824,1.06,78.0,3.8,1420,37357,0.7,0.14,0.66,0.1,0.1,1.03,Support
flusha,Robin Rönnquist,EYEBALLERS,29 years,37739,0.42,35288,1.07,80.4,9.4,2055,54045,0.7,0.17,0.65,0.09,0.08,1.03,In-Game Leader
NK4Y,Nikola Radushev,,27 years,8697,0.621,8268,1.05,76.3,3.6,480,12325,0.71,0.14,0.67,0.1,0.11,1.07,Support
chawzyyy,Hugo Günther,,17 years,7594,0.4,7091,1.07,74.9,4.2,414,11057,0.69,0.13,0.64,0.09,0.09,1.08,AWPer
Kntz,Krit Chaiprasit,,25 years,10068,0.474,9398,1.07,75.3,2.8,552,14299,0.7,0.12,0.66,0.1,0.11,1.07,AWPer
twist,Simon Eliasson,ex-Finest,28 years,34352,0.415,32636,1.05,76.8,5.1,1830,48686,0.71,0.14,0.67,0.09,0.09,1.03,Support
Subroza,Yassine Taoufik,,25 years,11748,0.484,11373,1.03,80.7,5.2,623,16275,0.72,0.15,0.7,0.09,0.09,1.1,Support
USTILO,Karlo Pivac,,29 years,20989,0.46,20058,1.05,77.5,3.2,1153,29801,0.7,0.14,0.67,0.1,0.1,1.03,Support
DeStiNy,Lucas Bullo,Paquetá,25 years,22063,0.509,21253,1.04,79.0,3.3,1173,30515,0.72,0.14,0.7,0.11,0.1,1.03,Support
yam,Yaman Ergenekon,,34 years,9755,0.34600000000000003,9105,1.07,74.5,4.9,547,14003,0.7,0.13,0.65,0.09,0.09,1.03,AWPer
Swahn,Christopher Swahn,Disconnected,25 years,8895,0.263,8292,1.07,71.9,3.6,487,12836,0.69,0.1,0.65,0.1,0.1,1.07,
znajder,Andreas Lindberg,,29 years,19778,0.479,18708,1.06,76.8,4.3,1050,27577,0.72,0.15,0.68,0.1,0.1,1.03,Support
kabal,Bat-Enkh Batbayar,IHC,27 years,16368,0.45899999999999996,15407,1.06,76.9,4.8,891,23460,0.7,0.13,0.66,0.08,0.09,1.08,AWPer
Relaxa,Joakim Gustafsson,,29 years,21480,0.302,19549,1.1,72.4,4.3,1204,32063,0.67,0.12,0.61,0.09,0.09,1.03,AWPer
DEV7L,Patrik Stuchlík,,26 years,9988,0.342,9406,1.06,72.4,2.7,549,14256,0.7,0.1,0.66,0.09,0.1,1.03,AWPer
refrezh,Ismail Ali,Sprout,25 years,20389,0.488,19247,1.06,74.4,3.5,1101,29432,0.69,0.12,0.65,0.1,0.1,1.07,AWPer
RCF,Rodrigo Figueiredo,Case,22 years,12731,0.425,12113,1.05,74.9,2.9,682,17905,0.71,0.11,0.68,0.1,0.1,1.09,AWPer
Lucky,Lucas Chastang,HEET,24 years,23201,0.415,21714,1.07,76.8,6.5,1266,33837,0.69,0.14,0.64,0.1,0.1,1.09,Support
captainMo,Ke Liu,Steel Helmet,33 years,14956,0.402,14339,1.04,74.2,2.5,814,20980,0.71,0.12,0.68,0.1,0.1,1.03,AWPer
Thomas,Thomas Utting,Into the Breach,25 years,19122,0.413,18150,1.05,81.1,5.6,1011,26883,0.71,0.17,0.68,0.11,0.11,1.11,In-Game Leader
alex,Alejandro Masanet,Movistar Riders,27 years,25291,0.45799999999999996,23800,1.06,76.6,4.6,1374,36411,0.69,0.14,0.65,0.09,0.1,1.03,Support
dobu,Gan-Erdene Batbold,Eruption,23 years,15976,0.545,15342,1.04,79.8,3.7,855,22460,0.71,0.15,0.68,0.1,0.1,1.03,Support
AiyvaN,Ivan Semenets,LeeK,26 years,12747,0.37799999999999995,12169,1.05,74.2,3.2,701,18214,0.7,0.11,0.67,0.1,0.1,1.03,AWPer
J3nsyy,Theis Jensen,MASONIC,22 years,8648,0.324,8004,1.08,69.7,4.4,476,12815,0.67,0.09,0.62,0.09,0.09,1.06,
KENSI,Aleksandr Gurkin,Aurora,21 years,11696,0.537,10869,1.08,74.3,4.8,633,17122,0.68,0.12,0.63,0.09,0.09,1.07,AWPer
sjuush,Rasmus Beck,Heroic,24 years,16762,0.518,15742,1.06,75.5,4.0,928,24525,0.68,0.13,0.64,0.1,0.11,1.09,AWPer
Patsi,Robert Isyanov,Spirit,19 years,11366,0.44299999999999995,11025,1.03,79.7,3.9,592,15920,0.71,0.13,0.69,0.1,0.1,1.09,AWPer
Maden,Pavle Bošković,ENCE,24 years,14935,0.508,14557,1.03,79.3,5.4,777,20742,0.72,0.13,0.7,0.09,0.09,1.08,AWPer
kressy,Marko Đorđević,,26 years,20407,0.479,19240,1.06,75.6,3.8,1106,29606,0.69,0.13,0.65,0.1,0.1,1.07,AWPer
JUST,Tiago Moura,SAW,26 years,18462,0.55,17559,1.05,75.1,5.6,1015,26838,0.69,0.13,0.65,0.09,0.11,1.03,AWPer
stfN,Stefan Seier,,30 years,25135,0.465,23693,1.06,75.6,4.0,1365,36267,0.69,0.14,0.65,0.1,0.12,1.03,Support
JonY BoY,Jonathan Muñoz,VELOX,31 years,7637,0.34600000000000003,7293,1.05,74.9,3.7,426,10943,0.7,0.11,0.67,0.09,0.09,1.03,AWPer
aizy,Philip Aistrup,NtK,26 years,28987,0.504,27794,1.04,75.6,4.3,1574,41456,0.7,0.13,0.67,0.1,0.1,1.03,AWPer
max,Maximiliano Gonzalez,9z,23 years,11742,0.457,11095,1.06,79.2,4.5,633,16790,0.7,0.15,0.66,0.1,0.1,1.11,Support
shuadapai,Wei Wang,R-Stars,32 years,9880,0.524,9388,1.05,76.0,3.5,549,14214,0.7,0.14,0.66,0.11,0.11,1.08,Support
rain,Håvard Nygaard,FaZe,28 years,31777,0.56,30898,1.03,79.9,3.7,1691,44804,0.71,0.15,0.69,0.1,0.09,1.03,Support
RIKO,Dylan Sabin-Arnce,,26 years,7573,0.527,7418,1.02,77.6,3.4,406,10568,0.72,0.13,0.7,0.1,0.11,1.06,AWPer
Maluk3,Pedro Campos,TeamOne,32 years,21144,0.289,19754,1.07,72.5,5.4,1184,30686,0.69,0.11,0.64,0.09,0.08,1.08,
food,Victor Wong,,26 years,8248,0.502,7868,1.05,77.2,3.9,456,11711,0.7,0.14,0.67,0.11,0.11,1.03,Support
dennis,Dennis Edman,,32 years,29932,0.544,28801,1.04,76.5,4.0,1580,41962,0.71,0.12,0.69,0.09,0.1,1.03,AWPer
Forester,Igor Bezotecheskiy,1WIN,23 years,23686,0.537,22552,1.05,76.5,3.4,1280,34135,0.69,0.13,0.66,0.09,0.09,1.08,AWPer
DiMKE,Dimitrije Veljković,ex-4glory,29 years,12294,0.46799999999999997,11815,1.04,78.9,4.4,663,17460,0.7,0.15,0.68,0.11,0.12,1.02,Support
hoody,Aaro Peltokangas,,24 years,10871,0.496,10469,1.04,77.2,3.7,575,15453,0.7,0.13,0.68,0.09,0.1,1.07,AWPer
juho,Juho Lampinen,,27 years,14787,0.46,14640,1.01,78.5,2.4,774,20351,0.73,0.14,0.72,0.1,0.09,1.02,Support
Blytz,Raul Gligor,Let us cook,22 years,8316,0.51,8079,1.03,79.0,4.4,437,11709,0.71,0.14,0.69,0.1,0.11,1.08,Support
CyberFocus,Roman Dergach,,28 years,9080,0.297,8760,1.04,74.2,2.0,491,12779,0.71,0.11,0.69,0.08,0.08,1.02,Entry Fragger
kai,Kaique Guidotti,,27 years,8814,0.353,8399,1.05,75.9,4.4,483,12692,0.69,0.14,0.66,0.09,0.11,1.07,Support
imoRR,Ömer Karataş,Eternal Fire,23 years,14998,0.505,14816,1.01,78.9,4.4,780,20939,0.72,0.13,0.71,0.11,0.09,1.1,AWPer
pashaBiceps,Jarosław Jarząbkowski,,34 years,29557,0.373,28568,1.03,72.4,4.2,1597,41346,0.71,0.13,0.69,0.08,0.08,1.02,AWPer
AMANEK,François Delaunay,LDLC,29 years,20404,0.457,19122,1.07,74.9,4.7,1121,30127,0.68,0.13,0.63,0.09,0.09,1.02,AWPer
smiley,Algat Abdul,Unique,25 years,8764,0.28800000000000003,8133,1.08,72.5,3.3,478,12883,0.68,0.1,0.63,0.08,0.09,1.07,
kolor,Ádám Domoszlay,Rapid Ninjas,23 years,10692,0.27699999999999997,10344,1.03,73.1,2.1,579,15144,0.71,0.11,0.68,0.1,0.12,1.05,Entry Fragger
dragonfly,Jacob Lund,ex-Maknitude,26 years,9094,0.251,8592,1.06,70.8,3.1,507,13234,0.69,0.09,0.65,0.09,0.08,1.06,
niko,Nikolaj Kristensen,OG,24 years,22342,0.495,21267,1.05,75.1,4.3,1224,32371,0.69,0.13,0.66,0.1,0.11,1.02,AWPer
jdm64,Josh Marzano,,32 years,14626,0.23600000000000002,13801,1.06,70.1,2.9,823,21321,0.69,0.1,0.65,0.1,0.09,1.02,
fnx,Lincoln Lau,,33 years,12323,0.49700000000000005,11661,1.06,78.4,5.9,690,17759,0.69,0.16,0.66,0.08,0.08,1.02,Support
MonttY,Martin Melišek,,23 years,9507,0.466,9169,1.04,77.3,1.9,522,13451,0.71,0.14,0.68,0.11,0.11,1.02,Support
FANAT ROCKA,Vasiliy Trusov,,31 years,8262,0.271,7809,1.06,71.8,2.8,465,12150,0.68,0.11,0.64,0.08,0.09,1.02,
disco doplan,Joakim Gidetun,,27 years,22193,0.439,21099,1.05,76.1,3.6,1207,32000,0.69,0.13,0.66,0.09,0.1,1.02,AWPer
HS,Kevin Tarn,,26 years,20451,0.49200000000000005,20042,1.02,78.4,5.0,1077,28801,0.71,0.15,0.7,0.1,0.11,1.02,Support
Nico,Nicolaj Jensen,,31 years,6738,0.26,6191,1.09,80.6,4.9,399,10074,0.67,0.12,0.61,0.08,0.14,1.02,
bondik,Vladyslav Nechyporchuk,,29 years,26616,0.47700000000000004,25160,1.06,74.5,5.3,1470,38637,0.69,0.13,0.65,0.09,0.1,1.02,AWPer
mouz,Mikołaj Karolewski,,27 years,31408,0.502,29667,1.06,74.1,3.2,1720,45715,0.69,0.13,0.65,0.09,0.1,1.02,AWPer
cxzi,Danny Strzelczyk,Vendetta,22 years,10950,0.364,10867,1.01,80.8,5.3,582,15179,0.72,0.15,0.72,0.1,0.08,1.09,Support
qqGOD,Phoomphat Phodjanat,LZ,25 years,10674,0.409,10394,1.03,79.2,3.3,584,15180,0.7,0.16,0.68,0.09,0.09,1.02,Support
MoeycQ,Mohammed Tizani,,30 years,11650,0.369,11240,1.04,75.2,5.1,639,16594,0.7,0.12,0.68,0.09,0.09,1.02,AWPer
fl0m,Erik Flom,Mythic,30 years,13681,0.309,13053,1.05,73.8,3.6,744,19669,0.7,0.12,0.66,0.1,0.1,1.02,AWPer
Snakes,Ryan Amann,Strife,20 years,8369,0.42200000000000004,7994,1.05,74.9,4.6,473,12195,0.69,0.13,0.66,0.1,0.1,1.07,AWPer
jedqr,Grzegorz Jędras,AGO,24 years,16835,0.532,16041,1.05,77.4,6.2,902,24360,0.69,0.15,0.66,0.1,0.11,1.08,Support
spargo,Jarkko Rahja,,21 years,10362,0.322,9899,1.05,69.3,2.4,556,15157,0.68,0.09,0.65,0.09,0.09,1.05,
spaze,Ivan Obrezhan,MayBe,25 years,10281,0.52,10192,1.01,75.9,2.6,538,14117,0.73,0.14,0.72,0.1,0.11,1.02,Support
v1c7oR,Viktor Dyankov,,28 years,34344,0.46299999999999997,33163,1.04,76.6,4.5,1891,49359,0.7,0.16,0.67,0.12,0.11,1.02,Support
Kylar,Kacper Walukiewicz,9INE,23 years,13701,0.5820000000000001,13167,1.04,73.7,4.5,741,19980,0.69,0.12,0.66,0.09,0.11,1.06,AWPer
Goofy,Krzysiek Gorski,9INE,22 years,23906,0.409,23411,1.02,78.1,4.7,1258,34048,0.7,0.15,0.69,0.1,0.11,1.08,Support
Voltage,Logan Long,,22 years,7494,0.28600000000000003,6923,1.08,67.5,2.8,444,11421,0.66,0.09,0.61,0.09,0.1,1.05,
Ace,Brandon Winn,,27 years,7922,0.314,7352,1.08,68.5,2.3,456,11866,0.67,0.1,0.62,0.09,0.1,1.06,AWPer
Markoś,Kuba Markowski,EC Brugge,24 years,13622,0.304,12726,1.07,71.9,3.3,752,20191,0.67,0.11,0.63,0.08,0.08,1.06,AWPer
dimasick,Dmitry Matvienko,,26 years,10747,0.491,10300,1.04,75.9,3.5,585,15322,0.7,0.12,0.67,0.08,0.09,1.06,AWPer
queztone,Richard Strnátko,,26 years,13135,0.447,12900,1.02,77.1,3.2,709,18569,0.71,0.14,0.69,0.1,0.1,1.02,Support
glowiing,Aleksandr Matsievich,,29 years,11201,0.5479999999999999,11040,1.01,79.4,5.1,588,15752,0.71,0.13,0.7,0.09,0.09,1.07,AWPer
ROBO,Vladimir Neskey,,30 years,12328,0.456,11700,1.05,74.0,2.7,667,17746,0.69,0.11,0.66,0.09,0.1,1.02,AWPer
steel,Joshua Nissan,,33 years,11498,0.457,11237,1.02,80.0,4.8,616,16284,0.71,0.15,0.69,0.09,0.08,1.02,Support
aidKiT,Jane Apostoloski,BLUEJAYS,21 years,8409,0.40299999999999997,8008,1.05,70.9,2.9,460,12296,0.68,0.1,0.65,0.08,0.08,1.05,AWPer
KalubeR,Kalin Erenditsov,Partizan,22 years,7696,0.513,7425,1.04,74.6,4.2,415,11198,0.69,0.12,0.66,0.09,0.11,1.05,AWPer
fr0slev,Magnus Frøslev,Sashi,25 years,11143,0.48,10673,1.04,78.1,4.7,611,15973,0.7,0.14,0.67,0.1,0.12,1.08,Support
LETN1,Nestor Tanić,TYLOO,30 years,19347,0.496,18183,1.06,72.8,3.6,1111,28880,0.67,0.13,0.63,0.1,0.1,1.02,AWPer
TENZKI,Jesper Plougmann,,28 years,27151,0.53,25818,1.05,76.8,4.4,1504,39564,0.69,0.14,0.65,0.09,0.1,1.02,Support
Jyo,Rassim Valijev,K23,28 years,23086,0.408,21922,1.05,75.2,5.6,1259,33762,0.68,0.13,0.65,0.1,0.09,1.08,AWPer
flamie,Egor Vasilyev,,25 years,31244,0.546,30047,1.04,74.3,3.9,1710,45289,0.69,0.14,0.66,0.09,0.09,1.02,Support
Spongey,Gabe Greiner,,23 years,14481,0.509,13464,1.08,71.3,4.4,843,21895,0.66,0.12,0.61,0.1,0.11,1.06,AWPer
fox,Ricardo Pacheco,,36 years,19461,0.321,18938,1.03,75.5,3.2,1058,27636,0.7,0.13,0.69,0.1,0.09,1.02,AWPer
n0thing,Jordan Gilbert,,32 years,14720,0.526,14236,1.03,74.9,5.0,813,21021,0.7,0.15,0.68,0.1,0.1,1.02,Support
FaNg,Justin Coakley,Complexity,20 years,13851,0.56,13339,1.04,75.8,3.9,757,19746,0.7,0.12,0.68,0.11,0.1,1.08,AWPer
roca,Daniel Gustaferri,,27 years,12336,0.514,12141,1.02,76.4,3.0,660,17324,0.71,0.13,0.7,0.1,0.11,1.02,AWPer
Tuurtle,Matheus Anhaia,MIBR,24 years,16497,0.556,15952,1.03,76.4,3.0,904,23758,0.69,0.14,0.67,0.11,0.11,1.08,Support
F1KU,Maciej Miklas,OG,19 years,13112,0.547,12843,1.02,76.8,4.9,700,19042,0.69,0.13,0.67,0.1,0.09,1.06,AWPer
mar,Martin Kuyumdjiev,,25 years,14217,0.483,13802,1.03,78.8,6.6,767,20359,0.7,0.14,0.68,0.1,0.1,1.08,Support
flickz,Sam Jones,,32 years,7997,0.483,7643,1.05,78.9,5.3,462,11642,0.69,0.16,0.66,0.08,0.08,1.08,Support
NBK-,Nathan Schmitt,Falcons,28 years,39379,0.539,38381,1.03,76.6,3.5,2177,57166,0.69,0.15,0.67,0.1,0.08,1.01,Support
sLowi,Olli Pitkänen,JANO,26 years,22674,0.521,22070,1.03,76.5,4.8,1223,32824,0.69,0.14,0.67,0.09,0.09,1.01,Support
Zyphon,Rasmus Nordfoss,Sprout,19 years,9612,0.511,9243,1.04,75.6,3.0,521,13872,0.69,0.12,0.67,0.09,0.11,1.07,AWPer
chrisJ,Chris de Jong,,32 years,31011,0.415,29926,1.04,70.1,3.3,1727,45400,0.68,0.11,0.66,0.1,0.08,1.01,AWPer
xCeeD,Jack Holiman,,22 years,8222,0.441,8049,1.02,75.4,3.1,457,11806,0.7,0.13,0.68,0.11,0.11,1.07,AWPer
iDk,Victor Torraca,TeamOne,24 years,17828,0.478,17190,1.04,77.6,4.8,992,25824,0.69,0.15,0.67,0.1,0.09,1.08,Support
Krad,Vladislav Kravchenko,forZe,24 years,24467,0.48700000000000004,23932,1.02,76.8,4.9,1326,35451,0.69,0.14,0.68,0.09,0.09,1.06,Support
Lekr0,Jonas Olofsson,,29 years,24167,0.516,23353,1.03,76.6,3.9,1308,34956,0.69,0.14,0.67,0.09,0.09,1.01,Support
b0RUP,Johannes Borup,Copenhagen Flames,23 years,27880,0.633,27325,1.02,73.3,4.7,1529,40686,0.69,0.12,0.67,0.1,0.1,1.01,AWPer
desi,Derek Branchen,,30 years,7826,0.515,7727,1.01,75.6,2.9,430,10986,0.71,0.13,0.7,0.09,0.1,1.01,AWPer
es3tag,Patrick Hansen,Ninjas in Pyjamas,27 years,24633,0.355,23816,1.03,75.9,5.1,1378,36090,0.68,0.15,0.66,0.1,0.1,1.01,Support
1962,Gabriel Sinopoli,,27 years,10818,0.537,10801,1.0,76.8,3.8,586,15244,0.71,0.13,0.71,0.11,0.1,1.07,AWPer
j3kie,Evgeniy Sergachev,IKLA,22 years,7593,0.634,7469,1.02,75.1,3.9,405,10932,0.69,0.11,0.68,0.08,0.08,1.05,AWPer
Xyp9x,Andreas Højsleth,Astralis,27 years,35688,0.41600000000000004,33492,1.07,74.4,6.1,2082,54426,0.66,0.16,0.62,0.09,0.09,1.01,Support
Plopski,Nicolas Gonzalez Zamora,GODSENT,20 years,19762,0.41700000000000004,18976,1.04,76.4,4.9,1083,28714,0.69,0.14,0.66,0.1,0.11,1.08,Support
EasTor,Rajohn Linato,,29 years,9077,0.285,8699,1.04,68.8,2.8,503,13375,0.68,0.09,0.65,0.1,0.1,1.01,
mitch,Mitch Semago,,26 years,14179,0.444,13547,1.05,76.8,4.0,807,20719,0.68,0.14,0.65,0.1,0.11,1.01,Support
yel,Gustavo Knittel,Paquetá,30 years,17177,0.305,16183,1.06,71.4,3.1,986,25612,0.67,0.11,0.63,0.09,0.09,1.01,AWPer
roseau,Baskoro Dwi Putra,,29 years,7505,0.40299999999999997,7421,1.01,77.8,3.0,418,10537,0.71,0.15,0.7,0.11,0.11,1.01,Support
Maikelele,Mikail Bill,,31 years,18983,0.37,18042,1.05,73.3,4.8,1075,28357,0.67,0.14,0.64,0.09,0.09,1.01,Support
stadodo,Renato Gonçalves,FTW,26 years,15576,0.395,14842,1.05,73.5,5.6,874,23129,0.67,0.13,0.64,0.09,0.09,1.08,AWPer
Noobster,Andy Zhang,,26 years,8741,0.345,8534,1.02,73.2,4.0,495,12785,0.68,0.12,0.67,0.09,0.09,1.01,AWPer
Viva,Lifan Ran,,22 years,10605,0.46,10125,1.05,71.9,2.7,597,15834,0.67,0.12,0.64,0.1,0.11,1.06,AWPer
byali,Paweł Bieliński,,28 years,35932,0.517,34623,1.04,76.3,3.6,1957,51488,0.7,0.14,0.67,0.09,0.1,1.01,Support
tatazin,Alef Pereira,TropiCaos,28 years,14035,0.46299999999999997,13015,1.08,70.1,3.3,824,21596,0.65,0.11,0.6,0.08,0.09,1.05,Lurker
MisteM,Gareth Ries,ATK,21 years,8557,0.521,8472,1.01,75.2,4.6,477,12460,0.69,0.12,0.68,0.09,0.09,1.05,AWPer
obj,Francisco Ramos,,27 years,7278,0.316,6855,1.06,69.9,2.9,418,10936,0.67,0.11,0.63,0.09,0.09,1.01,AWPer
shokz,Kristjan Jakobson,ex-Finest,25 years,13339,0.537,12917,1.03,74.3,3.5,735,19722,0.68,0.12,0.65,0.08,0.09,1.06,AWPer
spyleadeR,Emiliyan Dimitrov,TENSTAR,33 years,16860,0.423,16777,1.0,81.0,4.6,900,23255,0.73,0.18,0.72,0.1,0.08,1.01,In-Game Leader
PlesseN,Niclas Plessen,,24 years,26698,0.544,26580,1.0,80.3,5.7,1405,37814,0.71,0.15,0.7,0.1,0.09,1.01,Support
SHOCK,Max Kvapil,SINNERS,22 years,16174,0.551,15641,1.03,73.0,3.6,895,24020,0.67,0.11,0.65,0.08,0.09,1.04,AWPer
kreaz,Rasmus Johansson,,24 years,14091,0.469,13506,1.04,75.6,4.5,782,20862,0.68,0.14,0.65,0.09,0.1,1.01,Support
Jinxx,Chris Moseley,,25 years,7171,0.527,6866,1.04,72.3,3.8,407,10684,0.67,0.12,0.64,0.1,0.13,1.04,AWPer
mirbit,Sabit Coktasar,Nordavind,26 years,15351,0.44,14425,1.06,73.5,5.7,866,23162,0.66,0.13,0.62,0.09,0.09,1.06,AWPer
hampus,Hampus Poser,Ninjas in Pyjamas,24 years,26383,0.40399999999999997,26188,1.01,79.7,4.4,1418,37698,0.7,0.15,0.69,0.08,0.08,1.01,Support
Norwi,Evgeny Ermolin,Aurora,21 years,8977,0.49200000000000005,8690,1.03,72.9,4.5,499,13412,0.67,0.12,0.65,0.1,0.1,1.05,AWPer
szejn,Hubert Światły,,21 years,10829,0.517,10650,1.02,76.5,3.9,590,15762,0.69,0.13,0.68,0.09,0.09,1.05,AWPer
Nodios,Magnus Olsen,Tricked,23 years,16537,0.54,15909,1.04,75.7,5.1,908,24413,0.68,0.13,0.65,0.1,0.11,1.01,AWPer
JDC,Jon de Castro,MOUZ,22 years,10476,0.51,10269,1.02,75.3,3.2,585,15354,0.68,0.12,0.67,0.1,0.1,1.05,AWPer
NENO,Anel Ceković,BLUEJAYS,29 years,12487,0.424,11965,1.04,74.6,4.6,707,18274,0.68,0.14,0.65,0.09,0.09,1.01,Support
Friis,Michael Jørgensen,,33 years,16356,0.263,15609,1.05,69.4,2.4,938,24254,0.67,0.11,0.64,0.09,0.08,1.01,
Polt,Vadim Tsyrov,Insilio,28 years,9828,0.493,9378,1.05,78.1,3.6,537,14234,0.69,0.14,0.66,0.08,0.09,1.07,Support
dazzLe,Will Loafman,,27 years,12753,0.42,12761,1.0,80.9,3.5,690,17971,0.71,0.16,0.71,0.1,0.09,1.08,Support
delboNi,Felipe Delboni,Flamengo,25 years,10610,0.446,10320,1.03,74.7,3.8,597,15527,0.68,0.13,0.66,0.1,0.11,1.04,AWPer
ayaya,YangYang Zheng,After,24 years,8333,0.40299999999999997,8231,1.01,78.0,2.7,462,11695,0.71,0.14,0.7,0.09,0.09,1.01,Support
apEX,Dan Madesclaire,Vitality,29 years,38627,0.515,38338,1.01,78.1,5.2,2088,54865,0.7,0.16,0.7,0.1,0.09,1.01,Support
GruBy,Dominik Swiderski,,27 years,32996,0.424,32427,1.02,77.8,3.4,1804,47970,0.69,0.15,0.68,0.1,0.1,1.01,Support
Svedjehed,Leo Svedjehed,,19 years,8573,0.442,8277,1.04,74.6,3.9,465,12647,0.68,0.13,0.65,0.08,0.1,1.04,AWPer
HUGHMUNGUS,Hugh Anderson,Hello Kitten,22 years,14473,0.506,14038,1.03,74.3,4.8,823,21329,0.68,0.13,0.66,0.1,0.11,1.05,AWPer
Stewie2K,Jake Yip,,25 years,27664,0.494,27288,1.01,77.6,5.1,1525,39802,0.7,0.14,0.69,0.1,0.08,1.01,Support
kalinka,Nikolaj Rysakov,,28 years,16112,0.528,15955,1.01,76.6,3.8,855,22891,0.7,0.12,0.7,0.09,0.09,1.01,AWPer
grux,Denis Gutaj,,23 years,9212,0.6709999999999999,8982,1.03,73.8,2.9,496,13236,0.7,0.11,0.68,0.1,0.11,1.04,AWPer
SIXER,Christophe Xia,GenOne,31 years,20161,0.386,18939,1.06,70.1,2.7,1153,30448,0.66,0.11,0.62,0.09,0.1,1.01,AWPer
to1nou,Antoine Pirard,FiveG,27 years,15196,0.305,14676,1.04,68.8,2.2,850,22377,0.68,0.1,0.66,0.09,0.1,1.01,AWPer
clax,Timur Sabirov,,20 years,8278,0.5479999999999999,8003,1.03,73.9,4.5,460,12263,0.68,0.11,0.65,0.08,0.1,1.04,AWPer
jR,Dmitriy Chervak,Run or Die,29 years,16101,0.34,15547,1.04,71.6,3.3,892,23804,0.68,0.11,0.65,0.08,0.07,1.01,AWPer
DickStacy,Ollie Tierney,,25 years,10559,0.489,10216,1.03,73.6,4.6,625,15744,0.67,0.15,0.65,0.11,0.09,1.08,Support
DESPE,Çağatay Sedef,,29 years,8068,0.298,7748,1.04,68.7,2.5,468,12127,0.67,0.11,0.64,0.08,0.08,1.01,
pesadelo,Matheus Panisset,TeamOne,23 years,13401,0.447,13353,1.0,77.5,6.4,736,19173,0.7,0.14,0.7,0.1,0.1,1.05,Support
kioShiMa,Fabien Fiey,,28 years,26259,0.513,24967,1.05,74.0,5.2,1495,39250,0.67,0.15,0.64,0.08,0.09,1.01,Support
capseN,Lukáš Koláčný,ECLOT,23 years,8300,0.276,7825,1.06,68.3,2.5,477,12701,0.65,0.1,0.62,0.08,0.08,1.03,
FugLy,Jacob Medina,,28 years,18921,0.434,18300,1.03,73.5,3.5,1083,28153,0.67,0.13,0.65,0.1,0.11,1.01,AWPer
emagine,Chris Rowlands,,31 years,12837,0.45899999999999996,12350,1.04,73.6,4.8,751,18931,0.68,0.14,0.65,0.1,0.09,1.01,Support
Nifty,Noah Francis,4ORMULA,25 years,15522,0.363,15200,1.02,70.3,3.2,875,22953,0.68,0.09,0.66,0.1,0.09,1.01,
HexT,Jadan Postma,Evil Geniuses,21 years,10380,0.496,10210,1.02,76.2,4.7,562,14914,0.7,0.14,0.68,0.12,0.12,1.08,Support
MINISE,Jacek Jeziak,,29 years,34615,0.397,34010,1.02,73.9,4.9,1871,49905,0.69,0.12,0.68,0.08,0.07,1.0,AWPer
reatz,Paweł Jańczak,,28 years,29166,0.516,28507,1.02,73.9,2.8,1579,42452,0.69,0.12,0.67,0.1,0.11,1.0,AWPer
J0LZ,David Jolin,Strife,22 years,9337,0.485,9249,1.01,78.5,4.7,504,13281,0.7,0.13,0.7,0.09,0.09,1.06,AWPer
waterfaLLZ,Nikita Matveyev,,27 years,16509,0.271,16171,1.02,72.5,3.2,906,24053,0.69,0.12,0.67,0.09,0.08,1.0,
pounh,Eimantas Lazickas,,25 years,7289,0.495,7198,1.01,75.9,2.1,401,10552,0.69,0.13,0.68,0.09,0.09,1.04,AWPer
Zero,Patrik Žúdel,SINNERS,24 years,21821,0.491,20891,1.04,72.0,2.5,1225,32604,0.67,0.12,0.64,0.09,0.11,1.0,AWPer
ap0c,Mike Aliferis,Encore,35 years,16981,0.51,16854,1.01,76.9,4.9,954,24425,0.7,0.14,0.69,0.1,0.09,1.0,Support
Edward,Ioann Sukhariev,,35 years,27139,0.511,26366,1.03,72.4,2.9,1495,39373,0.69,0.13,0.67,0.09,0.09,1.0,AWPer
zqkS,Caio Fonseca,Flamengo,30 years,14240,0.289,13496,1.06,69.5,3.9,833,21607,0.66,0.11,0.62,0.09,0.09,1.0,
arT,Andrei Piovezan,FURIA,26 years,19238,0.35,19249,1.0,77.9,3.8,1050,27291,0.7,0.14,0.71,0.1,0.07,1.09,Support
Relyks,Skyler Weaver,,28 years,14589,0.488,14428,1.01,73.9,5.6,832,21258,0.69,0.12,0.68,0.1,0.1,1.0,AWPer
glace,Nicolai Jensen,,29 years,10395,0.522,10029,1.04,74.4,4.1,589,15307,0.68,0.14,0.66,0.09,0.1,1.0,Support
Oderus,Chad Miller,,23 years,8738,0.34299999999999997,8790,0.99,72.3,1.8,473,12356,0.71,0.09,0.71,0.1,0.1,1.04,
1uke,Aleksey Zimin,,30 years,11017,0.264,10794,1.02,71.6,2.2,623,16179,0.68,0.09,0.67,0.08,0.07,1.0,
almazer,Almaz Asadullin,NASR,24 years,24049,0.518,23425,1.03,74.4,4.1,1334,35805,0.67,0.13,0.65,0.1,0.09,1.06,AWPer
xseveN,Sami Laasanen,HAVU,28 years,25191,0.46799999999999997,24719,1.02,78.5,6.1,1400,37228,0.68,0.16,0.66,0.09,0.09,1.0,Support
kenzor,Leonard Volodarchuk,LeeK,25 years,10913,0.55,10856,1.01,76.6,2.6,605,15796,0.69,0.13,0.69,0.1,0.11,1.05,AWPer
innocent,Paweł Mocek,Anonymo,29 years,34362,0.45899999999999996,33914,1.01,76.9,5.2,1881,49798,0.69,0.14,0.68,0.09,0.09,1.0,Support
hazed,James Cobb,,33 years,13273,0.498,13354,0.99,78.3,4.1,736,19138,0.69,0.15,0.7,0.09,0.08,1.0,Support
xiaosaGe,Peng Song,Steel Helmet,33 years,15686,0.47700000000000004,15651,1.0,80.0,5.2,847,22333,0.7,0.16,0.7,0.11,0.1,1.08,Support
magixx,Boris Vorobiev,Spirit,19 years,12337,0.569,11902,1.04,70.8,3.9,714,18940,0.65,0.11,0.63,0.1,0.1,1.05,AWPer
cbbk,Thotsaphon Suphatthanaphalaphon,,28 years,7029,0.512,6866,1.02,75.6,4.3,404,10342,0.68,0.15,0.66,0.1,0.1,1.06,Support
speed4k,Anton Titov,,26 years,14881,0.405,14354,1.04,69.7,2.9,840,22566,0.66,0.11,0.64,0.09,0.09,1.04,AWPer
ImpressioN,Anthony Lim,,27 years,12159,0.489,12028,1.01,76.8,4.2,684,17721,0.69,0.15,0.68,0.1,0.11,1.0,Support
KILLDREAM,Joao Ferreira,,30 years,7851,0.442,7867,1.0,81.9,3.4,429,11159,0.7,0.16,0.7,0.1,0.11,1.0,Support
RoLEX,Warittorn Kalanukarn,,22 years,8834,0.512,8801,1.0,78.6,3.2,492,12610,0.7,0.14,0.7,0.09,0.09,1.06,Support
zeff,Min-Seok Park,,34 years,8381,0.42,8327,1.01,77.8,4.9,482,12229,0.69,0.17,0.68,0.13,0.11,1.0,In-Game Leader
R0b3n,Roberts Čigauskis,Looking For Org,21 years,9481,0.49700000000000005,9273,1.02,74.4,3.0,530,13950,0.68,0.12,0.66,0.09,0.1,1.04,AWPer
deco,Marcos Amato,BESTIA,25 years,8345,0.495,8228,1.01,76.9,4.6,463,12313,0.68,0.15,0.67,0.11,0.11,1.07,Support
cromen,Jorgen Robertsen,,27 years,11785,0.528,11718,1.01,74.0,3.6,653,17335,0.68,0.13,0.68,0.11,0.11,1.0,AWPer
adreN,Eric Hoag,Liquid,32 years,12259,0.353,11879,1.03,76.5,5.7,697,18241,0.67,0.15,0.65,0.1,0.12,1.0,Support
Basso,Sebastian Aagaard,Atlantic,24 years,10412,0.53,10144,1.03,70.0,3.5,600,15732,0.66,0.1,0.64,0.09,0.1,1.0,AWPer
Tsogoo,Tsog Mashbat,Mazaalai,28 years,8991,0.529,8916,1.01,76.9,3.3,502,12846,0.7,0.14,0.69,0.1,0.1,1.0,Support
void,Cooper Farrell,,21 years,7854,0.4,7727,1.02,74.1,2.8,437,11368,0.69,0.13,0.68,0.1,0.11,1.03,AWPer
pyth,Jacob Mourujärvi,,29 years,13677,0.56,13682,1.0,70.3,4.1,756,19801,0.69,0.13,0.69,0.1,0.1,1.0,AWPer
MODDII,Andreas Fridh,,33 years,20585,0.524,20184,1.02,74.6,3.6,1170,30550,0.67,0.13,0.66,0.08,0.08,1.0,AWPer
cam,Cameron Kern,,24 years,9454,0.508,9285,1.02,75.3,5.4,544,13974,0.68,0.15,0.66,0.12,0.12,1.06,Support
dzt,Denis Fischer,TropiCaos,26 years,12786,0.466,12661,1.01,75.4,3.9,723,18717,0.68,0.13,0.68,0.1,0.09,1.0,AWPer
supra,Anton Tšernobai,Boston crab,21 years,10340,0.585,10261,1.01,72.7,5.3,579,15577,0.66,0.12,0.66,0.1,0.1,1.05,AWPer
Vegi,Arek Nawojski,Anonymo,22 years,17250,0.48100000000000004,17331,1.0,77.0,3.6,901,24777,0.7,0.13,0.7,0.1,0.1,1.05,AWPer
Noktse,Nicolás Dávila,BESTIA,30 years,15500,0.39,15205,1.02,74.0,4.7,881,23055,0.67,0.13,0.66,0.09,0.09,1.06,AWPer
fenvicious,Evgeny Mitsik,farfaraway,28 years,13559,0.528,13514,1.0,75.5,2.4,751,19647,0.69,0.12,0.69,0.09,0.09,1.0,AWPer
mds,Aleksandr Rubets,Websterz,24 years,21378,0.5329999999999999,20921,1.02,72.4,2.8,1191,31881,0.67,0.11,0.66,0.09,0.09,1.04,AWPer
vice,Daniel Kim,,27 years,8668,0.494,8540,1.01,75.9,3.1,493,12707,0.68,0.14,0.67,0.12,0.11,1.0,Support
ragga,Cosmin Teodorescu,Nexus,22 years,8955,0.433,8971,1.0,74.8,3.7,481,13058,0.69,0.12,0.69,0.1,0.1,1.04,AWPer
CYPHER,Cai Watson,Into the Breach,20 years,8076,0.518,8190,0.99,78.1,4.2,424,11553,0.7,0.14,0.71,0.11,0.1,1.08,Support
wiz,Jerric Jiang,Evil Geniuses,21 years,10507,0.282,10150,1.04,69.5,4.4,601,15940,0.66,0.1,0.64,0.09,0.09,1.03,
morelz,Piotr Taterka,Illuminar,28 years,22774,0.466,22840,1.0,77.6,3.3,1223,32601,0.7,0.13,0.7,0.09,0.09,1.0,AWPer
Bååten,Linus Andersson,,23 years,13380,0.5660000000000001,13360,1.0,74.1,3.7,743,19804,0.68,0.12,0.67,0.1,0.11,0.99,AWPer
STYKO,Martin Styk,Apeks,26 years,29465,0.5760000000000001,29055,1.01,74.2,5.0,1674,44263,0.67,0.13,0.66,0.09,0.08,0.99,AWPer
kyxsan,Damjan Stoilkovski,Apeks,22 years,8419,0.46299999999999997,8387,1.0,76.4,7.2,466,12440,0.68,0.14,0.67,0.1,0.09,1.06,Support
SZPERO,Grzegorz Dziamałek,Anonymo,31 years,38881,0.336,38159,1.02,72.0,3.4,2170,57527,0.68,0.12,0.66,0.08,0.07,0.99,AWPer
freddieb,Fredrik Buö,,28 years,20728,0.529,20548,1.01,77.0,4.2,1135,30119,0.69,0.14,0.68,0.09,0.09,0.99,Support
SEMPHIS,Kory Friesen,Nouns,33 years,15472,0.365,15505,1.0,73.6,3.1,848,21936,0.71,0.14,0.71,0.1,0.1,0.99,Support
dephh,Rory Jackson,,31 years,14252,0.47600000000000003,14484,0.98,80.6,4.9,768,20106,0.71,0.16,0.72,0.11,0.1,0.99,Support
siuhy,Kamil Szkaradek,GamerLegion,20 years,11328,0.53,11429,0.99,77.2,4.7,608,16359,0.69,0.13,0.7,0.1,0.08,1.05,AWPer
YDNA,Andrew Adams,rewound,24 years,7636,0.389,7533,1.01,71.0,2.9,435,11265,0.68,0.11,0.67,0.09,0.1,1.03,AWPer
gMd,Anthony Guimond,,22 years,8389,0.535,8436,0.99,75.4,3.5,464,12098,0.69,0.14,0.7,0.11,0.11,1.05,Support
ALEX,Alex McMeekin,,27 years,21407,0.473,21779,0.98,76.3,3.5,1162,30750,0.7,0.13,0.71,0.1,0.09,0.99,AWPer
robiin,Robin Sjögren,Into the Bin,28 years,28482,0.479,28531,1.0,80.1,8.6,1557,41473,0.69,0.17,0.69,0.11,0.1,0.99,In-Game Leader
markeloff,Yegor Markelov,,35 years,19839,0.41600000000000004,19354,1.03,74.4,5.0,1146,29704,0.67,0.15,0.65,0.08,0.09,0.99,Support
Puls3,Reece Marrs,Max&BigGarlicDips,29 years,7860,0.433,7786,1.01,74.7,3.8,436,11572,0.68,0.15,0.67,0.11,0.12,0.99,Support
JIaYm,Nikita Panyushkin,Forward,24 years,11001,0.526,11264,0.98,79.3,4.4,569,15438,0.71,0.14,0.73,0.1,0.1,1.05,Support
neptune,Jason Tran,,20 years,9091,0.5539999999999999,9114,1.0,74.8,3.1,498,13218,0.69,0.13,0.69,0.11,0.1,1.04,AWPer
xelos,Jerry Råberg,Lemondogs,30 years,7960,0.483,7968,1.0,76.7,5.8,438,11568,0.69,0.15,0.69,0.08,0.08,0.99,Support
rbz,Daniel Urbani,,29 years,11278,0.489,11140,1.01,73.3,4.3,647,16903,0.67,0.13,0.66,0.09,0.1,0.99,AWPer
BENDJI,Benjamin Söderena,Deportivo,27 years,16055,0.325,15918,1.01,75.4,5.3,878,23318,0.69,0.14,0.68,0.1,0.1,0.99,Support
leo_drk,Leonardo Oliveira,Case,23 years,11124,0.517,11197,0.99,76.0,4.4,630,16256,0.68,0.13,0.69,0.11,0.1,1.06,AWPer
uli,Samu Leirilaakso,,25 years,10920,0.488,10753,1.02,76.5,4.9,603,16107,0.68,0.13,0.67,0.09,0.1,0.99,AWPer
viz,Wesley Harris,EG White,21 years,7291,0.509,7190,1.01,72.7,4.4,420,10894,0.67,0.13,0.66,0.11,0.11,1.05,AWPer
Lack1,Viktor Boldyrev,Aurora,23 years,18194,0.456,18322,0.99,74.0,2.7,995,26686,0.68,0.13,0.69,0.1,0.09,1.04,AWPer
Cabbi,Casper Jensen,ECSTATIC,24 years,11736,0.555,12004,0.98,75.4,4.3,627,16821,0.7,0.12,0.71,0.11,0.12,1.04,AWPer
jaxi,Costin Vrînceanu,,28 years,8103,0.405,7920,1.02,73.7,2.9,472,12125,0.67,0.14,0.65,0.09,0.11,0.99,Support
truth,Erik Hansen Dyrnes,,26 years,9590,0.517,9594,1.0,75.5,3.5,518,13914,0.69,0.12,0.69,0.09,0.1,0.99,AWPer
MUTiRiS,Christopher Fernandes,SAW,30 years,24485,0.503,24332,1.01,77.7,5.9,1361,35697,0.69,0.15,0.68,0.1,0.1,0.99,Support
realz1n,Antonio Oliveira,RED Canids,27 years,11185,0.494,11035,1.01,73.0,5.7,643,17042,0.66,0.13,0.65,0.11,0.09,1.06,AWPer
BARBARR,André Möller,,32 years,15776,0.42700000000000005,15796,1.0,74.8,3.9,876,23180,0.68,0.13,0.68,0.09,0.09,0.99,AWPer
VINI,Vinicius Figueiredo,Imperial,23 years,18136,0.484,18141,1.0,73.5,4.2,1045,27336,0.66,0.13,0.66,0.1,0.09,1.04,AWPer
facecrack,Dmitriy Alekseyev,Invictus International,28 years,32605,0.483,33298,0.98,77.8,3.3,1750,46683,0.7,0.14,0.71,0.1,0.09,0.99,Support
mopoz,Alejandro Fernández-Quejo Cano,Movistar Riders,26 years,21805,0.516,22066,0.99,75.2,4.9,1217,32338,0.67,0.13,0.68,0.09,0.07,0.99,AWPer
jabbi,Jakob Nygaard,Heroic,19 years,15695,0.5920000000000001,15518,1.01,71.6,4.3,878,23498,0.67,0.11,0.66,0.1,0.1,1.03,AWPer
bodyy,Alexandre Pianaro,Falcons,26 years,26160,0.562,26274,1.0,76.7,4.8,1452,38654,0.68,0.15,0.68,0.11,0.09,0.99,Support
Liki,Benson Niuila,Encore,24 years,7008,0.43700000000000006,6844,1.02,73.9,5.9,421,10685,0.66,0.15,0.64,0.12,0.1,1.07,Support
chop,Connor Sullivan,Vendetta,21 years,9724,0.521,9695,1.0,72.8,5.1,547,14545,0.67,0.13,0.67,0.1,0.11,1.03,AWPer
freakazoid,Ryan Abadir,Mythic,30 years,16933,0.47200000000000003,17092,0.99,77.8,4.6,951,24469,0.69,0.15,0.7,0.11,0.1,0.99,Support
Jerry,Andrey Mekhryakov,forZe,24 years,31962,0.45399999999999996,31800,1.01,76.5,4.5,1746,47065,0.68,0.14,0.68,0.1,0.09,1.06,Support
roman,Ricardo Oliveira,SAW,30 years,22418,0.54,22400,1.0,74.1,3.7,1255,32934,0.68,0.13,0.68,0.1,0.1,0.99,AWPer
ANGE1,Kirill Karasiow,,33 years,31392,0.513,32077,0.98,80.1,5.0,1728,45027,0.7,0.17,0.71,0.1,0.07,0.99,In-Game Leader
kaboose,Jake McDonald,,22 years,10006,0.5489999999999999,10311,0.97,76.1,2.4,549,14235,0.7,0.12,0.72,0.11,0.11,0.99,AWPer
Djoko,Thomas Pavoni,HEET,25 years,11124,0.62,11290,0.99,74.2,5.7,618,16480,0.68,0.13,0.69,0.1,0.1,1.04,AWPer
Dimaoneshot,Dmitriy Bandurka,,28 years,23864,0.525,24414,0.98,77.3,4.0,1315,34605,0.69,0.14,0.71,0.11,0.1,0.99,Support
Drone,Taylor Johnson,,25 years,8164,0.618,8332,0.98,75.2,3.9,454,11841,0.69,0.13,0.7,0.12,0.11,0.99,AWPer
ALLE,Alexandre Santos,Paquetá,25 years,9416,0.496,9355,1.01,76.1,5.4,531,14067,0.67,0.14,0.67,0.1,0.1,1.06,Support
vanity,Anthony Malaspina,,24 years,10461,0.418,10381,1.01,74.0,4.6,609,15688,0.67,0.13,0.66,0.1,0.09,1.06,AWPer
AZR,Aaron Ward,,30 years,19959,0.516,20095,0.99,74.6,3.9,1115,29102,0.69,0.14,0.69,0.11,0.11,0.99,Support
fitch,Bektiyar Bahytov,Golden Knights,30 years,10410,0.526,10620,0.98,77.9,4.9,574,15207,0.68,0.15,0.7,0.09,0.08,0.99,Support
k1to,Nils Gruhne,BIG,24 years,24727,0.58,25193,0.98,74.7,4.6,1364,36301,0.68,0.12,0.69,0.1,0.09,1.04,AWPer
gade,Nicklas Gade,,28 years,16756,0.536,16884,0.99,72.5,3.6,964,25326,0.66,0.12,0.67,0.1,0.1,0.99,AWPer
nitr0,Nick Cannella,Liquid,27 years,25945,0.445,25763,1.01,70.7,4.9,1495,39115,0.66,0.14,0.66,0.11,0.09,0.99,Support
krii,Kristaps Bricis,Wolsung,24 years,7650,0.49700000000000005,7654,1.0,74.1,3.3,434,11437,0.67,0.14,0.67,0.1,0.12,0.99,Support
SAGGERTON,Saku Jokinen,,27 years,9723,0.426,9954,0.98,75.4,4.6,540,14097,0.69,0.15,0.71,0.11,0.1,0.99,Support
dukefissura,Suleımen Orazaly,,26 years,7441,0.607,7611,0.98,77.3,3.9,394,10562,0.7,0.12,0.72,0.11,0.1,1.05,AWPer
bq,Adam Bergqvist,Lilmix,21 years,8150,0.525,8301,0.98,74.9,3.2,442,11874,0.69,0.13,0.7,0.09,0.08,1.03,AWPer
nbqq,Vít Pohlot,ECLOT,25 years,7337,0.488,7434,0.99,73.6,3.4,408,10837,0.68,0.12,0.69,0.1,0.09,1.03,AWPer
Lukki,Lucas Pilheden,,23 years,15622,0.512,15631,1.0,72.4,3.0,893,23437,0.67,0.13,0.67,0.12,0.12,0.99,AWPer
Dosia,Mihail Stolyarov,Forward,34 years,25481,0.48100000000000004,25268,1.01,73.6,5.5,1450,38010,0.67,0.15,0.66,0.08,0.08,0.99,Support
ryotzz,Leon Felipe,,29 years,7922,0.37200000000000005,8076,0.98,80.4,5.9,447,11613,0.68,0.18,0.7,0.1,0.09,1.08,In-Game Leader
apocdud,Tom Henry,e-LEMON-ators,24 years,13603,0.373,13659,1.0,75.4,5.6,777,20060,0.68,0.14,0.68,0.1,0.1,1.05,Support
NEKIZ,Gabriel Schenato,paiN,27 years,18523,0.48,18656,0.99,74.9,3.9,1039,27367,0.68,0.13,0.68,0.1,0.1,0.99,AWPer
Stev0se,Steven Rombaut,EC Brugge,29 years,8762,0.326,8872,0.99,71.1,3.1,478,12683,0.69,0.1,0.7,0.08,0.09,1.02,AWPer
J1rah,Jireh Youakim,,22 years,13817,0.461,13846,1.0,72.9,4.6,803,20826,0.66,0.13,0.66,0.1,0.08,1.04,AWPer
DAVEY,David Stafford,,26 years,14132,0.413,14426,0.98,76.7,2.8,801,20713,0.68,0.14,0.7,0.08,0.08,0.98,Support
stellar,Brenden McGrath,,26 years,7396,0.457,7370,1.0,76.2,4.3,427,10968,0.67,0.13,0.67,0.1,0.1,1.05,AWPer
Xizt,Richard Landström,Heroic,31 years,28491,0.46799999999999997,27984,1.02,70.4,5.0,1665,42830,0.67,0.17,0.65,0.1,0.1,0.98,In-Game Leader
kory,Kornél Szedlár,Sangal,24 years,11552,0.54,11658,0.99,76.6,5.1,625,16767,0.69,0.14,0.7,0.11,0.11,1.06,Support
bubble,Kamen Kostadinov,VOYVODA,31 years,39942,0.41700000000000004,39535,1.01,74.1,5.2,2293,60236,0.66,0.15,0.66,0.1,0.1,0.98,Support
Jonji,Jonathan Carey,EG White,23 years,20050,0.408,20567,0.97,80.9,6.8,1121,28701,0.7,0.17,0.72,0.11,0.08,1.09,In-Game Leader
RUBINO,Ruben Villarroel,,28 years,17632,0.525,17802,0.99,71.7,2.3,998,26140,0.67,0.13,0.68,0.1,0.09,0.98,AWPer
AdreN,Dauren Kystaubayev,,33 years,31357,0.488,31574,0.99,75.9,5.3,1767,46454,0.68,0.15,0.68,0.08,0.07,0.98,Support
ZEDKO,Jindřich Chyba,SINNERS,24 years,22856,0.528,22849,1.0,73.5,4.3,1292,34305,0.67,0.12,0.67,0.09,0.09,0.98,AWPer
ryann,Ryan Welsh,,22 years,12192,0.551,12461,0.98,73.9,3.0,697,17857,0.68,0.12,0.7,0.12,0.1,1.04,AWPer
Spiidi,Timo Richter,ALTERNATE aTTaX,27 years,37374,0.40399999999999997,37135,1.01,73.9,5.0,2152,57281,0.65,0.15,0.65,0.09,0.09,0.98,Support
Zix,Krasen Minchev,,24 years,7076,0.544,7242,0.98,75.0,4.4,400,10329,0.69,0.14,0.7,0.12,0.11,1.04,Support
larsen,Sebastian Larsen,Tricked,25 years,10873,0.304,10800,1.01,70.0,4.3,623,16519,0.66,0.1,0.65,0.09,0.07,0.98,AWPer
DeathZz,Raúl Jordán Nieto,,27 years,9651,0.491,9634,1.0,73.6,3.6,553,14739,0.65,0.13,0.65,0.09,0.1,1.02,AWPer
DeadFox,Bence Böröcz,,28 years,13856,0.384,13910,1.0,69.5,3.5,807,21060,0.66,0.13,0.66,0.1,0.11,0.98,AWPer
Furlan,Damian Kislowski,AGO,28 years,39026,0.53,39818,0.98,76.2,5.3,2170,57770,0.68,0.14,0.69,0.1,0.09,0.98,Support
djay,Jonathan Dallal,ATK,29 years,16395,0.47700000000000004,16529,0.99,74.2,4.1,939,24305,0.67,0.14,0.68,0.11,0.11,1.03,Support
zende,Erik Sundeqvist,,28 years,7064,0.47700000000000004,7065,1.0,74.1,3.4,397,10444,0.68,0.13,0.68,0.09,0.11,0.98,AWPer
Daffu,Jakob Schildt,,25 years,12656,0.513,12553,1.01,72.8,4.6,717,19219,0.66,0.13,0.65,0.12,0.13,1.04,AWPer
Fadey,Rhys Armstrong,,24 years,14749,0.545,15201,0.97,75.8,3.7,830,21364,0.69,0.13,0.71,0.11,0.1,0.98,AWPer
anger,Todd Williams,,35 years,12065,0.509,12294,0.98,74.2,3.5,682,17700,0.68,0.14,0.69,0.1,0.1,0.98,Support
propleh,Dmitriy Senigov,NASR,26 years,7435,0.49200000000000005,7470,1.0,74.5,4.2,419,11133,0.67,0.14,0.67,0.1,0.11,1.04,Support
reversive,Roberto Themtham,,30 years,12040,0.43700000000000006,12090,1.0,74.7,4.5,690,18069,0.67,0.14,0.67,0.1,0.1,0.98,Support
raalz,Rasmus Steensborg,Copenhagen Flames,27 years,19423,0.574,19658,0.99,72.0,5.2,1076,29298,0.66,0.12,0.67,0.11,0.11,0.98,AWPer
tifa,Thiago França,,26 years,7090,0.457,7199,0.98,74.3,3.6,407,10476,0.68,0.14,0.69,0.09,0.1,0.98,Support
jnt,Jhonatan Silva,Sharks,28 years,11256,0.35200000000000004,11053,1.02,68.5,4.1,680,17620,0.64,0.11,0.63,0.09,0.09,1.03,AWPer
Perfecto,Ilya Zalutskiy,Natus Vincere,23 years,13180,0.462,12767,1.03,69.9,4.7,800,21177,0.62,0.13,0.6,0.09,0.09,1.03,Lurker
sXe,Cristian Niță,,25 years,10478,0.431,10635,0.99,73.8,3.0,605,15708,0.67,0.13,0.68,0.1,0.1,0.98,AWPer
Ex3rcice,Pierre Bulinge,HEET,23 years,7770,0.544,7822,0.99,70.3,4.0,444,11952,0.65,0.11,0.65,0.09,0.1,1.01,AWPer
JACKZ,Audric Jug,HEET,30 years,20859,0.581,21182,0.98,73.2,3.3,1181,31439,0.66,0.13,0.67,0.1,0.1,0.98,AWPer
gla1ve,Lukas Rossander,Astralis,27 years,31018,0.466,31093,1.0,74.4,6.1,1788,47160,0.66,0.16,0.66,0.1,0.08,0.98,Support
Sapec,Anton Palmgren,EYEBALLERS,20 years,11252,0.522,11600,0.97,76.6,5.6,613,16439,0.68,0.14,0.71,0.11,0.09,1.05,Support
Llamas,Luke Merchant,,23 years,7735,0.493,7770,1.0,70.7,3.3,459,11767,0.66,0.12,0.66,0.1,0.11,1.01,AWPer
manguss,Robert Kasper,Enterprise,21 years,7152,0.409,7079,1.01,72.6,4.5,406,10945,0.65,0.12,0.65,0.07,0.1,1.02,AWPer
notaN,Anton Pedersen,Sashi,22 years,10219,0.489,10297,0.99,72.8,5.6,586,15635,0.65,0.14,0.66,0.11,0.11,0.98,Support
DemQQ,Sergiy Demchenko,Monte,21 years,9746,0.53,9787,1.0,74.9,5.1,556,14717,0.66,0.14,0.67,0.1,0.09,1.05,Support
prt,Matheus Scuvero,TropiCaos,25 years,13467,0.531,13568,0.99,72.9,3.0,777,20147,0.67,0.12,0.67,0.11,0.11,1.03,AWPer
syken,Thilo Phan,,26 years,7450,0.578,7698,0.97,74.1,3.3,413,10832,0.69,0.12,0.71,0.11,0.11,0.98,AWPer
BURNRUOk,Callum Henderson,,27 years,15228,0.507,15746,0.97,76.9,3.7,860,22168,0.69,0.14,0.71,0.09,0.08,0.98,Support
Radifaction,Haakon Tholo,Oilers,24 years,9177,0.499,9339,0.98,75.3,3.4,509,13632,0.67,0.13,0.69,0.09,0.09,1.03,AWPer
kwezz,Oliver Rasmussen,Tricked,22 years,14917,0.5539999999999999,15027,0.99,71.8,4.6,853,22937,0.65,0.11,0.66,0.09,0.09,1.01,AWPer
BIT,Bruno Fukuda Lima,MIBR,32 years,12432,0.48200000000000004,12385,1.0,74.3,5.6,735,19001,0.65,0.15,0.65,0.11,0.09,0.98,Support
Boombl4,Kirill Mikhailov,1WIN,24 years,19404,0.414,19845,0.98,75.9,4.6,1098,29092,0.67,0.14,0.68,0.09,0.08,1.04,Support
Sergiz,Sergey Atamanchuk,Doge Soldiers,22 years,7947,0.519,7849,1.01,72.6,5.1,465,12322,0.64,0.13,0.64,0.08,0.09,1.03,AWPer
RuStY,Alfred Karlsson,GODSENT,25 years,26429,0.529,26597,0.99,73.3,4.4,1469,39863,0.66,0.13,0.67,0.1,0.1,1.03,AWPer
PERCY,Martin Wessel,CEPTER,28 years,18414,0.585,18795,0.98,73.5,4.2,1032,27424,0.67,0.12,0.69,0.09,0.09,0.98,AWPer
NickelBack,Aleksei Trofimov,1WIN,25 years,26151,0.39899999999999997,26365,0.99,75.3,6.4,1484,39647,0.66,0.16,0.66,0.11,0.1,1.05,Support
ice,Aman Seitkaliyev,,22 years,9096,0.575,9358,0.97,74.0,3.7,504,13509,0.67,0.12,0.69,0.11,0.11,1.02,AWPer
RUSH,William Wierzba,EG Black,28 years,25824,0.474,26190,0.99,72.0,3.9,1491,39020,0.66,0.15,0.67,0.11,0.1,0.98,Support
sinnopsyy,Dionis Budeci,Bad News Eagles,27 years,13897,0.5670000000000001,14524,0.96,78.8,5.7,752,20221,0.69,0.14,0.72,0.08,0.07,1.03,Support
FinigaN,Vladislav Usov,,24 years,9648,0.5,9544,1.01,70.3,4.7,560,15074,0.64,0.12,0.63,0.1,0.1,1.03,AWPer
blocker,Yanko Panov,,25 years,16276,0.495,16799,0.97,76.8,4.9,895,23790,0.68,0.15,0.71,0.11,0.12,1.04,Support
RpK,Cédric Guipouy,,33 years,26056,0.507,26673,0.98,72.1,2.9,1499,39100,0.67,0.13,0.68,0.11,0.11,0.97,AWPer
prosus,David Hesse,BIG Academy,19 years,7246,0.557,7483,0.97,74.6,5.1,408,10777,0.67,0.13,0.69,0.11,0.11,1.03,AWPer
isak,Isak Fahlén,GamerLegion,21 years,11825,0.494,11966,0.99,72.7,5.0,671,18150,0.65,0.13,0.66,0.09,0.09,1.02,AWPer
WOOD7,Adriano Cerato,Fluxo,27 years,11175,0.299,10885,1.03,69.9,5.9,671,17550,0.64,0.12,0.62,0.09,0.07,1.03,
mono,Michał Gabszewicz,,27 years,11692,0.447,11716,1.0,75.5,5.7,665,17776,0.66,0.13,0.66,0.07,0.09,0.97,AWPer
SHOOWTiME,Gustavo Gonçalves,Flamengo,25 years,18347,0.449,18784,0.98,75.2,4.4,1050,27217,0.67,0.14,0.69,0.1,0.1,0.97,Support
jmqa,Savelii Bragin,,25 years,16152,0.51,16425,0.98,73.8,4.4,922,24189,0.67,0.13,0.68,0.09,0.08,0.97,AWPer
DeStRoYeR,JiaMing Gu,Invictus,28 years,10730,0.423,10965,0.98,74.2,2.7,600,15845,0.68,0.12,0.69,0.09,0.09,0.97,AWPer
doto,Joonas Forss,HAVU,27 years,13750,0.5429999999999999,14113,0.97,74.4,4.8,773,20811,0.66,0.14,0.68,0.09,0.09,0.97,Support
seb,Sebastian Bucki,,31 years,10456,0.455,10680,0.98,76.0,4.1,603,15586,0.67,0.15,0.69,0.11,0.11,0.97,Support
leman,Eryk Kocęba,,26 years,10285,0.514,10487,0.98,72.2,4.0,580,15648,0.66,0.13,0.67,0.11,0.12,0.97,AWPer
kUcheR,Emil Akhundov,,34 years,14944,0.44,15089,0.99,74.2,2.6,852,22314,0.67,0.15,0.68,0.1,0.1,0.97,Support
droid,Damian Boulware,timbermen,22 years,8288,0.46399999999999997,8387,0.99,73.2,6.5,483,12434,0.67,0.13,0.67,0.1,0.11,1.02,AWPer
SPELLAN,Teodor Nikolov,TENSTAR,25 years,25435,0.395,25802,0.99,73.9,5.4,1486,38905,0.65,0.13,0.66,0.08,0.08,1.03,AWPer
stk,Anupong Mueangngam,LZ,26 years,10034,0.42,10257,0.98,74.5,3.0,591,15136,0.66,0.15,0.68,0.13,0.11,1.05,Support
oskarish,Oskar Stenborowski,,25 years,19656,0.504,20056,0.98,71.0,4.3,1122,30064,0.65,0.12,0.67,0.1,0.1,0.97,AWPer
ELUSIVE,Ruan van Wyk,,29 years,6410,0.439,6354,1.01,69.6,3.6,397,10059,0.64,0.14,0.63,0.1,0.11,0.97,Support
f4stzin,Arthur Schmitt,Flamengo,24 years,7510,0.556,7816,0.96,74.8,2.8,408,11008,0.68,0.13,0.71,0.1,0.09,1.03,AWPer
SOKER,Aitor Fernández,,29 years,11508,0.426,11950,0.96,75.8,2.8,645,16934,0.68,0.15,0.71,0.12,0.11,0.97,Support
byr9,Yaroslav Buryak,IKLA,24 years,8565,0.5479999999999999,8744,0.98,75.3,5.3,482,13142,0.65,0.14,0.67,0.1,0.09,1.05,Support
DEVIL,Timothée Démolon,UBITEAM,28 years,11006,0.48200000000000004,11297,0.97,73.3,3.7,636,16582,0.66,0.13,0.68,0.1,0.09,0.97,AWPer
gabesson,Gábor Málovics,,32 years,7943,0.42100000000000004,8207,0.97,76.0,4.6,441,11654,0.68,0.16,0.7,0.11,0.11,0.97,Support
MAIROLLS,Maitri Sukrob,,24 years,8578,0.491,8804,0.97,73.2,3.5,498,12894,0.67,0.13,0.68,0.1,0.1,1.02,AWPer
PKL,Vinicios Coelho,paiN,28 years,20908,0.518,21349,0.98,74.1,4.1,1221,31922,0.65,0.15,0.67,0.1,0.09,0.97,Support
Mayker,Daryl May,,24 years,7380,0.491,7600,0.97,72.9,4.6,433,11216,0.66,0.13,0.68,0.1,0.1,1.01,AWPer
PR1mE,Mathias Carlsen,Tricked,21 years,11541,0.54,11892,0.97,72.7,4.6,641,17294,0.67,0.11,0.69,0.09,0.1,1.0,AWPer
KHRN,Jesse Grandell,,33 years,15822,0.48,16067,0.98,71.0,4.7,935,24443,0.65,0.14,0.66,0.1,0.1,0.97,Support
Leaf,Sattawut Reathong,,28 years,6618,0.442,6689,0.99,72.1,3.5,398,10120,0.65,0.13,0.66,0.09,0.08,1.02,AWPer
Keoz,Nicolas Dgus,GamerLegion,22 years,16335,0.546,17131,0.95,74.7,4.9,911,24286,0.67,0.13,0.71,0.1,0.09,1.02,AWPer
reltuC,Stephen Cutler,,34 years,14788,0.405,14862,1.0,73.3,3.7,865,22664,0.65,0.15,0.66,0.09,0.1,0.97,Support
Hyper,Bartosz Wolny,,33 years,11144,0.418,11311,0.99,69.9,2.8,646,16949,0.66,0.12,0.67,0.08,0.08,0.96,AWPer
chopper,Leonid Vishnyakov,Spirit,26 years,20359,0.5710000000000001,20790,0.98,72.0,4.4,1179,31302,0.65,0.13,0.66,0.1,0.09,0.96,AWPer
Kristou,Kristoffer Aamand,Astralis Talent,21 years,8377,0.428,8719,0.96,68.2,3.4,481,12826,0.65,0.09,0.68,0.09,0.08,1.0,
LUCAS1,Lucas Teles,,27 years,16073,0.47,16554,0.97,76.6,3.9,943,24480,0.66,0.16,0.68,0.1,0.09,0.96,Support
SADDYX,Tuomas Louhimaa,temp,21 years,11526,0.47700000000000004,11867,0.97,74.7,6.0,653,17513,0.66,0.14,0.68,0.1,0.1,1.03,Support
Maniac,Mathieu Quiquerez,,32 years,14478,0.39399999999999996,14866,0.97,74.4,2.1,837,22049,0.66,0.14,0.67,0.08,0.08,0.96,Support
Queenix,Jonas Dideriksen,ECSTATIC,23 years,10805,0.562,11058,0.98,70.8,4.7,631,17001,0.64,0.12,0.65,0.11,0.11,1.01,AWPer
niki1,Nikolay Pantaleev,500,32 years,19978,0.486,20675,0.97,75.6,6.6,1158,30330,0.66,0.16,0.68,0.1,0.09,0.96,Support
bodito,Patrik Boda,Rapid Ninjas,25 years,8647,0.465,9068,0.95,74.6,3.6,478,12798,0.68,0.14,0.71,0.11,0.1,0.96,Support
seized,Denis Kostin,9 Pandas,28 years,27268,0.45899999999999996,28044,0.97,72.4,5.4,1566,41279,0.66,0.15,0.68,0.08,0.07,0.96,Support
kaper,Kacper Słoma,GRAFICIARZE,27 years,9154,0.442,9322,0.98,72.1,3.8,536,14240,0.64,0.14,0.65,0.1,0.1,1.02,Support
SmithZz,Edouard Dubourdeaux,Nakama,34 years,19827,0.414,20390,0.97,66.0,2.3,1168,30301,0.65,0.14,0.67,0.1,0.08,0.96,Support
Drea3er,ZhiTao Zhang,,28 years,7240,0.5379999999999999,7614,0.95,73.7,2.7,418,10753,0.67,0.13,0.71,0.09,0.1,1.01,AWPer
The eLiVe,Erik Sith,Sampi,24 years,10952,0.518,11246,0.97,72.2,5.0,624,16971,0.65,0.13,0.66,0.1,0.09,1.01,AWPer
misutaaa,Kévin Rabier,Falcons,20 years,10021,0.5329999999999999,10398,0.96,69.2,3.0,583,15618,0.64,0.11,0.67,0.12,0.11,1.01,AWPer
stanislaw,Peter Jarguz,EG Black,28 years,23607,0.475,24091,0.98,73.0,6.0,1414,36625,0.64,0.14,0.66,0.1,0.09,0.96,Support
phr,Tomasz Wójcik,,26 years,24084,0.532,24585,0.98,72.9,5.8,1384,37015,0.65,0.13,0.66,0.09,0.09,1.02,AWPer
maeVe,Lasse Elgaard,,33 years,8154,0.405,8285,0.98,72.3,3.5,487,12606,0.65,0.14,0.66,0.08,0.07,0.96,Support
w1nt3r,Alikhan Kopzhanov,AVANGAR,25 years,10771,0.494,10968,0.98,72.3,4.0,626,16747,0.64,0.12,0.65,0.09,0.1,1.0,AWPer
Surreal,Kia Man,Endpoint,26 years,27993,0.44,28882,0.97,71.9,3.3,1636,42976,0.65,0.13,0.67,0.1,0.09,0.96,AWPer
starix,Sergey Ischuk,Aurora,35 years,10985,0.47700000000000004,11296,0.97,72.9,3.9,640,16850,0.65,0.13,0.67,0.09,0.09,0.96,AWPer
expro,Heng Yang,Lynn Vision,24 years,8967,0.447,9269,0.97,75.7,4.7,503,13330,0.67,0.14,0.7,0.1,0.09,1.03,Support
HOLMES,Petar Dimitrijević,,30 years,8127,0.447,8494,0.96,77.9,4.5,462,12092,0.67,0.15,0.7,0.1,0.1,0.96,Support
ProbLeM,Dmitriy Martinov,Forward,24 years,11013,0.48700000000000004,11351,0.97,73.8,4.9,621,16852,0.65,0.13,0.67,0.1,0.1,1.02,AWPer
JazzPimp,Dominick Dimpfel,Nouns,25 years,8862,0.539,9224,0.96,74.7,3.6,496,13025,0.68,0.14,0.71,0.1,0.11,1.01,Support
xms,Alexandre Forté,,25 years,12206,0.59,12830,0.95,71.0,2.9,712,18783,0.65,0.12,0.68,0.11,0.1,0.96,AWPer
Uber,Michael Stapells,,26 years,6674,0.502,6973,0.96,73.6,3.9,398,10027,0.67,0.14,0.7,0.12,0.11,0.96,Support
Marek,Tzu-Chi Huang,YK,29 years,7492,0.515,7757,0.97,72.4,3.7,439,11573,0.65,0.13,0.67,0.09,0.1,0.96,AWPer
Kairi,David de Miguel,,34 years,6789,0.37799999999999995,7025,0.97,73.9,6.0,407,10374,0.65,0.15,0.68,0.1,0.09,0.96,Support
glow,Min-Soo Kim,,34 years,6438,0.519,6537,0.98,69.5,3.2,395,10045,0.64,0.12,0.65,0.11,0.11,1.01,AWPer
TMB,Thomas Bundsbæk,Copenhagen Flames,21 years,15171,0.473,15839,0.96,76.9,7.5,858,23036,0.66,0.16,0.69,0.11,0.09,1.04,Support
nafany,Vladislav Gorshkov,Cloud9,21 years,16392,0.508,17233,0.95,74.1,4.9,934,24838,0.66,0.14,0.69,0.1,0.08,1.03,Support
Kvik,Aurimas Kvakšys,Kalbos Egzaminas,27 years,13755,0.42700000000000005,14443,0.95,75.1,3.8,785,20509,0.67,0.14,0.7,0.1,0.1,0.96,Support
LOGAN,Logan Corti,,24 years,10091,0.552,10391,0.97,70.6,2.6,590,15692,0.64,0.12,0.66,0.1,0.1,1.01,AWPer
smF,Danni Dyg,CEPTER,30 years,13994,0.562,14376,0.97,69.5,4.6,838,21953,0.64,0.13,0.65,0.11,0.11,0.96,AWPer
Aleksib,Aleksi Virolainen,Ninjas in Pyjamas,25 years,18287,0.39399999999999996,18747,0.98,74.2,8.5,1080,28650,0.64,0.17,0.65,0.11,0.1,0.96,In-Game Leader
Walco,Colby Walsh,EG Black,21 years,10261,0.5660000000000001,10805,0.95,73.2,7.5,590,15639,0.66,0.13,0.69,0.1,0.09,1.01,AWPer
RZU,Jeff Ngo,,22 years,8905,0.523,9459,0.94,73.9,3.7,502,13085,0.68,0.12,0.72,0.1,0.1,1.01,AWPer
tiziaN,Tizian Feldbusch,BIG Academy,26 years,30155,0.561,31121,0.97,71.2,4.6,1785,47248,0.64,0.13,0.66,0.09,0.09,0.96,AWPer
kraghen,Tobias Kragh Jensen,ECSTATIC,20 years,7087,0.466,7408,0.96,76.8,5.5,396,10653,0.67,0.14,0.7,0.1,0.11,1.03,Support
nosraC,Carson O'Reilly,Nouns,22 years,10774,0.49700000000000005,11257,0.96,74.2,6.1,618,16367,0.66,0.14,0.69,0.09,0.08,1.02,Support
0i,ZhiWei Liu,Invictus,26 years,8662,0.5579999999999999,9099,0.95,73.3,3.3,492,12863,0.67,0.13,0.71,0.1,0.1,1.0,AWPer
ponczek,Patryk Wites,,27 years,9982,0.441,10230,0.98,70.6,4.1,585,15685,0.64,0.13,0.65,0.09,0.08,1.01,AWPer
nbl,Nabil Aleua,VELOX,26 years,10437,0.516,10960,0.95,72.1,3.6,611,15786,0.66,0.13,0.69,0.11,0.1,0.96,AWPer
YJ,Lucas Yuji,,27 years,8424,0.41600000000000004,8495,0.99,71.0,4.1,514,13425,0.63,0.13,0.63,0.07,0.08,1.0,AWPer
kinqie,Semyon Lisitsyn,SUN,31 years,11139,0.5710000000000001,11746,0.95,74.7,4.6,632,16798,0.66,0.13,0.7,0.11,0.09,0.95,AWPer
oxygeN,Blagoi Dimitrov,VOYVODA,19 years,10312,0.589,10713,0.96,68.7,4.1,604,16295,0.63,0.11,0.66,0.1,0.08,1.01,AWPer
NEO,Filip Kubski,HONORIS,35 years,34508,0.37799999999999995,36066,0.96,72.1,5.9,2037,53165,0.65,0.16,0.68,0.09,0.08,0.95,Support
dezon,Adam Wahlqvist,,25 years,9363,0.524,9611,0.97,70.0,4.8,555,14946,0.63,0.13,0.64,0.09,0.1,1.01,AWPer
SEMINTE,Valentin Bodea,,25 years,12709,0.493,13310,0.95,71.5,3.0,737,19460,0.65,0.12,0.68,0.09,0.09,0.95,AWPer
denis,Denis Howell,,28 years,32914,0.44299999999999995,34777,0.95,75.1,3.7,1840,48974,0.67,0.14,0.71,0.1,0.09,0.95,Support
alexRr,Alexander Frisch,,27 years,7438,0.39799999999999996,7992,0.93,72.6,3.8,433,11346,0.66,0.12,0.7,0.09,0.07,0.95,AWPer
dumz,Miran Matković,,27 years,7889,0.484,8209,0.96,71.2,3.1,455,12074,0.65,0.12,0.68,0.1,0.09,0.95,AWPer
tahsiN,Tahsin Broschk,Entropy,32 years,10491,0.447,11162,0.94,72.6,5.0,606,15760,0.67,0.14,0.71,0.09,0.08,0.95,Support
MAJ3R,Engin Küpeli,Eternal Fire,32 years,19599,0.48100000000000004,20271,0.97,73.4,5.1,1157,30434,0.64,0.14,0.67,0.08,0.08,0.95,Support
rafftu,Kostadin Turbinov,,23 years,9489,0.511,9922,0.96,71.8,3.5,541,14489,0.65,0.13,0.68,0.12,0.11,1.01,AWPer
friberg,Adam Friberg,,31 years,33244,0.473,34978,0.95,70.4,5.1,1966,51219,0.65,0.16,0.68,0.11,0.09,0.95,Support
Grus,Sander Iversen,,25 years,10906,0.635,11737,0.93,73.4,5.2,603,16427,0.66,0.12,0.71,0.1,0.09,1.01,AWPer
Snappi,Marco Pfeiffer,ENCE,32 years,28654,0.455,29823,0.96,72.5,4.6,1672,44189,0.65,0.13,0.67,0.09,0.08,0.95,AWPer
Console,Mads Skovby,,27 years,11948,0.395,12530,0.95,74.0,3.2,708,18612,0.64,0.15,0.67,0.11,0.09,0.95,Support
CONNOR93,Connor Glover,,29 years,7738,0.517,8195,0.94,72.8,2.7,449,11544,0.67,0.12,0.71,0.11,0.1,0.95,AWPer
soju_j,Jay Jeong,,25 years,9148,0.41200000000000003,9558,0.96,72.1,4.2,554,14231,0.64,0.14,0.67,0.11,0.1,1.01,Support
KrizzeN,Aidyn Turlybekov,,23 years,12720,0.5489999999999999,13088,0.97,71.4,3.9,763,20020,0.64,0.14,0.65,0.1,0.09,1.01,Support
H4RR3,Haris Hadzic,Metizport,25 years,12193,0.502,13005,0.94,75.1,4.7,689,18503,0.66,0.14,0.7,0.12,0.1,1.03,Support
dERZKIY,Igor Radosavlevich,SHIPACHI,26 years,7217,0.539,7623,0.95,72.0,2.3,419,10917,0.66,0.13,0.7,0.1,0.11,0.95,AWPer
devoduvek,David Dobrosavljevic,Mixfits,28 years,11768,0.494,12416,0.95,75.5,3.6,681,18075,0.65,0.15,0.69,0.1,0.09,0.95,Support
steel,Lucas Lopes,Case,29 years,24979,0.409,25976,0.96,71.6,3.7,1485,38852,0.64,0.13,0.67,0.1,0.09,0.95,AWPer
AcilioN,Asger Larsen,undefined,26 years,30836,0.44,32374,0.95,72.5,4.4,1806,47619,0.65,0.15,0.68,0.11,0.09,0.95,Support
flashie,Viktor Tamás Bea,CLG Red,27 years,10179,0.419,10697,0.95,72.3,3.8,594,15719,0.65,0.14,0.68,0.1,0.09,0.95,Support
maNkz,Marcus Kjeldsen,ECSTATIC,24 years,14552,0.525,15365,0.95,73.0,5.0,842,22683,0.64,0.14,0.68,0.12,0.11,1.02,Support
beastik,Sebastian Daňo,SINNERS,25 years,15062,0.5489999999999999,15946,0.94,70.5,4.7,883,23699,0.64,0.13,0.67,0.1,0.07,1.0,AWPer
strux1,Hendrik Goetzendorff,,32 years,6648,0.363,6894,0.96,76.0,1.8,403,10276,0.65,0.14,0.67,0.09,0.09,0.95,Support
caike,Caike Costa,,28 years,9117,0.42700000000000005,9592,0.95,71.1,4.0,537,14117,0.65,0.14,0.68,0.1,0.09,0.95,Support
darko,Kacper Ściera,PGE Turow,25 years,14878,0.449,15778,0.94,74.8,6.6,839,22759,0.65,0.14,0.69,0.1,0.09,1.02,Support
ecfN,Lukas Kauer,,27 years,7387,0.5379999999999999,7858,0.94,75.1,3.1,426,11214,0.66,0.14,0.7,0.12,0.11,0.95,Support
RAiLWAY,Artem Gradovich,Boston crab,27 years,9529,0.531,10301,0.93,76.0,4.9,523,14108,0.68,0.13,0.73,0.09,0.08,1.0,AWPer
Inzta,Peter Kragelund,,29 years,12779,0.439,13628,0.94,72.5,2.6,754,19798,0.65,0.14,0.69,0.1,0.09,0.94,Support
uNdo,Alexander Kiziukevich,,27 years,7217,0.5429999999999999,7588,0.95,70.3,2.8,431,11262,0.64,0.12,0.67,0.08,0.09,0.94,AWPer
Karsa,QiFang Su,,30 years,7412,0.48700000000000004,7731,0.96,70.4,3.7,461,11782,0.63,0.14,0.66,0.1,0.09,0.94,Support
kzy,Oliver Heck,,32 years,16491,0.47600000000000003,17326,0.95,72.6,4.8,991,25840,0.64,0.14,0.67,0.09,0.09,0.94,Support
Fifflaren,Robin Johansson,,35 years,7894,0.375,7934,0.99,91.7,6.2,538,13220,0.6,0.15,0.6,0.04,0.16,0.94,Support
SileNt,Samuel Portillo,,27 years,10751,0.361,11539,0.93,70.9,2.6,624,16235,0.66,0.12,0.71,0.1,0.09,0.94,AWPer
TOAO,Mateusz Zawistowski,Illuminar,26 years,21053,0.48100000000000004,22239,0.95,69.4,4.7,1242,33234,0.63,0.12,0.67,0.09,0.08,0.99,AWPer
TaZ,Wiktor Wojtas,HONORIS,36 years,39598,0.513,41731,0.95,67.4,2.5,2334,61480,0.64,0.13,0.68,0.11,0.09,0.94,AWPer
BRACE,Toby Barnes,VERTEX,23 years,7731,0.48,8226,0.94,70.6,5.8,467,12059,0.64,0.13,0.68,0.1,0.09,0.99,AWPer
boX,Anton Burko,Websterz,28 years,23349,0.43700000000000006,24798,0.94,75.1,5.9,1356,36206,0.64,0.16,0.68,0.1,0.08,1.04,Support
Twixie,Samuli Herrala,,20 years,13187,0.48,13967,0.94,71.6,5.2,767,20821,0.63,0.13,0.67,0.1,0.09,1.0,AWPer
Shakezullah,Alan Hardeman,,25 years,13736,0.423,14186,0.97,68.8,5.1,859,22364,0.61,0.13,0.63,0.1,0.08,1.0,AWPer
Rock1nG,Ivan Stratiev,Prosapia,26 years,15879,0.552,17021,0.93,73.8,5.0,923,24313,0.65,0.14,0.7,0.1,0.09,1.01,Support
tonyblack,Anton Kolesnikov,,30 years,13828,0.486,14553,0.95,69.6,3.8,826,21699,0.64,0.13,0.67,0.08,0.08,0.94,AWPer
arch,Vladyslav Svistov,,26 years,10295,0.49,10953,0.94,72.7,2.2,593,15530,0.66,0.13,0.71,0.1,0.1,0.94,AWPer
Duplicate,Viktor Mitev,Partizan,21 years,15165,0.513,16163,0.94,72.5,6.4,898,23973,0.63,0.14,0.67,0.1,0.1,1.01,Support
interz,Timofey Yakushin,,22 years,13894,0.495,14053,0.99,62.8,5.0,908,24175,0.57,0.12,0.58,0.1,0.1,0.99,
kade0,Aidos Khairzhan,,23 years,6697,0.5379999999999999,7130,0.94,68.9,3.4,396,10735,0.62,0.11,0.66,0.08,0.08,0.97,AWPer
RIZZZ,Rui Lima,Fourteen,30 years,7240,0.521,7806,0.93,71.0,3.8,434,11367,0.64,0.13,0.69,0.12,0.11,1.0,AWPer
JT,Johnny Theodosiou,Complexity,23 years,19178,0.48700000000000004,20461,0.94,71.6,4.7,1167,30312,0.63,0.14,0.68,0.12,0.11,1.01,Support
LOMME,Frederik Nielsen,,29 years,10221,0.425,10753,0.95,72.0,4.5,623,16172,0.63,0.15,0.66,0.1,0.09,0.94,Support
Ex6TenZ,Kévin Droolans,,32 years,22665,0.415,23729,0.96,74.8,4.0,1393,36352,0.62,0.15,0.65,0.09,0.08,0.94,Support
ub1que,Alexey Polivanov,,30 years,8319,0.418,8815,0.94,73.3,3.1,491,12691,0.66,0.13,0.69,0.09,0.09,0.94,AWPer
Sidney,Patryk Korab,,24 years,10096,0.498,10671,0.95,71.6,6.8,603,16222,0.62,0.14,0.66,0.09,0.09,1.0,Support
arvid,Tony Niemelä,,26 years,16681,0.445,17955,0.93,72.6,4.4,963,25840,0.65,0.14,0.69,0.1,0.1,0.94,Support
Noisia,Alec Gulabovski,,26 years,9682,0.43700000000000006,10298,0.94,72.5,4.8,579,15033,0.64,0.14,0.69,0.09,0.08,0.99,Support
ngiN,Engin Kor,,29 years,16499,0.45299999999999996,17247,0.96,68.4,4.1,1025,26895,0.61,0.13,0.64,0.09,0.09,0.94,AWPer
forget,Lei Li,,33 years,7723,0.503,8457,0.91,75.3,4.3,442,11512,0.67,0.14,0.73,0.1,0.08,0.94,Support
Patrick,Ivan Ivanov,500,24 years,8490,0.562,9208,0.92,71.6,4.3,485,13109,0.65,0.13,0.7,0.1,0.1,0.99,AWPer
repo,Karol Cybulski,,25 years,8647,0.466,9304,0.93,69.4,3.8,505,13254,0.65,0.13,0.7,0.1,0.09,0.94,AWPer
EXUS,Konrad Jeńczeń,,25 years,16285,0.43,17534,0.93,71.2,3.6,942,25185,0.65,0.13,0.7,0.09,0.09,0.94,AWPer
ztr,Erik Gustafsson,GODSENT,19 years,9143,0.504,9816,0.93,71.7,5.2,529,14232,0.64,0.12,0.69,0.1,0.1,0.98,AWPer
dan1,Daniel Gligorov,BLUEJAYS,23 years,7485,0.483,8025,0.93,68.8,4.2,444,11911,0.63,0.12,0.67,0.09,0.1,0.97,AWPer
tutehen,Matias Canale,VELOX,30 years,7365,0.461,7787,0.95,70.9,4.4,450,11640,0.63,0.14,0.67,0.11,0.11,0.93,Support
Polly,Pål Kammen,,31 years,7646,0.41200000000000003,8257,0.93,62.6,2.9,461,11987,0.64,0.12,0.69,0.09,0.07,0.93,AWPer
kiR,Andreas Kirstein,MASONIC,22 years,12141,0.614,13225,0.92,71.4,4.2,696,18746,0.65,0.11,0.71,0.1,0.1,0.98,AWPer
hutji,Pavel Lashkov,,27 years,7719,0.484,8383,0.92,72.0,4.0,453,12010,0.64,0.14,0.7,0.1,0.1,0.93,Support
crisby,Christian Schmitt,,31 years,20610,0.544,22423,0.92,71.5,3.4,1209,31542,0.65,0.13,0.71,0.11,0.1,0.93,AWPer
neaLaN,Sanzhar Iskhakov,Evil Geniuses,22 years,19628,0.5579999999999999,21091,0.93,73.9,4.8,1134,30303,0.65,0.13,0.7,0.09,0.09,1.0,AWPer
SkulL,Jordan Newland,Antic,25 years,11045,0.425,12170,0.91,75.7,5.7,644,16817,0.66,0.15,0.72,0.11,0.1,1.01,Support
emi,Luka Vuković,Partizan,29 years,19415,0.521,20915,0.93,72.2,5.8,1165,30533,0.64,0.15,0.68,0.12,0.1,0.93,Support
matty,Mateusz Kołodziejczyk,,27 years,10526,0.406,11362,0.93,75.6,6.0,617,16381,0.64,0.16,0.69,0.1,0.11,0.93,Support
aVN,Filip Belojica,Zero Tenacity,26 years,10652,0.526,11434,0.93,69.3,2.7,628,16790,0.63,0.12,0.68,0.11,0.1,0.93,AWPer
mynio,Wiktor Kruk,9INE,27 years,15688,0.442,17196,0.91,76.5,6.8,909,24432,0.64,0.16,0.7,0.09,0.08,0.93,Support
quix,Max Lindkvist,Lilmix,30 years,17166,0.473,19120,0.9,74.4,5.5,976,25842,0.66,0.14,0.74,0.09,0.08,0.93,Support
stYleEeZ,Pavle Stojanovski,Juggernauts,22 years,6621,0.38,7065,0.94,69.3,5.1,405,10826,0.61,0.13,0.65,0.08,0.08,0.97,AWPer
hitMouse,Kirill Tsarev,NewBelarus,32 years,8785,0.49,9410,0.93,71.2,4.5,538,14028,0.63,0.13,0.67,0.09,0.09,0.92,AWPer
Xp3,David Garrido,,35 years,8326,0.397,9118,0.91,70.5,3.4,502,13113,0.63,0.13,0.7,0.09,0.08,0.92,AWPer
S0tF1k,Dmitry Forostyanko,Spirit Academy,28 years,21826,0.49200000000000005,23815,0.92,71.3,5.4,1322,34842,0.63,0.14,0.68,0.1,0.09,0.92,Support
pNshr,Nikolay Paunin,,31 years,9886,0.43200000000000005,10698,0.92,71.0,3.1,600,15671,0.63,0.15,0.68,0.1,0.09,0.92,Support
TACO,Epitacio de Melo,00NATION,28 years,23328,0.503,24933,0.94,67.2,4.4,1482,38592,0.6,0.12,0.65,0.09,0.07,0.92,AWPer
arki,Omar Chakkor,SAW,33 years,14525,0.525,15799,0.92,70.5,5.6,889,23396,0.62,0.15,0.68,0.1,0.08,0.92,Support
SANJI,Sanjar Kuliev,Virtus.pro,25 years,12151,0.622,13149,0.92,68.8,3.9,743,19879,0.61,0.12,0.66,0.1,0.08,0.97,AWPer
sorrow,Zhandarbek Mamyrbek,,27 years,7796,0.5489999999999999,8621,0.9,70.5,3.7,456,12239,0.64,0.11,0.7,0.1,0.08,0.96,AWPer
Zeus,Danylo Teslenko,,35 years,23470,0.435,25460,0.92,69.9,5.5,1405,37152,0.63,0.17,0.69,0.11,0.08,0.92,In-Game Leader
Luz,Maciek Bugaj,UNGENTIUM,28 years,10895,0.48100000000000004,11889,0.92,72.4,3.2,660,17302,0.63,0.14,0.69,0.1,0.09,0.92,Support
MSL,Mathias Lauridsen,NtK,28 years,29396,0.39899999999999997,32804,0.9,70.5,3.8,1749,45720,0.64,0.15,0.72,0.12,0.08,0.92,Support
dobbo,William Dobson,Into the Bin,19 years,7342,0.5329999999999999,7917,0.93,66.9,3.7,445,12084,0.61,0.11,0.66,0.09,0.1,0.96,AWPer
SENER1,Sener Mahmuti,Bad News Eagles,26 years,7830,0.526,8539,0.92,69.5,6.2,482,12862,0.61,0.14,0.66,0.1,0.09,0.98,Support
arya,Arya Hekmat,,30 years,7277,0.349,8145,0.89,72.6,3.5,440,11291,0.64,0.14,0.72,0.11,0.09,0.92,Support
akez,Kristian Kornbakk,777,30 years,9342,0.551,10385,0.9,71.1,3.5,550,14806,0.63,0.13,0.7,0.11,0.1,0.92,AWPer
nak,Renato Nakano,,35 years,8234,0.446,8934,0.92,70.8,4.5,519,13439,0.61,0.15,0.66,0.1,0.09,0.92,Support
svyat,Svyatoslav Dovbakh,,28 years,11975,0.519,13035,0.92,69.7,4.7,734,19717,0.61,0.14,0.66,0.09,0.09,0.98,Support
Dav,David Miljanić,,31 years,7539,0.40700000000000003,8361,0.9,71.2,4.7,468,12095,0.62,0.15,0.69,0.11,0.11,0.91,Support
xartE,Mikko Välimaa,HAVU,31 years,18389,0.37200000000000005,20049,0.92,69.7,6.3,1155,30358,0.61,0.15,0.66,0.09,0.09,0.91,Support
ncl,Bold Batsuh,Mazaalai,28 years,8647,0.493,9411,0.92,68.4,3.9,546,14042,0.62,0.13,0.67,0.11,0.09,0.91,AWPer
LEGIJA,Nikola Ninić,,32 years,14245,0.498,15916,0.9,69.5,4.6,869,22614,0.63,0.14,0.7,0.09,0.08,0.91,Support
roman,Roman Redihin,,34 years,6787,0.55,7451,0.91,69.6,3.0,414,10880,0.62,0.14,0.68,0.11,0.1,0.91,Support
karrigan,Finn Andersen,FaZe,32 years,34286,0.43200000000000005,38181,0.9,68.7,5.1,2103,55200,0.62,0.13,0.69,0.09,0.07,0.91,AWPer
BTN,Cătălin-Ionuț Stănescu,Nexus,33 years,20204,0.537,22625,0.89,72.9,5.3,1202,31688,0.64,0.15,0.71,0.11,0.09,0.91,Support
wayLander,Jan Rahkonen,,28 years,13258,0.518,14973,0.89,70.8,3.2,794,20857,0.64,0.13,0.72,0.08,0.07,0.91,
BONA,Verneri Junkala,SJ,23 years,7931,0.521,8874,0.89,69.9,4.5,476,12674,0.63,0.13,0.7,0.1,0.1,0.91,
sAw,Eetu Saha,ENCE,30 years,20522,0.479,22630,0.91,69.3,6.1,1267,33681,0.61,0.16,0.67,0.11,0.09,0.9,Support
coolio,András Fercsák,,22 years,6238,0.536,6887,0.91,64.9,4.0,396,10638,0.59,0.11,0.65,0.1,0.1,0.94,
kRYSTAL,Kevin Amend,undefined,29 years,29866,0.36700000000000005,33361,0.9,67.3,5.4,1888,49380,0.6,0.14,0.68,0.1,0.08,0.9,Support
ben1337,Ben Smith,EG White,24 years,15776,0.467,17606,0.9,69.5,5.1,988,25718,0.61,0.14,0.68,0.11,0.09,0.97,Support
crush,Igor Shevchenko,NAVI Junior,27 years,11844,0.525,13320,0.89,69.9,4.9,732,19295,0.61,0.13,0.69,0.09,0.07,0.9,
balblna,Gregory Oleinick,NASR,27 years,9803,0.498,11039,0.89,70.4,5.1,612,16045,0.61,0.15,0.69,0.11,0.1,0.9,Support
sycrone,Dennis Nielsen,MOUZ,27 years,8771,0.41100000000000003,9749,0.9,70.4,4.3,553,14608,0.6,0.15,0.67,0.1,0.09,0.9,Support
nkl,Nikolay Krastev,,29 years,9990,0.429,11036,0.91,68.3,3.3,642,16554,0.6,0.15,0.67,0.1,0.07,0.9,Support
Golden,Maikil Selim,GODSENT,29 years,14239,0.535,16255,0.88,69.2,5.4,873,23240,0.61,0.14,0.7,0.1,0.09,0.94,Support
hooch,Dmitry Bogdanov,1WIN,35 years,14451,0.418,16279,0.89,70.8,4.4,897,23538,0.61,0.14,0.69,0.08,0.07,0.9,Support
MiGHTYMAX,Max Heath,Endpoint,25 years,20030,0.494,22450,0.89,65.9,5.3,1292,34289,0.58,0.13,0.65,0.1,0.09,0.9,
FNS,Pujan Mehta,,30 years,15287,0.45899999999999996,17081,0.89,68.0,4.1,953,25080,0.61,0.14,0.68,0.1,0.08,0.89,Support
spiker,Alexander Ivanov,,28 years,6837,0.42700000000000005,7811,0.88,71.5,2.6,415,10974,0.62,0.14,0.71,0.08,0.08,0.89,Support
Psycho,Alexandr Zlobin,IKLA,25 years,8322,0.522,9388,0.89,70.2,6.5,514,13708,0.61,0.14,0.68,0.1,0.09,0.96,Support
JiNKZ,Gaëtan Jamin,,27 years,8657,0.535,9850,0.88,69.7,3.8,542,14411,0.6,0.15,0.68,0.11,0.09,0.97,Support
MAiNLiNE,Michael Jaber,,26 years (,6904,0.517,7968,0.87,69.1,2.4,437,11092,0.62,0.14,0.72,0.11,0.09,0.89,Support
pronax,Markus Wallsten,,31 years,18722,0.45799999999999996,20989,0.89,64.7,4.0,1199,31403,0.6,0.14,0.67,0.09,0.08,0.89,Support
Polen,Adam Polen,,26 years,7017,0.5329999999999999,7995,0.88,69.8,4.3,435,11470,0.61,0.14,0.7,0.1,0.08,0.89,Support
lunAtic,Dawid Cieślak,HONORIS,29 years,16629,0.39299999999999996,18813,0.88,67.7,5.3,1015,27545,0.6,0.13,0.68,0.1,0.09,0.89,
Adam9130,Adam Ahmad,Into the Bin,25 years,10464,0.39799999999999996,12097,0.87,73.0,5.8,618,16821,0.62,0.15,0.72,0.1,0.08,0.97,Support
Lambert,Lambert Prigent,LDLC,31 years,11962,0.371,13543,0.88,63.4,3.6,775,20411,0.59,0.11,0.66,0.09,0.08,0.88,
LeX,Alexander Deily,,32 years,7418,0.447,8680,0.85,71.1,4.0,462,11931,0.62,0.14,0.73,0.1,0.08,0.88,Support
IceBerg,Oliver Berg,Tricked,22 years,10307,0.528,12243,0.84,72.3,4.2,608,16287,0.63,0.13,0.75,0.11,0.08,0.95,
torben,Nicolai Amorim,,27 years,8176,0.495,9372,0.87,66.2,3.7,532,13939,0.59,0.12,0.67,0.1,0.09,0.93,
seang@res,Sean Gares,Old Guys Club,34 years,10904,0.402,12533,0.87,67.4,4.8,713,18391,0.59,0.14,0.68,0.11,0.08,0.88,Support
ScrunK,Robin Röpke,Sangal,27 years,17229,0.46299999999999997,20271,0.85,70.7,7.1,1068,28522,0.6,0.14,0.71,0.1,0.08,0.88,Support
daps,Damian Steele,Liquid,29 years,16274,0.402,18638,0.87,66.8,4.4,1075,28101,0.58,0.14,0.66,0.1,0.07,0.88,Support
flowsicK,Kyle Mendez,,31 years,6257,0.474,7304,0.86,73.6,3.7,395,10074,0.62,0.15,0.73,0.11,0.08,0.87,Support
birdfromsky,Thomas Due-Frederiksen,Copenhagen Flames,29 years,15024,0.414,17530,0.86,72.4,8.0,932,25301,0.59,0.18,0.69,0.14,0.09,0.98,In-Game Leader
nawrot,Piotr Nawrocki,9INE,24 years,9801,0.47100000000000003,11570,0.85,66.1,4.0,606,16271,0.6,0.12,0.71,0.1,0.09,0.92,
advent,Zhuo Liang,Rare Atom,30 years,16478,0.5,18843,0.87,62.1,4.5,1150,29589,0.56,0.13,0.64,0.11,0.1,0.87,
BERRY,Danny Krüger,Sprout,32 years,13135,0.38,15593,0.84,71.3,5.8,814,21328,0.62,0.15,0.73,0.1,0.08,0.87,Support
def,Dima Lemeshchuk,,28 years,9243,0.418,10836,0.85,67.4,3.4,605,15797,0.59,0.14,0.69,0.11,0.08,0.86,Support
HooXi,Rasmus Nielsen,G2,27 years,13311,0.496,15803,0.84,67.5,5.9,870,23094,0.58,0.13,0.68,0.09,0.07,0.86,
djL,Daniel Narancic,Ninjas in Pyjamas,29 years,10263,0.473,11998,0.86,63.0,3.0,688,18180,0.56,0.12,0.66,0.1,0.08,0.91,
Devilwalk,Jonatan Lundberg,Bad News Eagles,31 years,6222,0.512,7368,0.84,68.6,3.9,408,10717,0.58,0.16,0.69,0.12,0.08,0.86,Support
gob b,Fatih Dayik,BIG,35 years,14492,0.485,17320,0.84,66.6,5.9,978,25799,0.56,0.13,0.67,0.1,0.08,0.85,
Slemmy,Alec White,,32 years,6638,0.496,7951,0.83,63.7,3.2,445,11663,0.57,0.12,0.68,0.11,0.09,0.85,
PASHANOJ,Pavel Legostaev,,28 years,9433,0.534,11804,0.8,68.0,3.9,620,16227,0.58,0.13,0.73,0.1,0.07,0.9,
simix,Robin Bynens,EC Brugge,27 years,5819,0.508,7197,0.81,62.1,4.0,396,10594,0.55,0.12,0.68,0.12,0.1,0.89,
B1ad3,Andrey Gorodenskiy,Natus Vincere,36 years,13472,0.419,16880,0.8,66.5,2.6,899,23232,0.58,0.16,0.73,0.1,0.07,0.83,Support
netrick,Jonas Wenzelsen,,27 years,6753,0.48200000000000004,8489,0.8,66.8,6.6,455,11976,0.56,0.14,0.71,0.11,0.09,0.82,Support
HUNDEN,Nicolai Petersen,,31 years,22470,0.48700000000000004,28708,0.78,64.4,4.5,1578,41153,0.55,0.14,0.7,0.11,0.09,0.81,Support
RuFire,Aleksei Burakov,BakS,27 years,5796,0.479,7776,0.75,66.5,4.6,398,10563,0.55,0.14,0.74,0.09,0.06,0.84,Support
OCEAN,Kyle O'Brien,,35 years,5530,0.44299999999999995,7492,0.74,59.7,3.6,410,10602,0.52,0.12,0.71,0.09,0.08,0.77,
