Player Name,Teammate(s) Name,"Maps played
 (No. of maps
 played in)","Rounds played
 (No. of rounds
 played in)","K-D Diff
 (No. of Kills completed
 - No. of times player died)","K/D Ratio
 (No. of Kills completed /
 No. of times player died)","Rating
 (1.0)"
ZywOo,"['Vitality', 'aAa']",1108,29209,6778,1.38,1.27
s1mple,['Natus Vincere'],1647,43578,9411,1.34,1.24
sh1ro,"['Gambit Youngsters', 'Gambit']",933,24798,5922,1.45,1.23
deko,['1WIN'],486,13190,2840,1.37,1.21
Kaze,"['Rare Atom', 'ViCi', 'Flash', 'MVP.karnal']",908,23727,4398,1.31,1.19
saffee,"['FURIA', 'paiN']",446,11796,2060,1.29,1.18
smooya,"['BIG', 'Movistar Riders', 'Epsilon']",916,24290,4039,1.27,1.18
degster,"['OG', 'Espada', 'Spirit']",773,20638,3684,1.3,1.18
XANTARES,"['Eternal Fire', 'Space Soldiers', 'BIG']",1878,49585,6703,1.2,1.17
sterling,"['AVANT', 'Looking For Org', 'Dire Wolves']",902,23109,4099,1.3,1.17
SENSEi,"['IKLA', 'CR4ZY', 'Project X', 'Akuma', 'Iron Branch', 'Run or Die']",608,16264,3138,1.35,1.16
device,"['Astralis', 'TSM']",1829,47640,7388,1.25,1.16
DANK1NG,"['TYLOO', 'EHOME']",425,11266,1741,1.24,1.16
blameF,"['Astralis', 'Complexity', 'Heroic', 'Epsilon']",973,26129,4156,1.26,1.16
NiKo,"['G2', 'FaZe', 'MOUZ']",1699,45144,5783,1.19,1.15
KSCERATO,['FURIA'],972,25303,4045,1.28,1.15
torzsi,"['MOUZ', 'Budapest Five', 'MOUZ NXT', 'Salamander']",542,14454,2092,1.24,1.15
BnTeT,"['TYLOO', 'Gen.G', 'EXTREMUM']",1070,27889,3818,1.22,1.15
coldzera,"['SK', 'FaZe', 'Luminosity', 'MIBR']",1476,38594,5625,1.24,1.14
Woro2k,"['Monte', 'MAD Lions', 'ex-MAD Lions']",442,11921,1665,1.22,1.14
Benkai,"['BOOT-d[S]', 'BOOT', 'dream[S]cape']",603,15560,2046,1.2,1.14
Sico,"['Grayhound', 'Renegades', 'ORDER', 'Kings']",960,24299,3754,1.26,1.13
XigN,"['NKT', 'MVP PK', 'MVP Project']",778,20232,2466,1.19,1.13
Texta,"['Chiefs', 'Athletico', 'Dark Sided']",626,15749,1748,1.16,1.13
Jame,"['AVANGAR', 'Virtus.pro']",1258,33337,5623,1.31,1.13
XELLOW,['Nexus'],1182,31216,3666,1.18,1.13
mhL,"['Endpoint', 'AGO', 'MOUZ NXT']",596,16023,2112,1.21,1.13
oskar,"['SINNERS', 'MOUZ', 'HellRaisers']",1525,40300,5080,1.2,1.13
forsyy,"['SINNERS', 'Enterprise']",461,12453,1740,1.23,1.13
El1an,"['Winstrike', 'Entropiq', 'EPG']",1339,35728,4878,1.22,1.13
sk0R,"['IHC', 'D13', 'NKT']",422,11395,1233,1.16,1.12
frozen,"['MOUZ', 'eXtatus']",1285,33626,3868,1.18,1.12
mantuu,"['OG', 'ALTERNATE aTTaX', 'PANTHERS']",696,18646,2374,1.21,1.12
Freeman,"['TYLOO', 'ViCi']",793,20299,2309,1.18,1.12
kennyS,"['G2', 'Envy', 'Titan']",1930,51113,6457,1.2,1.12
huNter-,"['G2', 'Valiance', 'Binary Dragons']",1536,40565,4344,1.16,1.12
liTTle,"['forZe', 'RuSh3D', 'Spartak', 'Enso']",458,12159,1550,1.2,1.12
yuurih,['FURIA'],1064,27772,3260,1.18,1.12
woxic,"['HellRaisers', 'Eternal Fire', 'MOUZ']",1257,33092,4139,1.2,1.12
INS,"['Grayhound', 'Renegades', 'Chiefs', 'ORDER', 'Tainted Minds']",1009,25563,2790,1.17,1.12
kNgV-,"['O PLANO', 'MIBR', 'INTZ']",878,23002,2552,1.17,1.12
Jamppi,"['SJ', 'ENCE']",503,13449,1408,1.16,1.12
ropz,"['FaZe', 'MOUZ']",1220,32318,4027,1.2,1.12
wrath,"['New Identity', 'Secret Club', 'BlackOut']",525,13568,1239,1.13,1.12
dgt,['9z'],485,12865,1692,1.22,1.12
SunPayus,"['ENCE', 'Movistar Riders']",400,10702,1419,1.22,1.11
h4rn,"['FATE', 'Fiend', 'Enterprise']",684,18337,2397,1.22,1.11
chelleos,"['Rooster', 'madlikewizards', 'Paradox']",601,15529,1477,1.14,1.11
PTC,"['Lucid Dream', '5POWER']",476,12393,1408,1.18,1.11
nawwk,"['Apeks', 'GamerLegion', 'Ninjas in Pyjamas', 'x6tence Galaxy']",992,26576,3425,1.21,1.11
vsm,"['Fluxo', 'DETONA', '00NATION']",639,16947,1681,1.15,1.11
splashske,"['BOOT-d[S]', 'HZ', 'BOOT', 'dream[S]cape']",722,18651,1811,1.15,1.11
erkaSt,"['NKT', 'Grayhound', 'TIGER', 'Immunity']",920,23944,2450,1.15,1.11
Twistzz,"['FaZe', 'Liquid']",1466,38566,4206,1.18,1.11
zorte,"['forZe', 'Unique']",877,23533,2974,1.21,1.11
GuardiaN,"['Natus Vincere', 'FaZe']",1590,41693,4763,1.18,1.11
xsepower,"['forZe', 'K23']",1336,35869,4797,1.23,1.11
dream3r,"['E-frag.net', 'Fiend', 'SKADE']",1354,35532,4314,1.2,1.11
ottoNd,"['HAVU', 'Valiance', 'CR4ZY', 'c0ntact']",890,23509,2715,1.19,1.11
CacaNito,['BLUEJAYS'],394,10579,850,1.12,1.11
FREDDyFROG,"['Chaos', 'Red Reserve', 'Apeks', 'Japaleno', 'Galaxy Racer']",1208,32176,3606,1.18,1.11
Vexite,"['Grayhound', 'ORDER', 'Chiefs']",407,10368,854,1.12,1.11
dumau,"['00NATION', 'GODSENT', 'Yeah']",522,13859,1586,1.18,1.1
TenZ,"['Bad News Bears', 'ATK']",401,10399,839,1.12,1.1
f0rest,"['Ninjas in Pyjamas', 'Dignitas']",2101,54645,5673,1.16,1.1
Olivia,"['Beyond', 'Alpha Red', 'Signature']",634,16189,1565,1.15,1.1
poizon,"['Complexity', 'Windigo', 'Bpro']",1108,29354,2862,1.15,1.1
mertz,"['North Academy', 'Heroic', 'North', 'Nordavind', 'Singularity']",955,25333,2594,1.16,1.1
mir,"['Spirit', 'Vega Squadron', 'Gambit']",1066,28082,2792,1.15,1.1
WARDELL,"['Ghost', ""Bee's Money Crew"", 'Orgless']",609,15901,1648,1.17,1.1
HEN1,"['MIBR', 'Immortals', 'FURIA', 'Luminosity']",1234,32076,4103,1.22,1.1
oSee,"['Liquid', 'Extra Salt', 'Singularity', 'Cloud9']",1195,31185,3498,1.18,1.1
CeRq,"['NRG', 'Evil Geniuses', 'Outlaws']",1234,32056,3437,1.17,1.1
swag,"['Swole Patrol', 'Torqued', 'iBUYPOWER', 'Lazarus']",556,14447,1629,1.18,1.1
hades,"['ENCE', 'Wisla Krakow']",734,19842,2278,1.19,1.1
Brehze,"['Evil Geniuses', 'NRG']",1223,31869,2741,1.13,1.1
ekul,"['Paradox', 'SYF']",452,11703,986,1.12,1.1
Ax1Le,"['Gambit Youngsters', 'Gambit']",1006,26716,2708,1.16,1.1
Infinite,['Party Astronauts'],888,23167,2033,1.13,1.1
allu,"['ENCE', 'Ninjas in Pyjamas', 'FaZe']",1704,44694,4606,1.16,1.1
PwnAlone,"['Party Astronauts', 'New England Whalers']",969,25192,2480,1.16,1.1
moose,"['eUnited', 'Rise Nation']",752,19559,1975,1.16,1.1
nython,"['Paquetá', 'RED Canids', 'paiN']",537,14293,1440,1.16,1.1
xccurate,"['TYLOO', 'Recca', 'BTRG', 'NKT']",698,18113,1724,1.15,1.09
mixwell,"['OpTic', 'Movistar Riders']",840,21804,1911,1.13,1.09
Sonic,"['Bravado', 'Extra Salt', 'Cloud9']",963,24799,2362,1.15,1.09
syrsoN,"['BIG', 'ALTERNATE aTTaX', 'Sprout']",1800,47847,4827,1.16,1.09
aliStair,"['ORDER', 'Chiefs', 'Renegades']",1121,28446,2903,1.16,1.09
GeT_RiGhT,['Ninjas in Pyjamas'],1746,45054,4291,1.15,1.09
JUGi,"['Heroic', 'OpTic', 'Tricked', 'North']",940,24427,2676,1.18,1.09
Cooper,"['Mythic', 'Swole Patrol', 'eUnited', 'Triumph']",829,21581,2114,1.15,1.09
Calyx,"['Eternal Fire', 'Space Soldiers', 'DarkPassage']",1149,30128,2939,1.15,1.09
biguzera,['paiN'],689,18290,1721,1.15,1.09
ryx,"['Echo Fox', 'Splyce', 'Ghost', 'Dignitas', 'Tempo Storm', 'Conquest']",491,12856,1181,1.14,1.09
electroNic,"['Natus Vincere', 'FlipSid3']",1394,36830,3081,1.13,1.09
ritchiEE,['EC Brugge'],443,11782,975,1.12,1.09
zehN,"['HAVU', 'GODSENT', 'PENTA', 'FunPlus Phoenix']",1183,31410,2619,1.13,1.09
ScreaM,"['Envy', 'G2', 'Titan', 'VeryGames']",1430,37087,3105,1.13,1.09
JOTA,"['MIBR', 'Bravos', 'Keyd']",546,14246,1356,1.15,1.09
NAF,"['Liquid', 'OpTic']",1667,43869,4283,1.16,1.09
BL1TZ,"['Chiefs', 'Legacy', 'AVANT', 'Funky Monkeys']",740,19035,1601,1.13,1.09
nex,"['BIG', 'MOUZ']",1074,28389,2435,1.13,1.09
NEOFRAG,"['OG', 'SINNERS']",763,20434,1386,1.1,1.08
nukkye,"['Imperial', 'HellRaisers', 'NoChance']",592,15492,1330,1.13,1.08
draken,"['Epsilon', 'Ninjas in Pyjamas', 'Into the Breach']",1272,33864,3313,1.16,1.08
gas,"['Wings Up', 'LGD', 'EDG', 'Aster']",514,13501,792,1.08,1.08
pz,"['VERTEX', 'TRUCKERS WITH ATTITUDE', 'Airborne']",494,12833,1144,1.14,1.08
dennyslaw,['SKADE'],1324,35699,3252,1.14,1.08
ZOREE,"['HAVU', 'iGame.com', 'SJ']",1750,46517,4423,1.15,1.08
fer,"['SK', 'MIBR', 'Luminosity']",1468,38442,2823,1.11,1.08
EliGE,['Liquid'],1706,44821,3105,1.1,1.08
exit,"['MIBR', 'Sharks']",872,22528,2413,1.18,1.08
Savage,"['VG.CyberZen', 'ViCi', 'CyberZen', '5POWER']",836,21434,1926,1.14,1.08
DJOXiC,"['Binary Dragons', 'iNation', 'Valiance']",489,12531,1204,1.15,1.08
lollipop21k,"['Nemiga', 'GoodJob']",1270,34041,2450,1.11,1.08
Detrony,['Bravado'],412,10449,862,1.13,1.08
hazr,"['AVANT', 'Looking For Org', 'Breakaway', 'Dire Wolves']",825,21105,1310,1.09,1.08
faveN,"['BIG', 'Sprout', 'EURONICS']",1412,37730,3146,1.13,1.08
Machinegun,"['TheMongolz', 'Mazaalai']",431,10994,676,1.09,1.08
Spinx,"['Vitality', 'ENCE', 'c0ntact']",525,14004,1140,1.13,1.08
valde,"['North', 'OG', 'Heroic']",1299,34539,2865,1.13,1.08
Attacker,"['TYLOO', 'Flash']",1285,33057,2666,1.12,1.08
keev,"['ALTERNATE aTTaX', 'BIG', 'KILLERFISH']",594,15524,1217,1.12,1.08
sergej,"['GORILLAZ', 'ENCE', 'HAVU']",776,20425,1816,1.14,1.08
cynic,"['Nouns', 'Party Astronauts', 'Triumph', 'Gaimin Gladiators']",829,21651,1827,1.13,1.08
k0nfig,"['Dignitas', 'OpTic', 'Complexity', 'North', 'Astralis']",1610,42667,2476,1.08,1.08
mezii,"['fnatic', 'Endpoint', 'GamerLegion', 'Cloud9', 'Vexed']",602,16224,1371,1.13,1.08
ShahZaM,"['Complexity', 'Misfits', 'Echo Fox', 'Conquest', 'OpTic']",966,25252,2058,1.13,1.08
gxx-,"['Bad News Eagles', 'BLINK']",459,12264,1292,1.18,1.08
junior,"['Triumph', 'Bad News Bears', 'Complexity', 'FURIA']",508,13273,1386,1.17,1.08
felps,"['SK', 'GODSENT', 'Immortals']",1104,28371,1735,1.09,1.08
floppy,"['Complexity', 'Cloud9', 'Singularity']",905,23762,1725,1.11,1.08
FL1T,['forZe'],1318,35489,3010,1.13,1.08
Hatz,"['ORDER', 'Renegades', 'Kings']",970,24686,2046,1.13,1.08
Farlig,"['Copenhagen Flames', 'Astralis', 'FunPlus Phoenix', 'GODSENT']",775,20762,1777,1.14,1.08
iDISBALANCE,"['Spirit', 'Nemiga']",935,24888,2347,1.15,1.08
Magisk,"['Vitality', 'Astralis', 'SK', 'Dignitas']",1497,39488,3291,1.13,1.08
jL,"['Apeks', 'MAD Lions', 'ex-MAD Lions']",449,12063,864,1.11,1.08
dupreeh,"['Astralis', 'TSM']",2036,53134,4294,1.13,1.08
fejtZ,['SMASH'],867,22934,1694,1.11,1.08
jayzaR,"['Valiance', 'Enyoy']",531,14033,935,1.1,1.08
Rickeh,"['ORDER', 'CLG', 'Rogue']",962,25181,2388,1.15,1.07
broky,"['FaZe', 'Epsilon']",786,20996,1971,1.15,1.07
Liazz,"['Renegades', 'ORDER', '100 Thieves', 'Kings', 'Athletico', 'EXTREMUM']",1036,26658,2275,1.14,1.07
MICHU,"['Virtus.pro', 'Kinguin', 'CSGL']",1791,47050,3101,1.1,1.07
Ryxxo,"['Tricked', 'Singularity']",880,23128,1955,1.13,1.07
Summer,"['TYLOO', 'Flash']",1302,33566,2741,1.13,1.07
meyern,"['Isurus', 'Furious', 'MIBR', 'Sharks']",507,13245,885,1.1,1.07
ptr,"['Bad News Bears', 'NRG', 'Complexity']",1136,29729,2699,1.15,1.07
NaToSaphiX,"['Sprout', 'Nordavind']",982,26213,2541,1.16,1.07
dapr,['eUnited'],594,15426,1002,1.1,1.07
Impulse,"['Valiance', 'ONYX', 'lvlUP', 'RESISTANCE']",781,20768,1589,1.12,1.07
dexter,"['MOUZ', 'Grayhound', 'Renegades']",1070,27582,1800,1.1,1.07
hallzerk,"['Complexity', 'Dignitas', 'Nordavind']",838,22688,1584,1.11,1.07
nicoodoz,"['fnatic', 'Copenhagen Flames']",807,21614,1958,1.15,1.07
xand,"['INTZ', 'Yeah']",515,13210,875,1.1,1.07
hAdji,"['LDLC', 'EnVyUs Academy', 'Falcons']",1242,32873,2356,1.11,1.07
InfrequeNt,"['Athletico', 'Tainted Minds', 'Chiefs']",480,12386,931,1.12,1.07
CRUC1AL,"['Endpoint', 'Epsilon']",1515,39779,2929,1.11,1.07
EspiranTo,"['Imperial', 'Valiance', 'CR4ZY', 'c0ntact']",881,23045,1349,1.09,1.07
YEKINDAR,"['pro100', 'Virtus.pro', 'EPG']",1197,31916,1518,1.07,1.07
jks,"['Renegades', 'Complexity', '100 Thieves']",1245,32530,2428,1.12,1.07
autimatic,"['Cloud9', 'Gen.G']",1223,31966,2244,1.1,1.07
shox,"['G2', 'Vitality']",2053,53896,3736,1.11,1.07
anarkez,"['Finest', 'Secret']",790,21280,1538,1.11,1.07
somebody,['TYLOO'],1257,32545,2162,1.1,1.07
QKA,"['5POWER', 'UYA', 'BOOT']",402,10409,702,1.1,1.07
s4ltovsk1yy,"['IKLA', 'EC Kyiv']",478,13034,1103,1.14,1.07
NikoM,"['TeamOne', 'Isurus']",537,13864,966,1.11,1.07
WorldEdit,"['FlipSid3', 'pro100', 'Winstrike']",1330,34767,2453,1.11,1.07
shroud,['Cloud9'],676,17460,1311,1.12,1.07
dycha,"['ENCE', 'Sprout', 'Aristocracy']",885,23726,1382,1.09,1.07
Pimp,"['Dignitas', 'SK', 'Liquid', 'CPH Wolves']",976,25052,2016,1.13,1.07
FalleN,"['SK', 'MIBR', 'Luminosity']",1619,42481,3832,1.15,1.07
chelo,"['INTZ', 'MIBR', 'Luminosity']",950,24717,1527,1.09,1.07
reiko,['HONORIS'],490,13179,460,1.05,1.06
DD,"['TYLOO', 'OneThree']",917,23728,1523,1.1,1.06
fame,"['Outsiders', 'K23', 'SG.pro']",587,15634,1040,1.1,1.06
snatchie,"['AGO', 'Virtus.pro', 'Sprout']",1629,43656,2589,1.09,1.06
HObbit,"['Gambit', 'Winstrike']",1233,32570,2257,1.11,1.06
shalfey,"['forZe', 'Unique']",527,14257,1214,1.14,1.06
smike,"['pro100', 'ACG', ""spray'n'pray"", 'eXplosive', 'k1ck']",496,12846,601,1.07,1.06
ofnu,"['Tainted Minds', 'Chiefs', 'AVANT', 'Winterfox']",852,21778,1380,1.1,1.06
AnJ,"['NRG', 'Singularity', 'Tricked']",403,10503,763,1.11,1.06
slaxz-,"['ALTERNATE aTTaX', 'Sprout']",1078,29303,2324,1.13,1.06
acoR,"['Tricked', 'North Academy', 'MAD Lions', 'MOUZ']",1135,29753,2180,1.12,1.06
Ethan,"['NRG', 'CLG', 'Evil Geniuses']",986,25998,1488,1.09,1.06
boltz,"['Immortals', 'Luminosity', 'SK', 'MIBR']",1339,34998,2601,1.12,1.06
SHiPZ,"['SKADE', 'Windigo']",1846,49313,2514,1.07,1.06
NikkeZ,"['Ground Zero', 'Athletico']",420,10817,549,1.07,1.06
zhokiNg,"['ViCi', 'VG.CyberZen']",1233,31525,1463,1.07,1.06
shz,"['Luminosity', 'Imperial', 'MIBR', 'INTZ', 'BOOM']",831,21553,1446,1.1,1.06
trk,"['TeamOne', 'MIBR']",944,24679,1626,1.1,1.06
Happy,"['Envy', 'LDLC']",1464,37933,2745,1.11,1.06
roeJ,"['fnatic', 'Copenhagen Flames', 'MAD Lions', 'Tricked']",976,25759,1466,1.08,1.06
afro,"['LDLC', 'DBL PONEY', 'HEET']",680,18221,1250,1.11,1.06
Lucaozy,"['Fluxo', 'Sharks', 'DETONA', 'Reapers']",505,13632,1014,1.12,1.06
Rainwaker,['SKADE'],1278,34523,2471,1.11,1.06
Brollan,"['Ninjas in Pyjamas', 'fnatic', 'GODSENT']",1071,28421,1499,1.08,1.06
COLDYY1,['Spirit'],947,24917,1718,1.11,1.06
Valiance,"['ORDER', 'Paradox']",662,17113,1133,1.1,1.06
b4rtiN,"['TeamOne', 'GODSENT']",547,14329,948,1.1,1.06
malbsMd,"['TeamOne', 'Infinity']",655,16790,554,1.05,1.06
paz,"['Space Soldiers', 'Sangal']",1147,30130,1910,1.1,1.06
Skadoodle,['Cloud9'],1047,27129,2458,1.15,1.06
koosta,"['CLG', 'Ghost', 'Gen.G', 'Enemy']",977,25766,1341,1.08,1.06
Maka,"['Heretics', 'LDLC', '3DMAX']",1257,33405,2259,1.11,1.06
pancc,"['W7M', 'Sharks']",602,15875,818,1.08,1.06
flying,['Invictus'],425,11340,551,1.07,1.06
remix,"['ODDIK', 'Liberty', 'Redemption POA', 'UNO MILLE']",473,12636,771,1.09,1.06
Sobol,"['HONORIS', 'PACT', 'Wisla Krakow']",934,25360,1462,1.09,1.06
tucks,['Chiefs'],718,18208,1227,1.1,1.06
TOR,"['Signature', 'Beyond']",452,11472,657,1.09,1.06
suNny,"['ENCE', 'MOUZ', 'PENTA']",1353,35708,1623,1.07,1.05
Krimbo,"['BIG', 'BIG Academy', 'ALTERNATE aTTaX', 'cowana']",465,12461,841,1.11,1.05
olofmeister,"['fnatic', 'FaZe']",1568,40980,2664,1.1,1.05
SLOWLY,"['TYLOO', 'EHOME']",569,15083,672,1.07,1.05
hardzao,"['paiN', 'DETONA']",769,20201,1507,1.12,1.05
Grim,"['Complexity', 'Liquid', 'Triumph', 'Dignitas']",987,25950,948,1.05,1.05
rallen,"['Kinguin', 'AGO']",1809,48384,3156,1.1,1.05
KEi,"['9INE', 'AVEZ', 'Anonymo']",787,21172,840,1.06,1.05
b1t,"['Natus Vincere', 'NAVI Junior']",536,14255,950,1.11,1.05
bottle,"['Born Of Fire', 'Eclipse', 'Invictus', '5POWER', 'CyberZen']",768,19801,871,1.06,1.05
Gratisfaction,"['Grayhound', 'Renegades', '100 Thieves', 'Immunity', 'EXTREMUM']",919,23921,1674,1.11,1.05
ISSAA,"['HellRaisers', 'OG']",870,22834,1402,1.09,1.05
flameZ,"['OG', 'Endpoint']",472,12655,567,1.07,1.05
Ramz1kBO$$,"['Tengri', 'Syman']",425,11070,553,1.07,1.05
stavn,"['Heroic', 'Fragsters']",1211,32227,1692,1.08,1.05
iM,"['GamerLegion', 'Nexus']",846,22708,924,1.06,1.05
HZ,"['TYLOO', 'CyberZen', 'AllGamers']",500,12856,691,1.08,1.05
Lucky,"['Tricked', 'Astralis']",666,18016,1280,1.11,1.05
cajunb,"['North', 'TSM', 'OpTic', 'Dignitas']",1751,45848,2868,1.1,1.05
WolfY,"['ECSTATIC', 'Lyngby Vikings', 'Secret Club', 'fnatic Rising']",622,16556,1256,1.12,1.05
mou,"['Gambit', 'K23', 'HellRaisers', 'Syman']",1530,40596,2566,1.1,1.05
JW,['fnatic'],2098,55251,2599,1.07,1.05
tabseN,"['BIG', 'PENTA', 'MOUZ']",2045,54077,1551,1.04,1.05
rigoN,"['Bad News Eagles', 'BLINK']",475,12711,212,1.02,1.05
yay,"['Complexity', 'Orgless']",653,17182,604,1.05,1.05
zeph,"['ORDER', 'Chiefs', 'DGG', 'Ground Zero']",600,15248,600,1.06,1.05
REDSTAR,"['Fiend', 'Bpro']",735,19581,1303,1.1,1.05
KRIMZ,['fnatic'],1862,48979,3140,1.1,1.05
jeorgesnorts,"['Gaimin Gladiators', 'Triumph', 'ChocoCheck', 'Nouns', 'GGPR']",411,10793,507,1.07,1.05
SicK,"['Rogue', 'Misfits', 'TSM']",795,20701,1040,1.07,1.05
nin9,"['NKT', 'TIGER', 'Renewal', 'Mazaalai']",449,11860,770,1.1,1.05
c0llins,"['Partizan', '4glory']",408,11020,456,1.06,1.05
NEEX,"['Izako Boars', 'ESC']",429,11195,574,1.08,1.05
Bwills,"['Nouns', 'Triumph', 'Gaimin Gladiators']",945,24633,1276,1.08,1.05
loWel,"['Movistar Riders', 'PENTA', 'MOUZ']",1008,26413,1739,1.1,1.05
juanflatroo,"['Bad News Eagles', 'BLINK', 'Secret']",668,17868,491,1.04,1.05
raafa,"['W7M', 'Keyd']",640,16832,1092,1.1,1.05
Marcelious,"['Apeks', '777']",515,13889,667,1.07,1.05
Zellsis,"['Swole Patrol', 'Lazarus']",626,16210,803,1.07,1.05
nexa,"['OG', 'G2', 'Valiance', 'Imperial']",1340,35515,2088,1.09,1.05
rommi,"['Spirit Academy', 'HOLLYWOOD', 'PLINK', '1337']",516,13467,604,1.06,1.05
Flarich,"['HellRaisers', 'pro100']",1083,28855,1821,1.1,1.04
sdy,['Spirit'],1196,31437,2003,1.1,1.04
MarKE,"['Extra Salt', 'eUnited', 'Swole Patrol']",942,24236,1373,1.09,1.04
cadiaN,"['Heroic', 'Rogue']",1572,41536,2745,1.11,1.04
TeSeS,"['Heroic', 'Copenhagen Flames']",929,24783,1102,1.07,1.04
jkaem,"['Apeks', 'Renegades', 'FaZe', '100 Thieves']",1415,37483,1267,1.05,1.04
malta,"['Grayhound', 'Chiefs', 'Renegades']",1045,26614,1472,1.09,1.04
Kjaerbye,"['North', 'Dignitas', 'Astralis']",1549,40780,2094,1.08,1.04
FASHR,"['Lyngby Vikings', 'ECSTATIC', 'Defusekids']",811,21491,759,1.05,1.04
aumaN,['ViCi'],881,22587,1207,1.08,1.04
phzy,"['Sangal', 'Young Ninjas']",591,16012,1036,1.1,1.04
latto,"['00NATION', 'GODSENT', 'RED Canids']",426,11299,624,1.09,1.04
zewsy,"['Tainted Minds', 'Chiefs', 'Winterfox']",618,15666,667,1.06,1.04
STOMP,"['x-kom', 'Izako Boars', 'Illuminar', 'HONORIS']",809,21729,1329,1.1,1.04
fleav,"['Budapest Five', 'GameAgents']",586,15370,542,1.05,1.04
motm,"['ATK', 'Cloud9']",1055,27749,1100,1.06,1.04
DavCost,"['Spirit', '1WIN', 'INDE IRAE']",1330,35042,1936,1.09,1.04
Hiko,"['Liquid', 'Rogue']",937,24398,1532,1.1,1.04
Geniuss,"['Signature', 'Beyond', 'Lucid Dream']",398,10155,309,1.04,1.04
Aerial,"['HAVU', 'ENCE']",1058,28278,1222,1.06,1.04
Swisher,"['ATK', 'Bad News Bears']",775,20135,760,1.06,1.04
HSK,"['MVP PK', 'MVP Project', 'GOSU']",540,13851,845,1.1,1.04
Bubzkji,"['Tricked', 'Fragsters', 'MAD Lions', 'Astralis']",817,21619,963,1.07,1.04
Snax,"['Virtus.pro', 'Anonymo']",2204,58221,2834,1.07,1.04
ANDROID,"['Complexity', 'Envy']",835,21741,1036,1.07,1.04
Qikert,"['AVANGAR', 'Virtus.pro']",1338,35353,1827,1.08,1.04
land1n,"['paiN', 'Wild', 'Case']",819,21414,1314,1.1,1.04
skullz,"['paiN', 'W7M', 'Liberty', 'UNO MILLE']",429,11509,566,1.08,1.04
LOVEYY,"['Flash', 'VG.CyberZen', 'VG.Flash']",708,17977,699,1.06,1.04
n0rb3r7,"['K23', 'Winstrike', 'Syman']",1132,30205,817,1.04,1.04
eraa,"['Young Ninjas', 'GamerLegion']",687,18591,877,1.07,1.04
KHTEX,"['Paquetá', 'Wild', 'Virtue']",628,16208,867,1.08,1.04
b0denmaster,"['ATK', 'Lilmix']",682,18056,907,1.08,1.04
buster,"['AVANGAR', 'Virtus.pro']",1260,33293,1944,1.09,1.04
Davidp,"['3DMAX', 'Heretics']",774,20539,1009,1.08,1.03
tb,"['VG.CyberZen', 'CyberZen', 'ViCi']",619,15737,708,1.07,1.03
dEE,"['Juggernauts', 'lvlUP', '4glory', 'BLUEJAYS']",496,13121,625,1.07,1.03
flusha,['fnatic'],2036,53551,2460,1.07,1.03
tarik,"['CLG', 'Evil Geniuses', 'Cloud9', 'OpTic']",1438,37326,1316,1.05,1.03
REZ,"['Ninjas in Pyjamas', 'Epsilon']",1421,37366,1392,1.06,1.03
NK4Y,"['Outlaws', 'Bpro', 'ex-Epsilon']",480,12325,429,1.05,1.03
chawzyyy,"['Galaxy Racer', 'Apeks']",414,11057,503,1.07,1.03
TRAVIS,['1WIN'],590,15819,508,1.05,1.03
Kntz,"['Alpha Red', 'Beyond', 'NKT', 'NSPR']",552,14299,670,1.07,1.03
twist,"['GODSENT', 'fnatic', 'Ninjas in Pyjamas']",1830,48686,1716,1.05,1.03
Subroza,"['Ghost', 'FRENCH CANADIANS', 'CLG', 'Lazarus', 'Orgless']",623,16275,375,1.03,1.03
USTILO,"['Renegades', 'ORDER']",1153,29801,931,1.05,1.03
DeStiNy,"['Paquetá', 'Luminosity', 'INTZ', 'Wild']",1157,30072,794,1.04,1.03
refrezh,"['Sprout', 'Fragsters', 'Heroic', 'Copenhagen Flames', 'Tricked']",1095,29278,1184,1.06,1.03
yam,"['Renegades', 'Tainted Minds']",547,14003,650,1.07,1.03
Swahn,"['iNTACT', 'Bad News Bears', 'Detonate', 'BHOP']",487,12836,603,1.07,1.03
Lucky,"['Heretics', 'DBL PONEY', 'G2', 'HEET', '3DMAX']",1251,33421,1498,1.07,1.03
Thomas,['Endpoint'],993,26384,974,1.05,1.03
znajder,"['GODSENT', 'fnatic', 'EURONICS']",1050,27577,1070,1.06,1.03
max,"['9z', 'Isurus', 'Furious']",620,16452,678,1.06,1.03
kabal,"['IHC', '5POWER', 'TheMongolz', 'TIGER']",891,23460,961,1.06,1.03
Relaxa,"['Chaos', 'Red Reserve', 'Japaleno', 'Apeks', 'Galaxy Racer']",1204,32063,1931,1.1,1.03
DEV7L,['eXtatus'],549,14256,582,1.06,1.03
Patsi,"['Spirit', 'Espada', 'Spirit Academy']",585,15714,356,1.03,1.03
sjuush,"['Heroic', 'Tricked', 'MAD Lions']",922,24370,1037,1.07,1.03
alex,['Movistar Riders'],1363,36124,1494,1.06,1.03
captainMo,"['TYLOO', 'OneThree']",814,20980,617,1.04,1.03
RCF,"['Sharks', 'Yeah', 'High Coast']",680,17854,609,1.05,1.03
AiyvaN,"['pro100', ""spray'n'pray""]",701,18214,578,1.05,1.03
dobu,"['5POWER', 'TIGER', 'TheMongolz']",851,22370,627,1.04,1.03
KENSI,['forZe'],625,16931,818,1.08,1.03
Maden,"['ENCE', 'GODSENT', 'FunPlus Phoenix']",768,20486,376,1.03,1.03
kressy,"['ALTERNATE aTTaX', 'Sprout', 'EURONICS']",1106,29606,1167,1.06,1.03
J3nsyy,"['MASONIC', 'Lyngby Vikings']",472,12701,627,1.08,1.03
stfN,['ALTERNATE aTTaX'],1365,36267,1442,1.06,1.03
JUST,"['SAW', 'OFFSET']",1007,26616,890,1.05,1.03
aizy,"['North', 'Dignitas', 'FaZe']",1572,41414,1202,1.04,1.03
JonY BoY,"['Gale Force', 'Miami Flamingos', 'Furious', 'Isurus']",426,10943,344,1.05,1.03
shuadapai,"['5POWER', 'Eclipse']",549,14214,492,1.05,1.03
rain,['FaZe'],1691,44804,879,1.03,1.03
RIKO,"['Monstars', 'Denial']",406,10568,155,1.02,1.03
food,"['eUnited', 'Singularity', 'Freedom 35']",456,11711,380,1.05,1.03
dennis,"['Apeks', 'fnatic', 'Ninjas in Pyjamas', 'GamerLegion']",1580,41962,1131,1.04,1.03
Maluk3,['TeamOne'],1178,30543,1364,1.07,1.02
Forester,"['Entropiq', 'DreamEaters', 'Hard Legion']",1272,33915,1118,1.05,1.02
DiMKE,"['lvlUP', 'RESISTANCE', 'ONYX', '4glory']",663,17460,479,1.04,1.02
hoody,['HAVU'],575,15453,402,1.04,1.02
juho,"['ENCE', 'iGame.com']",774,20351,147,1.01,1.02
Blytz,"['Enterprise', 'Nexus']",437,11709,237,1.03,1.02
CyberFocus,"['Nemiga', 'K29', 'Rebels', 'Empire']",491,12779,320,1.04,1.02
kai,"['Bravos', 'C4', 'RED Canids']",483,12692,415,1.05,1.02
Snakes,"['Spacestation', 'The Quest', 'SoaR']",462,11923,410,1.05,1.02
pashaBiceps,"['Virtus.pro', 'ESC']",1597,41346,989,1.03,1.02
AMANEK,"['LDLC', 'G2', 'Misfits']",1110,29853,1285,1.07,1.02
smiley,"['Unique', '100PG', 'Se7en']",478,12883,631,1.08,1.02
kolor,"['GameAgents', 'Budapest Five', 'EURONICS']",579,15144,348,1.03,1.02
niko,"['Heroic', 'OpTic', 'OG']",1219,32232,1088,1.05,1.02
dragonfly,['Fragsters'],507,13234,502,1.06,1.02
imoRR,"['Eternal Fire', 'Sangal', 'Royal Bandits']",757,20296,118,1.01,1.02
jdm64,"['Liquid', 'CLG', 'Envy']",823,21321,825,1.06,1.02
fnx,"['Luminosity', 'Imperial', 'SK', 'Immortals', 'RED Canids', 'Não Tem Como']",690,17759,662,1.06,1.02
MonttY,"['eXtatus', 'eSuba']",522,13451,338,1.04,1.02
FANAT ROCKA,"['Unique', 'Quantum Bellator Fire', 'Space Jam']",465,12150,453,1.06,1.02
disco doplan,"['GODSENT', 'Epsilon', 'Galaxy Racer', 'Red Reserve']",1207,32000,1094,1.05,1.02
HS,"['Nordavind', 'PENTA']",1077,28801,409,1.02,1.02
Nico,"['Dignitas', 'CPH Wolves', 'Western Wolves']",399,10074,547,1.09,1.02
bondik,"['HellRaisers', 'FlipSid3', 'Winstrike']",1470,38637,1456,1.06,1.02
mouz,"['Kinguin', 'Illuminar']",1720,45715,1741,1.06,1.02
qqGOD,"['Signature', 'Beyond', 'Lucid Dream']",584,15180,280,1.03,1.02
cxzi,"['Triumph', 'Nouns']",577,15042,79,1.01,1.02
MoeycQ,"['Immunity', 'Chiefs', 'Ground Zero', 'AVANT']",639,16594,410,1.04,1.02
fl0m,['Mythic'],733,19384,602,1.05,1.02
spargo,"['KOVA', 'HAVU', 'hREDS']",556,15157,463,1.05,1.02
Goofy,"['9INE', 'Wisla Krakow', 'PACT', 'x-kom']",1250,33811,501,1.02,1.02
spaze,"['PiTER', 'Gambit', 'EPG']",538,14117,89,1.01,1.02
v1c7oR,"['Windigo', 'E-frag.net', 'Fiend']",1891,49359,1181,1.04,1.02
Markoś,"['AVEZ', 'Wisla Krakow']",750,20140,900,1.07,1.02
jedqr,"['Wisla Krakow', 'x-kom']",896,24220,770,1.05,1.02
Voltage,"['The Quest', 'Triumph', 'SoaR', 'Dignitas']",444,11421,571,1.08,1.02
Ace,"['Rise Nation', 'eUnited']",456,11866,570,1.08,1.02
dimasick,"['AVANGAR', 'pro100']",585,15322,447,1.04,1.02
Kylar,"['9INE', 'AVEZ', 'Anonymo']",733,19743,516,1.04,1.02
FaNg,"['Complexity', 'Extra Salt']",743,19379,518,1.04,1.02
Jyo,['Nemiga'],1248,33463,1169,1.05,1.02
queztone,['eXtatus'],709,18569,235,1.02,1.02
glowiing,"['1WIN', 'Trident', 'Cyber Legacy']",585,15672,155,1.01,1.02
ROBO,['Nemiga'],667,17746,628,1.05,1.02
steel,"['Chaos', 'Ghost', 'Torqued']",617,16290,261,1.02,1.02
fr0slev,"['AGF', 'Fragsters']",611,15973,470,1.04,1.02
KalubeR,"['Partizan', 'FATE', 'SKADE']",413,11133,271,1.04,1.02
LETN1,"['Valiance', 'Binary Dragons', 'iNation', 'CR4ZY']",1111,28880,1164,1.06,1.02
TENZKI,"['Nordavind', 'Dignitas']",1504,39564,1333,1.05,1.02
flamie,"['Natus Vincere', '1WIN']",1709,45254,1196,1.04,1.02
Spongey,"['Bad News Bears', 'Triumph']",843,21895,1017,1.08,1.02
fox,"['Giants', 'k1ck', 'Kinguin', 'OFFSET']",1058,27636,523,1.03,1.02
n0thing,"['Cloud9', 'Complexity']",813,21021,484,1.03,1.02
aidKiT,['BLUEJAYS'],457,12227,384,1.05,1.02
F1KU,"['OG', 'AGO']",695,18903,267,1.02,1.02
roca,"['Splyce', 'Echo Fox', 'Complexity', 'ELEVATE']",660,17324,195,1.02,1.02
j3kie,"['IKLA', 'Akuma', 'Iron Branch', 'Run or Die']",398,10740,148,1.02,1.02
Krad,"['Entropiq', 'DreamEaters', 'Hard Legion']",1309,34996,591,1.03,1.02
NBK-,"['Envy', 'G2', 'Vitality', 'OG', 'VeryGames']",2171,56999,1010,1.03,1.01
sLowi,['HAVU'],1210,32474,618,1.03,1.01
mar,"['FATE', 'Finest']",767,20359,415,1.03,1.01
flickz,"['Chiefs', 'Athletico', 'Dark Sided']",462,11642,354,1.05,1.01
Zyphon,"['Copenhagen Flames', 'Sprout']",521,13872,369,1.04,1.01
chrisJ,['MOUZ'],1727,45400,1085,1.04,1.01
iDk,"['TeamOne', 'Paquetá', 'Yeah']",986,25681,635,1.04,1.01
xCeeD,"['The Quest', 'Triumph', 'SoaR']",457,11806,173,1.02,1.01
yel,"['Luminosity', 'INTZ', 'MIBR']",970,25169,1016,1.06,1.01
Tuurtle,"['MIBR', 'DETONA', 'Bravos', 'C4']",883,23224,487,1.03,1.01
b0RUP,"['Tricked', 'Heroic', 'MAD Lions']",1524,40547,573,1.02,1.01
Xyp9x,"['Astralis', 'TSM']",2076,54267,2216,1.07,1.01
Lekr0,"['Ninjas in Pyjamas', 'Dignitas', 'fnatic', 'GODSENT']",1307,34928,814,1.03,1.01
desi,"['Winterfox', 'Complexity', 'SKDC']",430,10986,99,1.01,1.01
es3tag,"['Heroic', 'Tricked', 'Ninjas in Pyjamas']",1378,36090,817,1.03,1.01
Plopski,"['Ninjas in Pyjamas', 'x6tence Galaxy', 'Singularity']",1080,28625,789,1.04,1.01
1962,"['Isurus', 'Leviatan']",586,15244,17,1,1.01
MisteM,['ATK'],464,12092,102,1.01,1.01
EasTor,"['Movistar Riders', 'OFFSET']",503,13375,378,1.04,1.01
mitch,"['Selfless', 'Bad News Bears', 'Dignitas', 'Riot Squad']",807,20719,632,1.05,1.01
tatazin,"['paiN', 'Wild', 'Yeah', 'BigGods']",821,21516,1035,1.08,1.01
roseau,"['Recca', 'nxl']",418,10537,84,1.01,1.01
Maikelele,"['NoChance', 'GODSENT']",1075,28357,941,1.05,1.01
Noobster,"['Ground Zero', 'Paradox', 'SYF']",496,12790,203,1.02,1.01
Viva,"['Invictus', '5POWER', 'CyberZen']",597,15834,480,1.05,1.01
byali,"['Virtus.pro', 'AVEZ']",1957,51488,1309,1.04,1.01
obj,"['OFFSET', 'eXploit', 'Giants', 'AlienTech']",418,10936,423,1.06,1.01
Nodios,"['Tricked', 'Copenhagen Flames', 'x6tence']",890,23942,650,1.04,1.01
shokz,"['Movistar Riders', 'Finest']",735,19722,422,1.03,1.01
spyleadeR,"['E-frag.net', 'MK', 'GPlay']",900,23255,83,1,1.01
stadodo,"['FTW', 'SAW', 'OFFSET']",867,22941,695,1.05,1.01
PlesseN,"['Galaxy Racer', 'Chaos', 'Japaleno', 'Red Reserve', 'fnatic Academy']",1404,37789,128,1,1.01
kreaz,"['Finest', 'Apeks']",783,20866,586,1.04,1.01
Jinxx,"['Genuine', 'Taboo', 'Chiefs']",407,10684,305,1.04,1.01
mirbit,"['ALTERNATE aTTaX', 'EURONICS', 'Sprout', 'Nordavind']",866,23162,926,1.06,1.01
NENO,"['Binary Dragons', 'Valiance']",704,18205,526,1.04,1.01
hampus,"['Ninjas in Pyjamas', 'GamerLegion', 'Red Reserve', 'GODSENT']",1418,37698,195,1.01,1.01
szejn,"['Izako Boars', 'MOUZ NXT']",590,15762,179,1.02,1.01
JDC,"['MOUZ', 'MOUZ NXT', 'expert', 'Unicorns of Love', 'PANTHERS']",585,15354,207,1.02,1.01
Norwi,"['forZe', 'Trident']",491,13221,277,1.03,1.01
SHOCK,['SINNERS'],888,23849,510,1.03,1.01
Friis,"['SK', 'fnatic', 'Heroic', 'Tricked']",938,24254,747,1.05,1.01
Polt,"['1WIN', 'Unique']",537,14234,450,1.05,1.01
dazzLe,"['eUnited', 'Rise Nation', 'New Identity']",690,17971,-8,1,1.01
ayaya,"['Eclipse', 'Born Of Fire', 'Flash', 'AllGamers']",462,11695,102,1.01,1.01
apEX,"['Vitality', 'Envy', 'G2', 'Titan']",2089,54882,286,1.01,1.01
GruBy,"['AGO', 'UNGENTIUM']",1804,47970,569,1.02,1.01
Svedjehed,"['Lilmix', 'EYEBALLERS']",465,12647,296,1.04,1.01
HUGHMUNGUS,"['Chiefs', 'Legacy', 'Genuine', 'Funky Monkeys']",823,21329,435,1.03,1.01
Stewie2K,"['Cloud9', 'Liquid']",1525,39802,376,1.01,1.01
kalinka,"['HellRaisers', 'Playing Ducks']",855,22891,157,1.01,1.01
grux,"['Savage', 'Red Reserve', 'SMASH']",496,13236,230,1.03,1.01
SIXER,"['LDLC', 'Envy']",1150,30363,1221,1.06,1.01
to1nou,"['LDLC', 'LDLC White']",850,22377,520,1.04,1.01
delboNi,"['Imperial', 'Case', 'Yeah']",588,15279,259,1.03,1.01
clax,"['Trident', 'K23', 'Cyber Legacy', 'Singularity', 'EXTREMUM']",460,12263,275,1.03,1.01
jR,"['Vega Squadron', 'HellRaisers']",892,23804,554,1.04,1.01
DickStacy,"['Grayhound', 'Dark Sided']",625,15744,343,1.03,1.01
DESPE,['Space Soldiers'],468,12127,320,1.04,1.01
kioShiMa,"['Envy', 'Heretics', 'FaZe']",1495,39250,1292,1.05,1.01
pesadelo,"['TeamOne', 'RED Canids']",730,19030,36,1,1.01
capseN,"['ECLOT', 'Brute']",477,12701,475,1.06,1.01
FugLy,"['NRG', 'Liquid', 'Envy']",1083,28153,621,1.03,1.01
emagine,"['ORDER', 'Kings', 'Winterfox', 'Immunity']",751,18931,487,1.04,1.01
Nifty,"['Renegades', 'Envy', 'Selfless']",865,22686,310,1.02,1.01
J0LZ,"['Strife', 'OCG']",493,13009,93,1.01,1.01
MINISE,"['PACT', 'PRIDE', 'Kinguin']",1871,49905,605,1.02,1
reatz,"['PRIDE', 'Illuminar', 'Kinguin']",1579,42452,659,1.02,1
waterfaLLZ,"['Quantum Bellator Fire', 'PiTER', 'AVE', 'EPG']",906,24053,338,1.02,1
HexT,"['RBG', 'Carpe Diem']",557,14765,158,1.02,1
Zero,"['SINNERS', 'GamerLegion', 'HellRaisers']",1218,32433,944,1.05,1
ap0c,"['AVANT', 'Tainted Minds', 'Looking For Org', 'Chiefs']",950,24314,138,1.01,1
pounh,"['Playing Ducks', 'Imperial', '1337HUANIA']",401,10552,91,1.01,1
Edward,['Natus Vincere'],1495,39373,773,1.03,1
arT,['FURIA'],1050,27291,-11,1,1
Relyks,"['eUnited', 'Enemy', 'Selfless', 'New Identity']",832,21258,161,1.01,1
zqkS,"['Imperial', 'Yeah', 'Keyd']",824,21359,721,1.05,1
glace,"['North Academy', 'Tricked', 'Rogue', 'No Problem!']",589,15307,366,1.04,1
Oderus,"['Spacestation', 'BlackOut', 'The Pioneers']",473,12356,-52,0.99,1
1uke,"['Spirit Academy', 'HOLLYWOOD', 'PLINK']",623,16179,223,1.02,1
almazer,['forZe'],1334,35805,624,1.03,1
innocent,"['Anonymo', 'Illuminar']",1865,49333,471,1.01,1
xseveN,"['HAVU', 'ENCE', 'iGame.com']",1392,37013,481,1.02,1
kenzor,['pro100'],605,15796,57,1.01,1
hazed,"['CLG', 'Mythic']",736,19138,-81,0.99,1
xiaosaGe,"['5POWER', 'Invictus', 'UYA']",847,22333,35,1,1
CYPHER,['Into the Breach'],406,11054,-83,0.99,1
cbbk,"['Lucid Dream', 'Beyond']",404,10342,163,1.02,1
speed4k,"['DreamEaters', 'Nemiga']",840,22566,527,1.04,1
ImpressioN,"['BOOT-d[S]', 'BTRG', 'NKT', 'dream[S]cape']",684,17721,131,1.01,1
KILLDREAM,"['AlienTech', 'k1ck', 'Giants']",429,11159,-16,1,1
RoLEX,"['Signature', 'ZIGMA', 'Beyond', 'MiTH']",492,12610,33,1,1
magixx,['Spirit'],707,18734,415,1.04,1
zeff,['MVP PK'],482,12229,54,1.01,1
R0b3n,"['Unique', 'Space Jam', 'ex-ETHEREAL']",530,13950,208,1.02,1
cromen,['Nordavind'],653,17335,67,1.01,1
adreN,"['Liquid', 'Mythic']",697,18241,380,1.03,1
dzt,"['Imperial', 'Case', 'BigGods']",720,18637,144,1.01,1
Basso,['Copenhagen Flames'],600,15732,268,1.03,1
Tsogoo,"['Mazaalai', 'TheMongolz']",502,12846,75,1.01,1
void,"['Ground Zero', 'Dark Sided']",437,11368,127,1.02,1
pyth,"['Ninjas in Pyjamas', 'Vexed']",756,19801,-5,1,1
MODDII,"['Heroic', 'SK']",1170,30550,401,1.02,1
cam,"['Singularity', 'Gorilla Gang', 'Chaos']",544,13974,169,1.02,1
wiz,"['RBG', 'Carpe Diem', 'EG Black']",596,15791,376,1.04,1
Noktse,['Isurus'],872,22819,287,1.02,1
supra,"['Gambit Youngsters', 'Nordavind']",578,15542,77,1.01,1
fenvicious,"['Unique', 'Spirit Academy', 'EPG']",751,19647,45,1,1
deco,"['Isurus', 'Malvinas']",454,12077,96,1.01,1
mds,['Nemiga'],1188,31803,451,1.02,1
vice,"['Rogue', 'Cloud9']",493,12707,128,1.01,1
ragga,"['Nexus', 'Infinite']",456,12374,-29,1,1
SZPERO,"['Wisla Krakow', 'Kinguin', 'AGO']",2154,57062,762,1.02,1
STYKO,"['Apeks', 'HellRaisers', 'MOUZ', 'GODSENT']",1667,44088,421,1.01,1
Vegi,"['Anonymo', 'Virtus.pro', 'PACT', 'Illuminar']",885,24312,-128,0.99,1
Bååten,"['x6tence Galaxy', 'Red Reserve', 'fnatic Academy', 'Chaos']",743,19804,20,1,0.99
morelz,"['Illuminar', 'PRIDE', 'Virtus.pro']",1209,32192,-104,1,0.99
kyxsan,['BLUEJAYS'],459,12265,32,1,0.99
freddieb,"['Epsilon', 'GODSENT', 'Red Reserve']",1135,30119,180,1.01,0.99
Cabbi,"['ECSTATIC', 'Lyngby Vikings', 'AGF', 'MASONIC']",616,16526,-238,0.98,0.99
SEMPHIS,"['Splyce', 'TSM', 'Complexity']",848,21936,-33,1,0.99
dephh,['Complexity'],768,20106,-232,0.98,0.99
leo_drk,"['Sharks', '00NATION']",628,16205,-50,1,0.99
siuhy,"['GamerLegion', 'Izako Boars', 'MOUZ NXT']",603,16214,-103,0.99,0.99
YDNA,"['Breakaway', 'Funky Monkeys', 'Dark Sided']",435,11265,103,1.01,0.99
Lack1,"['Entropiq', 'Winstrike']",987,26495,-94,0.99,0.99
JIaYm,"['HellRaisers', 'bankaPEPSI']",564,15304,-256,0.98,0.99
gMd,"['Rogue', 'FRENCH CANADIANS', 'LiViD', 'Spacestation']",464,12098,-47,0.99,0.99
ALEX,"['LDLC', 'Vitality', 'fnatic']",1162,30750,-372,0.98,0.99
robiin,"['Endpoint', 'DenDD']",1557,41473,-49,1,0.99
markeloff,"['FlipSid3', 'HellRaisers']",1146,29704,485,1.03,0.99
Puls3,"['Endpoint', 'FMESPORTS']",436,11572,74,1.01,0.99
neptune,"['Ghost', ""Bee's Money Crew"", 'Recon 5']",498,13218,-23,1,0.99
xelos,"['Lemondogs', 'Epsilon', 'AliGon']",438,11568,-8,1,0.99
rbz,"['Paradox', 'Corvidae']",647,16903,138,1.01,0.99
BENDJI,"['Singularity', 'DenDD']",878,23318,137,1.01,0.99
MUTiRiS,"['SAW', 'k1ck', 'Giants']",1353,35475,174,1.01,0.99
uli,['KOVA'],603,16107,167,1.02,0.99
viz,"['EG White', 'Triumph', 'Party Astronauts']",420,10894,101,1.01,0.99
realz1n,"['W7M', 'Sharks', 'B4', 'FURIA Academy']",634,16804,140,1.01,0.99
jaxi,['Nexus'],472,12125,183,1.02,0.99
truth,['Apeks'],518,13914,-4,1,0.99
mopoz,['Movistar Riders'],1206,32051,-245,0.99,0.99
facecrack,"['forZe', 'PiTER']",1745,46552,-678,0.98,0.99
BARBARR,"['Epsilon', 'x6tence Galaxy', 'Singularity']",876,23180,-20,1,0.99
roman,"['SAW', 'k1ck', 'Giants']",1247,32712,52,1,0.99
chop,"['RBG', 'Carpe Diem', 'Kinship']",542,14408,48,1,0.99
Liki,"['Looking For Org', 'Dire Wolves']",417,10574,172,1.03,0.99
Jerry,['forZe'],1729,46610,184,1.01,0.99
jabbi,"['Heroic', 'Copenhagen Flames', 'Singularity']",872,23343,168,1.01,0.99
bodyy,"['G2', 'DBL PONEY', 'HEET']",1446,38487,-128,1,0.99
ANGE1,['HellRaisers'],1728,45027,-685,0.98,0.99
kaboose,"['Selfless', 'Vision']",549,14235,-305,0.97,0.99
VINI,"['Imperial', 'FURIA']",1035,27091,-40,1,0.99
freakazoid,"['Swole Patrol', 'Cloud9', 'Echo Fox']",940,24184,-158,0.99,0.99
Dimaoneshot,"['Spirit', 'Espada']",1315,34605,-550,0.98,0.99
Drone,"['Splyce', 'Envy']",454,11841,-168,0.98,0.99
ALLE,"['Paquetá', 'Liberty', 'Isurus', 'Redemption POA', 'C4']",515,13624,59,1.01,0.99
vanity,"['Chaos', 'eUnited', 'Gorilla Gang']",609,15688,80,1.01,0.99
AZR,"['Renegades', '100 Thieves']",1115,29102,-136,0.99,0.99
fitch,"['AVANGAR', 'Tengri', 'Gambit']",574,15207,-210,0.98,0.99
Djoko,"['HEET', 'DBL PONEY']",603,16064,-181,0.98,0.99
k1to,"['BIG', 'ALTERNATE aTTaX', 'Sprout']",1364,36301,-466,0.98,0.99
gade,"['North', 'North Academy', 'OpTic']",964,25326,-128,0.99,0.99
nbqq,['ECLOT'],405,10737,-91,0.99,0.99
nitr0,['Liquid'],1493,39062,181,1.01,0.99
krii,"['Wolsung', 'EPG']",434,11437,-4,1,0.99
SAGGERTON,"['iGame.com', 'RCTIC', 'LGR']",540,14097,-231,0.98,0.99
dukefissura,"['100PG', 'Unique']",394,10562,-170,0.98,0.99
bq,['Lilmix'],442,11874,-151,0.98,0.99
Lukki,"['Tricked', 'AGF', 'Singularity']",893,23437,-9,1,0.99
Dosia,"['Gambit', 'HellRaisers']",1450,38010,213,1.01,0.99
ryotzz,['W7M'],447,11613,-154,0.98,0.99
apocdud,"['VERTEX', 'Chiefs', 'Genuine']",772,19932,-63,1,0.99
NEKIZ,"['paiN', 'Luminosity']",1024,26937,-136,0.99,0.99
J1rah,"['ORDER', 'Breakaway']",803,20826,-29,1,0.98
DAVEY,"['Splyce', 'Mythic']",801,20713,-294,0.98,0.98
Stev0se,['EC Brugge'],476,12632,-116,0.99,0.98
djay,"['Party Astronauts', 'New England Whalers']",926,23937,-77,1,0.98
stellar,"['Party Astronauts', 'Vireo.pro', 'Divine', 'AA']",427,10968,26,1,0.98
Xizt,"['Ninjas in Pyjamas', 'fnatic']",1665,42830,507,1.02,0.98
kory,"['Sangal', 'Budapest Five', 'Salamander']",618,16587,-114,0.99,0.98
bubble,"['Windigo', 'E-frag.net', 'Fiend', 'SKADE']",2293,60236,407,1.01,0.98
Jonji,"['Bad News Bears', 'Rise Nation', 'Chaos']",1121,28701,-517,0.97,0.98
RUBINO,"['Dignitas', 'Nordavind', 'LGB']",998,26140,-170,0.99,0.98
AdreN,"['Gambit', 'HellRaisers', 'K23']",1767,46454,-217,0.99,0.98
ryann,"['Singularity', 'Swole Patrol', 'Envy', 'Gorilla Gang']",697,17857,-269,0.98,0.98
Spiidi,"['Sprout', 'MOUZ']",2152,57281,239,1.01,0.98
Zix,['Bpro'],400,10329,-166,0.98,0.98
ZEDKO,"['SINNERS', 'eXtatus']",1285,34134,-2,1,0.98
larsen,"['Tricked', 'Movistar Riders']",623,16519,73,1.01,0.98
DeathZz,['Movistar Riders'],553,14739,17,1,0.98
DeadFox,['HellRaisers'],807,21060,-54,1,0.98
Furlan,['AGO'],2170,57770,-792,0.98,0.98
DemQQ,"['Monte', 'CR4ZY', 'Akuma', 'B8']",542,14309,-4,1,0.98
zende,"['DenDD', 'Property']",397,10444,-1,1,0.98
Daffu,"['Lyngby Vikings', 'ECSTATIC', 'Copenhagen Flames']",717,19219,103,1.01,0.98
Fadey,"['ATK', 'Bravado']",830,21364,-452,0.97,0.98
anger,"['Mythic', 'Winterfox', 'Denial', 'Luminosity']",682,17700,-229,0.98,0.98
propleh,"['1WIN', 'Monolith', 'Spartak']",419,11133,-35,1,0.98
reversive,"['Isurus', 'Leviatan']",690,18069,-50,1,0.98
tifa,"['Imperial', 'BigGods', 'Keyd']",407,10476,-109,0.98,0.98
jnt,['Sharks'],680,17620,203,1.02,0.98
raalz,"['Copenhagen Flames', 'Lyngby Vikings', 'Sprout', 'Ambush']",1071,29159,-233,0.99,0.98
sXe,"['Nexus', 'XPC']",605,15708,-157,0.99,0.98
JACKZ,"['G2', 'EnVyUs Academy', '3DMAX']",1181,31439,-323,0.98,0.98
Perfecto,"['Natus Vincere', 'Syman']",798,21129,406,1.03,0.98
gla1ve,"['Astralis', 'CPH Wolves']",1783,47003,-83,1,0.98
kwezz,['Tricked'],835,22466,-89,0.99,0.98
Ex3rcice,"['HEET', 'DBL PONEY']",429,11536,-53,0.99,0.98
prt,"['TeamOne', 'DETONA']",776,20127,-92,0.99,0.98
Llamas,"['Ground Zero', 'Breakaway', 'SYF']",459,11767,-35,1,0.98
manguss,['Enterprise'],406,10945,73,1.01,0.98
notaN,"['MASONIC', 'Singularity', 'OPAA']",586,15635,-78,0.99,0.98
syken,"['expert', 'EURONICS']",413,10832,-248,0.97,0.98
Sapec,"['EYEBALLERS', 'Young Ninjas']",594,15945,-370,0.97,0.98
BURNRUOk,"['Ground Zero', 'Grayhound', 'Immunity']",860,22168,-518,0.97,0.98
Radifaction,"['Secret', 'Nordavind', 'NoChance', 'Apeks']",509,13632,-162,0.98,0.98
NickelBack,"['Entropiq', 'pro100', 'Winstrike']",1476,39427,-183,0.99,0.98
BIT,"['TeamOne', '9z']",735,19001,47,1,0.98
Boombl4,"['Natus Vincere', 'Winstrike', 'Quantum Bellator Fire']",1093,28952,-432,0.98,0.98
WOOD7,"['Fluxo', 'Bravos', 'MIBR', 'RED Canids']",653,17109,332,1.03,0.98
Sergiz,"['CR4ZY', 'Project X', 'Akuma', 'Windigo Academy']",465,12322,98,1.01,0.98
PERCY,"['Secret', 'Sprout', 'Tricked']",1032,27424,-381,0.98,0.98
RuStY,"['GamerLegion', 'Singularity']",1466,39774,-169,0.99,0.98
RUSH,"['Cloud9', 'Complexity', 'OpTic']",1488,38941,-353,0.99,0.98
FinigaN,['Espada'],559,15049,112,1.01,0.98
ice,"['100PG', 'Unique', 'AVANGAR']",504,13509,-262,0.97,0.98
sinnopsyy,"['Bad News Eagles', 'BLINK', 'Secret']",743,19968,-622,0.96,0.98
blocker,"['Windigo', 'FATE', 'Bpro']",895,23790,-523,0.97,0.97
RpK,"['Vitality', 'Envy', 'Titan', 'G2']",1499,39100,-617,0.98,0.97
isak,"['GamerLegion', 'Lilmix']",666,18005,-141,0.99,0.97
SHOOWTiME,"['Luminosity', 'Imperial']",1041,26969,-421,0.98,0.97
doto,"['HAVU', 'ENCE']",765,20596,-338,0.98,0.97
mono,"['x-kom', 'Illuminar', 'Izako Boars']",665,17776,-24,1,0.97
jmqa,"['Quantum Bellator Fire', 'PiTER', 'EPG']",922,24189,-273,0.98,0.97
leman,['AGO'],578,15582,-192,0.98,0.97
DeStRoYeR,"['Invictus', 'EHOME', 'BOOT']",600,15845,-235,0.98,0.97
seb,"['Ghost', 'New Identity', ""Bee's Money Crew""]",603,15586,-224,0.98,0.97
prosus,"['BIG Academy', 'ALTERNATE aTTaX']",405,10677,-257,0.97,0.97
byr9,"['IKLA', 'EC Kyiv']",475,12950,-146,0.98,0.97
droid,"['Iron Blood', 'AA']",476,12255,-97,0.99,0.97
kUcheR,"['HellRaisers', 'Virtus.pro']",852,22314,-145,0.99,0.97
SPELLAN,"['SKADE', 'Outlaws', 'Windigo', 'Epsilon']",1482,38809,-359,0.99,0.97
stk,"['Beyond', 'Signature', 'Alpha Red']",591,15136,-223,0.98,0.97
oskarish,"['x-kom', 'Illuminar', 'Anonymo', 'AGO']",1122,30064,-400,0.98,0.97
ELUSIVE,['Bravado'],397,10059,56,1.01,0.97
SOKER,"['Movistar Riders', 'x6tence', 'k1ck']",645,16934,-442,0.96,0.97
f4stzin,"['Yeah', 'paiN']",399,10760,-319,0.96,0.97
DEVIL,"['LDLC', 'Envy', 'LDLC White', '3DMAX']",636,16582,-291,0.97,0.97
gabesson,"['GameAgents', 'volgare']",441,11654,-264,0.97,0.97
MAIROLLS,"['Alpha Red', 'Beyond', 'NSPR']",498,12894,-226,0.97,0.97
PKL,"['paiN', 'Luminosity', 'Wild']",1221,31922,-441,0.98,0.97
Mayker,"['Genuine', 'Chiefs', 'Surge']",433,11216,-220,0.97,0.97
PR1mE,['Tricked'],623,16823,-345,0.97,0.97
KHRN,"['SJ', 'HAVU']",935,24443,-245,0.98,0.97
Leaf,"['Lucid Dream', 'Maple', 'Signature']",398,10120,-71,0.99,0.97
Keoz,"['Syman', 'LDLC', 'K23']",906,24141,-802,0.95,0.97
reltuC,['CLG'],865,22664,-74,1,0.97
niki1,"['FATE', 'Bpro', 'Outlaws']",1142,29910,-647,0.97,0.97
Hyper,"['AGG', 'Vexed', 'Kinguin', 'Izako Boars']",646,16949,-167,0.99,0.96
chopper,"['Spirit', 'Vega Squadron']",1172,31096,-423,0.98,0.96
Queenix,"['ECSTATIC', 'MASONIC', 'x6tence']",620,16706,-234,0.98,0.96
Kristou,"['Astralis Talent', 'AGF', 'North']",481,12826,-342,0.96,0.96
LUCAS1,"['Immortals', 'Luminosity', 'MIBR', 'Tempo Storm']",943,24480,-481,0.97,0.96
The eLiVe,"['Enterprise', 'Universe']",617,16750,-274,0.98,0.96
SADDYX,['SJ'],653,17513,-341,0.97,0.96
Maniac,"['LDLC', 'Titan']",837,22049,-388,0.97,0.96
bodito,"['Budapest Five', 'Salamander', 'Pixel', 'ONYX', 'Sensei']",478,12798,-421,0.95,0.96
seized,['Natus Vincere'],1566,41279,-776,0.97,0.96
misutaaa,"['Falcons', 'Vitality']",577,15451,-368,0.96,0.96
kaper,"['AGO', 'Kinguin', 'Wisla Krakow', 'adwokacik']",536,14240,-168,0.98,0.96
SmithZz,"['G2', 'Titan', 'VeryGames', 'Envy', 'LDLC']",1168,30301,-563,0.97,0.96
expro,"['Lynn Vision', 'Invictus', 'EHOME']",498,13192,-274,0.97,0.96
Drea3er,"['New4', 'FIVE', 'BTRG']",418,10753,-374,0.95,0.96
stanislaw,"['Evil Geniuses', 'OpTic', 'Complexity', 'Liquid']",1411,36546,-483,0.98,0.96
phr,"['AGO', 'Illuminar']",1384,37015,-501,0.98,0.96
maeVe,"['Tricked', 'Escape', 'Reason']",487,12606,-131,0.98,0.96
Surreal,"['Endpoint', 'Epsilon', 'Complexity']",1633,42907,-881,0.97,0.96
w1nt3r,"['AVANGAR', '100PG', 'Unique', 'Se7en', 'BOOT-d[S]']",626,16747,-197,0.98,0.96
starix,"['Natus Vincere', 'Spirit']",640,16850,-311,0.97,0.96
HOLMES,['Squared'],462,12092,-367,0.96,0.96
JazzPimp,"['Recon 5', 'Gaimin Gladiators', 'ChocoCheck']",496,13025,-362,0.96,0.96
xms,"['Envy', 'Heretics', 'LDLC']",712,18783,-624,0.95,0.96
ProbLeM,"['HellRaisers', 'bankaPEPSI']",616,16718,-347,0.97,0.96
Uber,"['Enemy', 'Complexity', 'Selfless']",398,10027,-299,0.96,0.96
Marek,"['YK', 'EHOME', 'After']",439,11573,-265,0.97,0.96
Kairi,"['x6tence', 'PENTA']",407,10374,-236,0.97,0.96
glow,['MVP PK'],395,10045,-99,0.98,0.96
TMB,"['Copenhagen Flames', 'MAD Lions', 'AGF']",853,22897,-666,0.96,0.96
nafany,"['Gambit Youngsters', 'Gambit']",934,24838,-841,0.95,0.96
nosraC,"['Nouns', 'Rebirth', 'Gaimin Gladiators', 'ChocoCheck', 'Recon 5']",612,16200,-456,0.96,0.96
Kvik,"['Quantum Bellator Fire', 'Winstrike']",785,20509,-688,0.95,0.96
LOGAN,"['LDLC', 'Heretics']",590,15692,-300,0.97,0.96
smF,"['CPH Wolves', 'Secret']",838,21953,-382,0.97,0.96
Aleksib,"['OG', 'ENCE', 'HAVU']",1080,28650,-460,0.98,0.96
RZU,"['Triumph', 'Bad News Bears', 'Brazen']",502,13085,-554,0.94,0.96
tiziaN,"['BIG', 'ALTERNATE aTTaX']",1785,47248,-966,0.97,0.96
0i,"['Invictus', 'New4', 'FIVE', 'After']",492,12863,-437,0.95,0.96
ponczek,"['Wisla Krakow', 'UNGENTIUM']",585,15685,-248,0.98,0.96
nbl,['Isurus'],611,15786,-523,0.95,0.96
YJ,['W7M'],514,13425,-71,0.99,0.96
Walco,"['EG Black', 'RBG', 'Carpe Diem']",587,15560,-545,0.95,0.96
kinqie,"['DreamEaters', 'Hard Legion']",632,16798,-607,0.95,0.95
oxygeN,"['SKADE', 'OG Academy']",604,16295,-401,0.96,0.95
NEO,"['Virtus.pro', 'HONORIS']",2037,53165,-1558,0.96,0.95
dezon,"['Galaxy Racer', 'Savage', 'Japaleno']",555,14946,-248,0.97,0.95
SEMINTE,"['Nexus', 'XPC']",737,19460,-601,0.95,0.95
denis,"['Sprout', 'MOUZ']",1840,48974,-1863,0.95,0.95
MAJ3R,"['Space Soldiers', 'Sangal']",1134,29791,-623,0.97,0.95
alexRr,"['expert', 'Planetkey', 'DIVIZON']",433,11346,-554,0.93,0.95
dumz,"['DenDD', 'Singularity', 'Manatee']",455,12074,-320,0.96,0.95
tahsiN,"['PENTA', 'Berzerk', 'KILLERFISH']",606,15760,-671,0.94,0.95
Snappi,"['ENCE', 'Heroic', 'OpTic']",1663,43933,-1133,0.96,0.95
rafftu,"['SKADE', 'Bpro', 'FATE']",541,14489,-433,0.96,0.95
friberg,"['Ninjas in Pyjamas', 'Dignitas', 'Heroic']",1965,51191,-1729,0.95,0.95
Grus,"['Apeks', '777']",603,16427,-831,0.93,0.95
Console,"['Tricked', 'ALTERNATE aTTaX', 'Copenhagen Flames', 'Singularity']",708,18612,-582,0.95,0.95
CONNOR93,"['Ghost', ""Bee's Money Crew"", 'BlackOut', 'The Pioneers']",449,11544,-457,0.94,0.95
soju_j,"['Legacy', 'AVANT', 'Chiefs', 'Dire Wolves']",554,14231,-410,0.96,0.95
KrizzeN,"['AVANGAR', 'Winstrike']",763,20020,-368,0.97,0.95
H4RR3,"['Nordavind', '777']",689,18503,-812,0.94,0.95
dERZKIY,"['K29', 'ANOX']",419,10917,-406,0.95,0.95
devoduvek,"['LDLC', 'Misfits', 'Heretics']",668,17752,-636,0.95,0.95
maNkz,"['ECSTATIC', 'Lyngby Vikings', 'Copenhagen Flames']",831,22388,-780,0.95,0.95
steel,"['Movistar Riders', 'Luminosity', 'Immortals']",1483,38801,-984,0.96,0.95
AcilioN,"['Copenhagen Flames', 'SK', 'Apeks']",1800,47479,-1535,0.95,0.95
caike,"['g3x', 'Yeah', 'Isurus', 'TeamOne']",534,14037,-456,0.95,0.95
flashie,"['GameAgents', 'Orgless']",594,15719,-518,0.95,0.95
beastik,['SINNERS'],876,23528,-870,0.95,0.95
darko,['PACT'],826,22409,-868,0.94,0.95
strux1,"['PENTA', '3DMAX', 'Planetkey']",403,10276,-246,0.96,0.95
ecfN,['ALTERNATE aTTaX'],426,11214,-471,0.94,0.95
RAiLWAY,"['INDE IRAE', 'Espada']",522,14073,-767,0.93,0.95
Inzta,"['Tricked', 'Singularity']",754,19798,-849,0.94,0.94
TaZ,"['HONORIS', 'Virtus.pro', 'Kinguin']",2314,60964,-2030,0.95,0.94
uNdo,"['Unique', 'Quantum Bellator Fire', 'Space Jam']",432,11267,-371,0.95,0.94
Karsa,"['Flash', 'OneThree', 'EHOME']",461,11782,-319,0.96,0.94
kzy,"['EURONICS', 'ALTERNATE aTTaX', 'Unicorns of Love']",991,25840,-835,0.95,0.94
Fifflaren,['Ninjas in Pyjamas'],538,13220,-40,0.99,0.94
TOAO,"['AGO', 'Izako Boars']",1228,32825,-1164,0.95,0.94
SileNt,"['Swole Patrol', 'Method', 'NRG']",624,16235,-788,0.93,0.94
boX,"['Nemiga', 'GoodJob']",1353,36128,-1423,0.94,0.94
Twixie,"['KOVA', 'HAVU']",767,20821,-780,0.94,0.94
BRACE,['VERTEX'],460,11892,-500,0.94,0.94
Shakezullah,"['Triumph', 'Bad News Bears', 'Singularity', 'iNTACT']",859,22364,-450,0.97,0.94
Rock1nG,"['SKADE', 'Outlaws', 'Bpro']",923,24313,-1142,0.93,0.94
tonyblack,['Spirit'],826,21699,-725,0.95,0.94
kade0,"['K23', 'AVANGAR', 'Syman']",395,10709,-425,0.94,0.94
JT,"['Complexity', 'Extra Salt', 'Bravado', 'ATK', 'Cloud9']",1153,29945,-1256,0.94,0.94
Duplicate,"['SKADE', 'FATE']",896,23908,-992,0.94,0.94
arch,"['Preparation', 'Spirit', 'Worst Players']",593,15530,-658,0.94,0.94
interz,"['Gambit Youngsters', 'Gambit']",908,24175,-159,0.99,0.94
RIZZZ,"['OFFSET', 'Giants']",434,11367,-566,0.93,0.94
LOMME,"['North Academy', 'Tricked', 'No Problem!']",623,16172,-532,0.95,0.94
Ex6TenZ,"['Titan', 'LDLC', 'VeryGames', 'G2']",1393,36352,-1064,0.96,0.94
ub1que,"['EPG', 'PiTER', 'Preparation']",491,12691,-496,0.94,0.94
Sidney,"['UNGENTIUM', 'AGO', 'PACT', 'Illuminar']",603,16222,-575,0.95,0.94
arvid,['SJ'],963,25840,-1274,0.93,0.94
Noisia,"['AVANT', 'Breakaway', 'Dark Sided']",579,15033,-616,0.94,0.94
ngiN,"['Space Soldiers', 'Sangal']",1025,26895,-748,0.96,0.94
forget,"['5POWER', 'UYA']",442,11512,-734,0.91,0.94
ztr,"['Young Ninjas', 'Ninjas in Pyjamas']",526,14143,-660,0.93,0.94
Patrick,"['500', 'FATE']",469,12689,-699,0.92,0.94
repo,"['PRIDE', 'ESC', 'AGG', 'Vexed']",505,13254,-657,0.93,0.94
EXUS,"['PRIDE', 'Izako Boars']",942,25185,-1249,0.93,0.94
tutehen,"['VELOX', 'Isurus', 'Gale Force', 'Miami Flamingos']",450,11640,-422,0.95,0.93
dan1,['BLUEJAYS'],441,11842,-540,0.93,0.93
kiR,['Tricked'],690,18584,-1064,0.92,0.93
Polly,"['LGB', 'London Conspiracy', 'Apeks']",461,11987,-611,0.93,0.93
hutji,['Vega Squadron'],453,12010,-664,0.92,0.93
crisby,"['ALTERNATE aTTaX', 'EURONICS', 'Unicorns of Love']",1210,31547,-1814,0.92,0.93
neaLaN,"['K23', 'Syman']",1129,30154,-1479,0.93,0.93
emi,"['Valiance', 'Binary Dragons', 'iNation']",1163,30468,-1497,0.93,0.93
SkulL,"['Antic', 'Genuine', 'Taboo', 'Masterminds', 'Chiefs']",633,16535,-1131,0.91,0.93
matty,"['EC Brugge', 'Izako Boars']",617,16381,-836,0.93,0.93
mynio,"['9INE', 'Wisla Krakow', 'Anonymo']",901,24195,-1492,0.91,0.93
stYleEeZ,['BLUEJAYS'],401,10728,-429,0.94,0.93
quix,"['Lilmix', 'Vexed', 'Publiclir.se']",977,25847,-1957,0.9,0.93
hitMouse,"['Nemiga', 'K29']",538,14028,-625,0.93,0.92
aVN,"['4glory', 'lvlUP']",618,16535,-812,0.93,0.92
Xp3,"['Winterfox', 'Denial', 'ELEVATE']",502,13113,-792,0.91,0.92
S0tF1k,"['Spirit', 'Espada']",1320,34796,-1994,0.92,0.92
pNshr,"['Windigo', 'ex-Outlaws']",600,15671,-812,0.92,0.92
TACO,"['SK', 'MIBR', 'GODSENT', 'Liquid', 'Luminosity']",1468,38207,-1584,0.94,0.92
arki,['SAW'],889,23396,-1274,0.92,0.92
SANJI,"['Virtus.pro', 'AVANGAR', 'Syman']",743,19879,-998,0.92,0.92
sorrow,"['100PG', 'Unique', 'AVANGAR']",456,12239,-825,0.9,0.92
Zeus,['Natus Vincere'],1405,37152,-1990,0.92,0.92
MSL,"['Dignitas', 'North']",1747,45678,-3390,0.9,0.92
Luz,"['PRIDE', 'Izako Boars']",660,17302,-994,0.92,0.92
dobbo,"['Into the Breach', 'GamerLegion']",445,12084,-575,0.93,0.92
arya,"['Splyce', '3sUP']",440,11291,-868,0.89,0.92
akez,"['777', 'Apeks']",550,14806,-1043,0.9,0.92
nak,"['Sharks', 'RED Canids']",519,13439,-700,0.92,0.92
SENER1,"['Bad News Eagles', 'BLINK']",473,12609,-706,0.92,0.92
svyat,"['Hard Legion', 'DreamEaters', 'AVE']",734,19717,-1060,0.92,0.91
Dav,"['Squared', 'ONYX', 'iNation']",468,12095,-822,0.9,0.91
xartE,"['SJ', 'HAVU', 'ENCE', 'hREDS']",1155,30358,-1660,0.92,0.91
BTN,['Nexus'],1177,31004,-2314,0.9,0.91
ncl,"['Mazaalai', 'TheMongolz', 'TIGER']",546,14042,-764,0.92,0.91
LEGIJA,"['BIG', 'MOUZ', 'NRG']",869,22614,-1671,0.9,0.91
roman,"['Nemiga', 'K29']",414,10880,-664,0.91,0.91
karrigan,"['FaZe', 'MOUZ', 'TSM']",2103,55200,-3895,0.9,0.91
wayLander,"['FlipSid3', 'pro100', 'Winstrike']",794,20857,-1715,0.89,0.91
BONA,"['SJ', 'VITALIS', 'hREDS']",476,12674,-943,0.89,0.91
sAw,"['HAVU', 'iGame.com', 'RCTIC']",1267,33681,-2108,0.91,0.9
coolio,"['Budapest Five', 'Salamander', 'ONYX']",396,10638,-649,0.91,0.9
kRYSTAL,"['PENTA', 'ALTERNATE aTTaX', 'GODSENT']",1888,49380,-3495,0.9,0.9
ben1337,"['Party Astronauts', 'New England Whalers']",988,25718,-1830,0.9,0.9
crush,"['pro100', 'Vega Squadron', 'HellRaisers']",732,19295,-1476,0.89,0.9
balblna,"['Quantum Bellator Fire', 'Winstrike']",612,16045,-1236,0.89,0.9
sycrone,"['Sprout', 'North Academy', 'Tricked', 'Team123']",553,14608,-978,0.9,0.9
nkl,"['E-frag.net', 'GPlay', 'MK', 'Orbit']",642,16554,-1046,0.91,0.9
Golden,"['fnatic', 'fnatic Academy', 'Cloud9']",873,23240,-2016,0.88,0.9
hooch,"['EPG', 'Gambit']",897,23538,-1828,0.89,0.9
MiGHTYMAX,['Endpoint'],1289,34220,-2409,0.89,0.9
FNS,"['CLG', 'TSM']",953,25080,-1794,0.89,0.89
spiker,"['Monolith', 'PiTER', 'Empire', 'Rebels']",415,10974,-974,0.88,0.89
Psycho,"['Project X', 'CR4ZY', 'Akuma', 'Windigo Academy', 'Run or Die']",514,13708,-1066,0.89,0.89
JiNKZ,"['3DMAX', 'Heretics']",542,14411,-1193,0.88,0.89
MAiNLiNE,"['Enemy', 'Selfless', 'eUnited', 'Method']",437,11092,-1064,0.87,0.89
pronax,"['fnatic', 'GODSENT']",1199,31403,-2267,0.89,0.89
lunAtic,['PACT'],995,27029,-2082,0.89,0.89
Polen,['Mythic'],435,11470,-978,0.88,0.89
Adam9130,"['Into the Breach', 'GamerLegion', 'Vexed']",618,16821,-1633,0.87,0.89
IceBerg,"['Tricked', 'Singularity', 'Ambush']",590,15816,-1844,0.84,0.88
Lambert,"['LDLC', 'EnVyUs Academy']",775,20411,-1581,0.88,0.88
LeX,"['Mythic', 'Winterfox', 'Luminosity']",463,11937,-1263,0.85,0.88
torben,['Fragsters'],532,13939,-1196,0.87,0.88
seang@res,"['Cloud9', 'Misfits', 'Echo Fox']",713,18391,-1629,0.87,0.88
ScrunK,"['Sangal', 'ALTERNATE aTTaX', 'expert']",1061,28342,-3033,0.85,0.88
daps,"['NRG', 'OpTic', 'Gen.G']",1075,28101,-2364,0.87,0.88
flowsicK,"['Denial', 'Winterfox', 'Liquid']",395,10074,-1047,0.86,0.87
birdfromsky,"['Copenhagen Flames', 'Lyngby Vikings', 'ECSTATIC']",927,25162,-2476,0.86,0.87
BERRY,"['Ambush', 'OPAA']",808,21174,-2410,0.84,0.87
nawrot,"['AVEZ', 'Izako Boars']",606,16271,-1769,0.85,0.87
advent,"['ViCi', 'VG.CyberZen']",1145,29451,-2351,0.87,0.87
def,"['pro100', 'ACG']",605,15797,-1593,0.85,0.86
HooXi,['Copenhagen Flames'],860,22843,-2463,0.84,0.86
djL,"['Chaos', 'Japaleno', 'Red Reserve']",688,18180,-1735,0.86,0.86
Devilwalk,"['fnatic', 'Epsilon']",408,10717,-1146,0.84,0.86
gob b,"['BIG', 'MOUZ', 'NRG']",978,25799,-2828,0.84,0.85
Slemmy,"['Complexity', 'Cloud9', 'Selfless']",445,11663,-1313,0.83,0.85
simix,['EC Brugge'],394,10543,-1355,0.81,0.83
PASHANOJ,"['Unique', 'ex-ETHEREAL']",620,16227,-2371,0.8,0.83
B1ad3,['FlipSid3'],899,23232,-3408,0.8,0.83
netrick,"['AGF', 'unknown', 'LPSP', 'Forcebuy']",455,11976,-1736,0.8,0.82
HUNDEN,"['Tricked', 'ALTERNATE aTTaX']",1578,41153,-6238,0.78,0.81
RuFire,"['SG.pro', '5balls', 'VP.Prodigy']",398,10563,-1980,0.75,0.78
OCEAN,"['subtLe', 'SKDC', 'Splyce']",410,10602,-1962,0.74,0.77
